id_produto,nome_produto,categoria,marca
10,Notebook X,Eletrodomésticos,HP
20,Monitor Ultra,Eletrodomésticos,Samsung
30,Mesa Digitalizadora Plus,Móveis,LG
40,Notebook Gamer,Informática,Sony
50,Headset Ultra,Informática,Samsung
60,Notebook V2,Móveis,HP
70,Gabinete Ultra,Informática,Lenovo
80,Teclado Ultra,Games,Logitech
90,Mouse Basic,Eletrônicos,Asus
100,Mesa Digitalizadora X,Informática,Lenovo
110,Webcam Pro,Acessórios,Sony
120,Mesa Digitalizadora Plus,Games,HP
130,Gabinete Basic,Informática,Apple
140,Teclado V2,informática,Logitech
150,Cadeira Gamer X,eletrônicos,Samsung
160,Smartphone Plus,Eletrônicos,Pichau
170,Cadeira Gamer Basic,Eletrônicos,Logitech
180,Cadeira Gamer Ultra,Eletrodomésticos,Apple
190,Webcam Gamer,Eletrodomésticos,Dell
200,Gabinete Plus,Informática,Asus
210,Webcam X,Informática,Logitech
220,Teclado Plus,Informática,Logitech
230,Cadeira Gamer Ultra,Eletrônicos,Sony
240,Mouse Pro,Eletronicos,Sony
250,Cadeira Gamer V2,Games,Apple
260,Monitor Ultra,Informática,Apple
270,Notebook Ultra,Eletrodomésticos,LG
280,Teclado X,Games,Samsung
290,Webcam V2,Eletrodomésticos,Samsung
300,Gabinete Basic,Informática,Apple
310,Monitor Pro,Eletrodomésticos,Apple
320,Webcam X,Eletrônicos,LG
330,Webcam X,Eletrônicos,Lenovo
340,Smartphone Basic,Acessórios,Logitech
350,Teclado Basic,Acessórios,Lenovo
360,Monitor Pro,Games,Logitech
370,Headset Gamer,Eletrônicos,LG
380,Mouse Basic,Móveis,Asus
390,Gabinete Pro,Informática,Asus
400,Headset Plus,Móveis,Apple
410,Gabinete Ultra,games,
420,Smartphone V2,Móveis,Dell
430,Teclado Basic,Móveis,HP
440,Monitor Gamer,Móveis,HP
450,Webcam Pro,Eletrodomésticos,Pichau
460,Mouse X,Informática,HP
470,Teclado Basic,Games,Asus
480,Teclado X,Eletrônicos,Lenovo
490,Mesa Digitalizadora Gamer,Acessórios,LG
500,Mouse Gamer,Móveis,Lenovo
510,Gabinete Ultra,Móveis,Pichau
520,Mouse Plus,Eletrônicos,Samsung
530,Gabinete Gamer,Informática,Asus
540,Smartphone Plus,Acessórios,Samsung
550,Teclado Ultra,Moveis,Samsung
560,Smartphone Pro,Acessórios,Samsung
570,Notebook Basic,Eletrodomésticos,LG
580,Mesa Digitalizadora Ultra,Eletrodomésticos,HP
590,Smartphone Basic,Eletrônicos,LG
600,Teclado Gamer,Eletrodomésticos,Apple
610,Monitor X,Informática,Asus
620,Mesa Digitalizadora V2,Games,Sony
630,Webcam Plus,Informática,HP
640,Webcam Plus,Eletrodomésticos,Apple
650,Teclado Basic,Móveis,Pichau
660,Notebook Gamer,Moveis,Sony
670,Teclado V2,Informática,Pichau
680,Cadeira Gamer X,Eletrodomésticos,Dell
690,Gabinete Gamer,Informática,Pichau
700,Cadeira Gamer X,Informática,Pichau
710,Smartphone Ultra,Móveis,Sony
720,Gabinete Plus,Games,Logitech
730,Notebook Pro,Eletrodomésticos,LG
740,Teclado Basic,Informática,Asus
750,Cadeira Gamer Ultra,Informatica,Samsung
760,Notebook Basic,Informática,Asus
770,Monitor V2,Móveis,Sony
780,Teclado Plus,Móveis,LG
790,Webcam V2,Acessórios,HP
800,Notebook V2,Móveis,Samsung
810,Headset Gamer,Games,Logitech
820,Gabinete Basic,Games,Lenovo
830,Monitor Plus,Informática,LG
840,Cadeira Gamer Pro,Eletrodomésticos,Lenovo
850,Teclado Basic,Móveis,Logitech
860,Gabinete Pro,acessórios,
870,Smartphone V2,Eletrodomésticos,Logitech
880,Mouse Ultra,Eletrônicos,Lenovo
890,Smartphone Basic,Informática,HP
900,Gabinete Plus,Games,Apple
910,Smartphone Ultra,Móveis,Logitech
920,Mesa Digitalizadora Ultra,Eletrodomésticos,Dell
930,Monitor Gamer,Eletrônicos,Asus
940,Smartphone Gamer,Games,Sony
950,Headset Pro,Móveis,Samsung
960,Mesa Digitalizadora Ultra,Eletrônicos,Samsung
970,Headset Plus,Informática,Logitech
980,Notebook V2,Informática,Sony
990,Smartphone Basic,Eletrônicos,Dell
1000,Notebook X,Informática,LG
1010,Headset Plus,Informatica,Sony
1020,Webcam Ultra,Eletrônicos,LG
1030,Webcam Pro,Móveis,Logitech
1040,Webcam Gamer,Informática,LG
1050,Cadeira Gamer Ultra,Acessórios,Lenovo
1060,Gabinete X,Eletrodomésticos,Apple
1070,Gabinete Pro,eletrodomésticos,
1080,Gabinete X,Eletrodomésticos,HP
1090,Teclado V2,Eletrônicos,LG
1100,Headset Gamer,Acessórios,HP
1110,Cadeira Gamer X,Games,Apple
1120,Notebook Ultra,Games,Logitech
1130,Notebook Basic,Móveis,Samsung
1140,Mesa Digitalizadora Pro,Acessórios,Dell
1150,Mesa Digitalizadora Plus,Eletrônicos,Logitech
1160,Monitor Basic,Eletrodomésticos,Asus
1170,Headset Pro,Móveis,Sony
1180,Headset V2,Acessórios,Sony
1190,Mesa Digitalizadora Gamer,Acessórios,LG
1200,Mesa Digitalizadora Basic,Móveis,LG
1210,Mesa Digitalizadora V2,Eletrodomésticos,LG
1220,Cadeira Gamer V2,Acessórios,Asus
1230,Gabinete Basic,Acessórios,Asus
1240,Monitor Pro,Informática,Logitech
1250,Headset Basic,Eletrodomésticos,Asus
1260,Teclado Gamer,Eletrodomésticos,Sony
1270,Monitor V2,móveis,
1280,Notebook Pro,Eletrônicos,LG
1290,Notebook Basic,Games,Apple
1300,Headset X,games,Dell
1310,Mouse Ultra,Informática,LG
1320,Smartphone Gamer,Eletrônicos,Samsung
1330,Smartphone V2,eletrodomésticos,LG
1340,Teclado V2,Informática,HP
1350,Mouse Pro,Informática,Lenovo
1360,Mouse Plus,Eletrônicos,LG
1370,Monitor Gamer,Eletrônicos,HP
1380,Cadeira Gamer Plus,Moveis,Asus
1390,Mouse Plus,Games,Logitech
1400,Webcam Pro,Eletrônicos,Logitech
1410,Smartphone Basic,Móveis,Lenovo
1420,Cadeira Gamer X,Acessórios,Logitech
1430,Gabinete Pro,Móveis,Apple
1440,Monitor Basic,Games,Sony
1450,Teclado Basic,Móveis,Samsung
1460,Gabinete Gamer,Acessórios,Samsung
1470,Smartphone V2,Eletrônicos,Pichau
1480,Headset Ultra,acessórios,Pichau
1490,Headset Plus,Eletrodomésticos,Pichau
1500,Mouse Basic,Eletrônicos,Samsung
1510,Notebook V2,Móveis,Samsung
1520,Headset Gamer,Móveis,Sony
1530,Monitor X,Games,LG
1540,Teclado V2,Games,Samsung
1550,Mouse Pro,Eletrônicos,HP
1560,Smartphone Ultra,Móveis,Pichau
1570,Mesa Digitalizadora Plus,Eletrodomésticos,Pichau
1580,Smartphone Gamer,Eletrodomésticos,Logitech
1590,Webcam Basic,Informatica,Logitech
1600,Mouse Plus,Acessórios,Pichau
1610,Monitor X,Móveis,Lenovo
1620,Mouse Ultra,Informática,LG
1630,Mouse V2,Eletrônicos,LG
1640,Gabinete Gamer,Games,Lenovo
1650,Mouse Gamer,Móveis,Asus
1660,Monitor Basic,Móveis,Pichau
1670,Teclado Plus,Games,Apple
1680,Notebook Pro,Informática,Lenovo
1690,Cadeira Gamer Gamer,Eletrônicos,Lenovo
1700,Notebook Pro,Eletrodomésticos,HP
1710,Mesa Digitalizadora Plus,Games,Dell
1720,Smartphone Ultra,Eletrônicos,HP
1730,Webcam Plus,Móveis,Asus
1740,Headset X,Eletrônicos,HP
1750,Mouse X,Acessórios,Samsung
1760,Headset Pro,Móveis,HP
1770,Teclado Plus,Eletrônicos,Pichau
1780,Monitor Gamer,Moveis,Asus
1790,Teclado Ultra,Eletrônicos,Samsung
1800,Gabinete V2,Games,Logitech
1810,Teclado Gamer,Eletrodomésticos,Samsung
1820,Monitor Basic,Eletrodomésticos,Asus
1830,Gabinete V2,Eletrônicos,Apple
1840,Webcam Plus,informática,Samsung
1850,Smartphone Pro,Informática,Asus
1860,Gabinete Plus,Acessorios,Pichau
1870,Mesa Digitalizadora Ultra,Eletrônicos,Sony
1880,Mouse Plus,Informática,Pichau
1890,Mesa Digitalizadora Pro,Informática,Samsung
1900,Headset Gamer,Móveis,Apple
1910,Gabinete X,Móveis,Apple
1920,Teclado Ultra,Informatica,Apple
1930,Teclado Pro,Moveis,Pichau
1940,Gabinete V2,Eletrodomésticos,Pichau
1950,Teclado X,Informática,Pichau
1960,Cadeira Gamer Plus,eletrônicos,Apple
1970,Headset V2,Eletrônicos,Pichau
1980,Headset V2,Games,Sony
1990,Smartphone Pro,eletrônicos,Lenovo
2000,Teclado Pro,Móveis,Logitech
2010,Smartphone Plus,Acessórios,Logitech
2020,Headset Pro,Acessórios,Logitech
2030,Mesa Digitalizadora Basic,Eletrodomésticos,Dell
2040,Cadeira Gamer Ultra,acessórios,Pichau
2050,Webcam Ultra,Games,HP
2060,Mouse Basic,Acessórios,Sony
2070,Cadeira Gamer X,eletrodomésticos,
2080,Notebook Basic,Eletrônicos,HP
2090,Gabinete Pro,Eletrodomésticos,Dell
2100,Cadeira Gamer Pro,Eletrodomésticos,Sony
2110,Gabinete Ultra,Móveis,Dell
2120,Notebook Plus,móveis,
2130,Mesa Digitalizadora Plus,Games,Samsung
2140,Webcam Pro,Eletrodomésticos,Asus
2150,Gabinete Pro,Acessórios,Pichau
2160,Gabinete Gamer,Eletrodomésticos,Logitech
2170,Cadeira Gamer Basic,Acessórios,Dell
2180,Notebook Gamer,Eletrônicos,Logitech
2190,Mesa Digitalizadora Pro,Informática,Lenovo
2200,Smartphone Ultra,Acessórios,Sony
2210,Cadeira Gamer Plus,Games,Asus
2220,Cadeira Gamer X,Acessórios,Sony
2230,Headset Gamer,Acessorios,Samsung
2240,Gabinete X,Acessórios,Sony
2250,Mesa Digitalizadora Gamer,Informática,Sony
2260,Monitor X,Informática,Logitech
2270,Monitor V2,Eletrodomésticos,HP
2280,Cadeira Gamer V2,Eletrodomésticos,Pichau
2290,Mouse Ultra,Informática,Dell
2300,Monitor V2,Móveis,Samsung
2310,Mesa Digitalizadora X,Acessórios,HP
2320,Notebook Ultra,eletrodomésticos,
2330,Cadeira Gamer Pro,Acessórios,Sony
2340,Headset Gamer,Acessórios,Lenovo
2350,Notebook X,Eletrônicos,Pichau
2360,Smartphone Ultra,Games,Pichau
2370,Mouse Basic,Móveis,Samsung
2380,Notebook Gamer,Informática,Sony
2390,Webcam X,Eletrodomésticos,Samsung
2400,Headset X,Eletrodomésticos,Dell
2410,Mesa Digitalizadora Ultra,Games,Pichau
2420,Headset Basic,Eletrônicos,HP
2430,Teclado Pro,Eletrodomésticos,Asus
2440,Mouse V2,Acessórios,Asus
2450,Mouse Gamer,Acessórios,Apple
2460,Gabinete Plus,Eletrodomésticos,Asus
2470,Cadeira Gamer Ultra,Informática,Lenovo
2480,Mouse Gamer,Acessórios,Samsung
2490,Cadeira Gamer V2,Acessórios,Samsung
2500,Headset Ultra,Games,LG
2510,Gabinete Basic,eletrodomésticos,
2520,Teclado V2,Acessórios,Lenovo
2530,Smartphone X,Eletronicos,Apple
2540,Teclado Pro,informática,Apple
2550,Headset Pro,Games,Lenovo
2560,Monitor Plus,Acessórios,Logitech
2570,Monitor Plus,Informática,Apple
2580,Webcam Pro,Eletrodomésticos,Asus
2590,Teclado Ultra,Móveis,Pichau
2600,Mesa Digitalizadora X,Móveis,Samsung
2610,Teclado Pro,Móveis,Logitech
2620,Headset Ultra,Móveis,Apple
2630,Gabinete X,Games,Apple
2640,Mesa Digitalizadora Pro,Eletrônicos,Dell
2650,Notebook Plus,Eletrônicos,Lenovo
2660,Monitor Basic,Eletrodomésticos,Apple
2670,Mouse Plus,Acessórios,Samsung
2680,Cadeira Gamer X,Eletrodomésticos,Lenovo
2690,Mesa Digitalizadora Plus,Móveis,Pichau
2700,Headset Ultra,Acessórios,Lenovo
2710,Mouse V2,Informática,Dell
2720,Smartphone Pro,eletrodomésticos,LG
2730,Monitor Gamer,Eletrodomésticos,Apple
2740,Webcam X,Móveis,HP
2750,Smartphone Ultra,Eletrônicos,Sony
2760,Mesa Digitalizadora V2,Games,HP
2770,Headset X,Eletrônicos,Pichau
2780,Smartphone Plus,Informática,Asus
2790,Cadeira Gamer V2,Eletrodomésticos,Apple
2800,Cadeira Gamer Plus,Móveis,Samsung
2810,Mesa Digitalizadora Gamer,Informática,Apple
2820,Mesa Digitalizadora Pro,Informática,Lenovo
2830,Mesa Digitalizadora Gamer,Móveis,Dell
2840,Teclado V2,Eletrônicos,Dell
2850,Gabinete Ultra,Eletrodomésticos,Dell
2860,Mesa Digitalizadora Pro,Eletrodomésticos,Pichau
2870,Gabinete Basic,Games,Pichau
2880,Monitor Basic,Informática,HP
2890,Mesa Digitalizadora Gamer,Eletrônicos,Apple
2900,Notebook V2,Eletrônicos,Apple
2910,Mouse X,Eletrônicos,Sony
2920,Mesa Digitalizadora Basic,Eletrônicos,Pichau
2930,Notebook Basic,Eletrônicos,Dell
2940,Cadeira Gamer V2,Acessórios,Asus
2950,Smartphone X,Eletrodomésticos,Samsung
2960,Monitor X,Eletrodomésticos,LG
2970,Teclado Plus,Acessorios,HP
2980,Monitor V2,Móveis,Sony
2990,Teclado V2,Eletrodomésticos,Pichau
3000,Smartphone X,Acessórios,Lenovo
3010,Monitor X,Acessórios,HP
3020,Headset X,Móveis,Dell
3030,Mesa Digitalizadora Basic,Informática,HP
3040,Webcam Basic,Eletrônicos,Samsung
3050,Gabinete X,Informática,Lenovo
3060,Teclado Basic,Informática,Logitech
3070,Teclado Basic,Acessórios,Sony
3080,Gabinete Plus,games,Dell
3090,Gabinete Pro,games,
3100,Notebook Ultra,Informática,Asus
3110,Teclado Gamer,Eletrodomésticos,Dell
3120,Mouse Basic,Informática,Lenovo
3130,Headset Pro,Games,Logitech
3140,Notebook Pro,Móveis,Sony
3150,Teclado V2,Games,Sony
3160,Notebook Basic,Móveis,Dell
3170,Smartphone Ultra,Eletrodomésticos,Logitech
3180,Cadeira Gamer Plus,Acessórios,LG
3190,Cadeira Gamer Plus,Eletrônicos,Logitech
3200,Smartphone V2,Acessórios,Sony
3210,Gabinete X,Eletrodomésticos,Pichau
3220,Mouse Ultra,Informática,Lenovo
3230,Mesa Digitalizadora Gamer,Acessórios,Asus
3240,Gabinete V2,Games,Samsung
3250,Monitor Pro,Informatica,Logitech
3260,Gabinete Pro,Acessórios,LG
3270,Mouse Ultra,Acessórios,Apple
3280,Gabinete V2,Eletrodomésticos,Apple
3290,Cadeira Gamer V2,Móveis,Sony
3300,Mouse X,Games,Samsung
3310,Smartphone X,Eletrônicos,Lenovo
3320,Webcam Gamer,Eletrônicos,LG
3330,Monitor X,Informatica,Apple
3340,Gabinete Ultra,Móveis,Logitech
3350,Cadeira Gamer Pro,Eletrodomésticos,Pichau
3360,Monitor Ultra,Eletrodomésticos,Asus
3370,Notebook Pro,Acessórios,Asus
3380,Monitor Ultra,Eletrodomésticos,Dell
3390,Webcam X,Acessórios,Asus
3400,Mesa Digitalizadora Pro,Games,Asus
3410,Cadeira Gamer Plus,Games,Asus
3420,Smartphone Basic,Móveis,Logitech
3430,Headset Basic,acessórios,Lenovo
3440,Smartphone Basic,Informática,Pichau
3450,Webcam Pro,Eletrodomésticos,Pichau
3460,Headset Gamer,Informática,Sony
3470,Gabinete Basic,Acessórios,Asus
3480,Headset Gamer,Games,Lenovo
3490,Mesa Digitalizadora Basic,Móveis,Samsung
3500,Smartphone X,Eletrônicos,Pichau
3510,Notebook X,Eletrodomésticos,LG
3520,Cadeira Gamer Basic,Acessórios,Apple
3530,Gabinete Ultra,Móveis,Apple
3540,Cadeira Gamer Plus,Games,Samsung
3550,Gabinete Ultra,Informatica,Dell
3560,Gabinete Basic,Informática,Asus
3570,Headset X,Eletrodomésticos,Lenovo
3580,Gabinete Pro,Games,Asus
3590,Mouse X,Games,HP
3600,Teclado Basic,Eletrônicos,Sony
3610,Gabinete V2,Acessórios,Asus
3620,Gabinete X,Acessórios,Pichau
3630,Cadeira Gamer Basic,Informática,Pichau
3640,Notebook Ultra,Acessórios,Sony
3650,Mesa Digitalizadora Pro,Games,Asus
3660,Webcam Plus,Eletrodomésticos,Logitech
3670,Monitor V2,Informática,HP
3680,Headset Pro,Informática,Sony
3690,Headset Gamer,Eletrônicos,Logitech
3700,Webcam X,Eletrônicos,Dell
3710,Webcam Basic,Games,Dell
3720,Notebook Plus,Móveis,Dell
3730,Notebook Gamer,Eletrodomésticos,HP
3740,Headset V2,Informática,Logitech
3750,Teclado Ultra,Acessórios,Pichau
3760,Teclado Ultra,Eletrônicos,Dell
3770,Smartphone Basic,Informatica,Sony
3780,Webcam Plus,Acessórios,Pichau
3790,Headset Pro,Informatica,LG
3800,Smartphone Pro,eletrônicos,
3810,Teclado Gamer,Eletrônicos,HP
3820,Headset Plus,Games,Lenovo
3830,Webcam Gamer,Acessórios,Dell
3840,Monitor V2,Informática,Asus
3850,Notebook V2,Informática,Apple
3860,Headset Ultra,Informática,Apple
3870,Gabinete Plus,Eletrodomésticos,Apple
3880,Monitor Plus,Informatica,Logitech
3890,Monitor X,Móveis,Logitech
3900,Webcam V2,Eletrônicos,Dell
3910,Webcam V2,móveis,
3920,Monitor X,eletrônicos,
3930,Mouse V2,Eletrônicos,Lenovo
3940,Cadeira Gamer Plus,Informática,Sony
3950,Notebook Pro,Acessorios,HP
3960,Headset X,Móveis,Lenovo
3970,Teclado Basic,Games,Sony
3980,Webcam Basic,Acessórios,HP
3990,Notebook Ultra,acessórios,
4000,Webcam Ultra,Eletrodomésticos,Asus
4010,Headset Plus,Eletrônicos,Dell
4020,Monitor Basic,Games,Lenovo
4030,Headset Basic,Acessórios,Sony
4040,Mesa Digitalizadora Gamer,Informática,Samsung
4050,Gabinete Pro,Eletrodomésticos,Lenovo
4060,Mesa Digitalizadora Basic,Informática,Asus
4070,Smartphone Plus,Games,Samsung
4080,Headset V2,Games,Asus
4090,Smartphone V2,Móveis,Pichau
4100,Smartphone X,Móveis,Pichau
4110,Webcam Basic,Móveis,Sony
4120,Cadeira Gamer Basic,Eletrodomésticos,Apple
4130,Headset Plus,Eletrodomésticos,HP
4140,Mesa Digitalizadora Basic,Informática,Apple
4150,Monitor Pro,Eletrodomésticos,Samsung
4160,Mesa Digitalizadora Basic,Games,Apple
4170,Notebook Plus,Informática,Asus
4180,Gabinete X,Games,Samsung
4190,Smartphone Gamer,Eletrodomésticos,Logitech
4200,Headset Basic,Informática,Logitech
4210,Gabinete Plus,Móveis,LG
4220,Gabinete V2,Eletrônicos,Apple
4230,Smartphone X,Eletrodomésticos,Sony
4240,Teclado V2,Games,LG
4250,Monitor Gamer,Móveis,Pichau
4260,Headset Gamer,Informática,Pichau
4270,Teclado Basic,Eletrodomésticos,Logitech
4280,Smartphone Pro,Eletrodomésticos,Dell
4290,Cadeira Gamer Plus,Games,Samsung
4300,Mesa Digitalizadora V2,acessórios,
4310,Mesa Digitalizadora X,Móveis,Samsung
4320,Mouse Pro,Acessórios,Apple
4330,Smartphone V2,Games,Samsung
4340,Gabinete V2,Eletrodomésticos,Samsung
4350,Cadeira Gamer Gamer,Móveis,Asus
4360,Smartphone Basic,Informática,Lenovo
4370,Cadeira Gamer V2,Games,Sony
4380,Monitor X,Móveis,Asus
4390,Gabinete V2,Eletrodomésticos,Pichau
4400,Teclado Basic,Informática,Lenovo
4410,Mouse Basic,Informática,Lenovo
4420,Monitor Basic,Móveis,Samsung
4430,Webcam V2,acessórios,
4440,Gabinete V2,Acessórios,Sony
4450,Monitor X,Informática,Lenovo
4460,Webcam Pro,Eletrodomésticos,LG
4470,Notebook X,eletrônicos,Asus
4480,Webcam V2,Acessórios,Pichau
4490,Cadeira Gamer V2,Eletrodomésticos,Sony
4500,Smartphone Ultra,Eletrônicos,LG
4510,Teclado V2,Acessórios,Apple
4520,Mouse X,Games,Apple
4530,Smartphone Basic,Games,Asus
4540,Cadeira Gamer Gamer,Eletrônicos,Sony
4550,Notebook Plus,Games,LG
4560,Smartphone Pro,Games,HP
4570,Headset Ultra,Games,Apple
4580,Teclado Plus,Eletrodomésticos,Apple
4590,Mouse Ultra,Eletrônicos,Pichau
4600,Monitor Ultra,Eletrodomésticos,Dell
4610,Mesa Digitalizadora X,Games,HP
4620,Mesa Digitalizadora Basic,Eletrônicos,Logitech
4630,Monitor Pro,Eletrodomésticos,LG
4640,Mouse Pro,Eletrodomésticos,Dell
4650,Notebook Basic,Móveis,Sony
4660,Webcam Pro,Móveis,Apple
4670,Mesa Digitalizadora X,Eletrônicos,Lenovo
4680,Teclado Basic,Informática,Pichau
4690,Notebook Basic,Móveis,Samsung
4700,Mesa Digitalizadora Basic,Informática,Sony
4710,Mouse Ultra,Games,Sony
4720,Headset V2,Eletrônicos,Pichau
4730,Mesa Digitalizadora Basic,Eletrônicos,Logitech
4740,Teclado Gamer,Eletrodomésticos,Samsung
4750,Teclado Plus,Games,Samsung
4760,Monitor Plus,Informática,LG
4770,Cadeira Gamer Plus,Informática,Sony
4780,Mouse Pro,Móveis,LG
4790,Gabinete Gamer,Acessórios,Asus
4800,Headset V2,Informática,Sony
4810,Mouse Basic,Informática,Logitech
4820,Monitor Plus,móveis,
4830,Mesa Digitalizadora X,Eletrônicos,LG
4840,Headset Basic,Eletrodomésticos,Dell
4850,Mouse X,Informática,Asus
4860,Webcam Pro,Móveis,Lenovo
4870,Gabinete Gamer,Eletrodomésticos,Samsung
4880,Cadeira Gamer V2,Eletrônicos,Logitech
4890,Notebook Plus,Games,Logitech
4900,Headset V2,Informática,Logitech
4910,Monitor Basic,Games,Sony
4920,Smartphone V2,Eletrônicos,Lenovo
4930,Gabinete Plus,Eletrodomésticos,Asus
4940,Gabinete Plus,Games,LG
4950,Mouse Gamer,Games,Pichau
4960,Headset V2,Móveis,Dell
4970,Teclado Plus,Eletrônicos,Pichau
4980,Gabinete Ultra,Móveis,Pichau
4990,Smartphone Gamer,Acessórios,Dell
5000,Mesa Digitalizadora X,Informática,Logitech
5010,Smartphone Pro,Eletrônicos,Apple
5020,Mouse Basic,Acessórios,LG
5030,Smartphone Pro,Games,Logitech
5040,Gabinete V2,Acessórios,Samsung
5050,Gabinete V2,Informática,LG
5060,Cadeira Gamer X,Informática,HP
5070,Notebook Pro,Informática,Dell
5080,Headset Ultra,Acessórios,Dell
5090,Gabinete Pro,Eletrônicos,HP
5100,Notebook Plus,Acessórios,Lenovo
5110,Mouse Ultra,Acessórios,LG
5120,Teclado Gamer,Eletrônicos,HP
5130,Webcam Plus,Eletrodomésticos,Lenovo
5140,Gabinete Plus,Móveis,Apple
5150,Mesa Digitalizadora Basic,Acessórios,LG
5160,Mesa Digitalizadora Gamer,Informática,HP
5170,Cadeira Gamer Basic,Eletrodomésticos,LG
5180,Teclado Plus,Acessórios,Asus
5190,Notebook V2,Eletrodomésticos,Sony
5200,Notebook Gamer,eletrônicos,
5210,Headset X,Eletrodomésticos,HP
5220,Gabinete Basic,Eletrônicos,LG
5230,Notebook X,Acessórios,Pichau
5240,Cadeira Gamer Gamer,Games,Samsung
5250,Monitor Pro,Games,Samsung
5260,Smartphone Plus,games,
5270,Notebook Pro,Games,Apple
5280,Notebook X,Móveis,Samsung
5290,Notebook Pro,Games,Samsung
5300,Notebook X,Eletrodomésticos,Dell
5310,Headset Plus,Acessórios,HP
5320,Monitor X,Eletrônicos,LG
5330,Teclado V2,Informática,Pichau
5340,Headset Gamer,games,
5350,Gabinete X,Eletrodomésticos,Apple
5360,Teclado Gamer,Eletrodomésticos,Dell
5370,Teclado X,Eletrodomésticos,Logitech
5380,Teclado Pro,eletrodomésticos,
5390,Monitor X,Games,Asus
5400,Headset Ultra,games,
5410,Gabinete Gamer,Eletrodomésticos,Pichau
5420,Mesa Digitalizadora Pro,Acessórios,Dell
5430,Smartphone Plus,Games,Apple
5440,Mouse V2,eletrodomésticos,Asus
5450,Mesa Digitalizadora Plus,Games,Dell
5460,Notebook X,Games,Apple
5470,Headset X,Games,HP
5480,Webcam V2,Eletrônicos,Sony
5490,Gabinete Gamer,Informática,Pichau
5500,Mesa Digitalizadora V2,Eletrodomésticos,Dell
5510,Webcam Plus,Acessórios,Apple
5520,Webcam Ultra,Eletrônicos,Lenovo
5530,Teclado V2,Eletrodomésticos,Asus
5540,Mouse Basic,Acessórios,LG
5550,Teclado Plus,Eletrodomésticos,Sony
5560,Webcam Plus,Eletrodomésticos,Apple
5570,Teclado Pro,Eletrodomésticos,Sony
5580,Teclado X,Informática,Pichau
5590,Teclado V2,Móveis,Dell
5600,Smartphone Ultra,Informática,Sony
5610,Smartphone Gamer,Acessórios,HP
5620,Monitor V2,Acessórios,Pichau
5630,Webcam V2,Informática,Lenovo
5640,Cadeira Gamer Ultra,Informática,Logitech
5650,Webcam X,Acessorios,Asus
5660,Cadeira Gamer Plus,Móveis,Dell
5670,Monitor X,Eletrodomésticos,HP
5680,Webcam X,Eletrônicos,Pichau
5690,Cadeira Gamer Pro,Eletrônicos,LG
5700,Notebook Pro,Games,Samsung
5710,Smartphone Pro,Eletrônicos,Apple
5720,Teclado Basic,informática,Sony
5730,Headset X,Games,Asus
5740,Gabinete V2,Eletrônicos,Lenovo
5750,Monitor X,Acessórios,Sony
5760,Notebook Ultra,Eletrodomésticos,Lenovo
5770,Headset Gamer,Games,Dell
5780,Headset V2,Eletrodomésticos,Dell
5790,Cadeira Gamer Plus,Eletrodomésticos,LG
5800,Gabinete Gamer,Móveis,Sony
5810,Teclado V2,Acessórios,Samsung
5820,Monitor Ultra,Eletrônicos,Logitech
5830,Teclado V2,Informática,HP
5840,Gabinete X,Eletrodomésticos,Dell
5850,Cadeira Gamer Plus,Móveis,Lenovo
5860,Mouse Pro,Acessórios,Lenovo
5870,Teclado Gamer,Informática,Logitech
5880,Mouse Basic,Informática,LG
5890,Webcam X,Games,Dell
5900,Smartphone Gamer,Informática,Samsung
5910,Webcam Basic,Games,HP
5920,Smartphone Gamer,Acessórios,Sony
5930,Cadeira Gamer V2,Informatica,Dell
5940,Webcam X,Eletrodomésticos,Lenovo
5950,Teclado Pro,Eletrônicos,Apple
5960,Gabinete V2,Acessórios,Apple
5970,Teclado V2,Eletrodomésticos,Pichau
5980,Smartphone Basic,Eletrodomésticos,Logitech
5990,Mouse Gamer,Games,Asus
6000,Mesa Digitalizadora Ultra,Eletrodomésticos,HP
6010,Teclado V2,Móveis,Lenovo
6020,Teclado Basic,Móveis,Asus
6030,Notebook Basic,Eletrônicos,Dell
6040,Mouse X,Eletrônicos,Samsung
6050,Smartphone V2,Móveis,Pichau
6060,Mouse Pro,Eletrônicos,Logitech
6070,Smartphone Basic,Eletrônicos,Dell
6080,Webcam Gamer,Informática,Dell
6090,Gabinete Basic,Games,Logitech
6100,Mesa Digitalizadora Basic,Acessórios,Lenovo
6110,Mesa Digitalizadora Basic,Games,Sony
6120,Mouse Basic,Móveis,Asus
6130,Gabinete Basic,Informática,Dell
6140,Mouse Ultra,Eletrodomésticos,HP
6150,Teclado Gamer,Informática,Asus
6160,Gabinete Plus,Eletrodomésticos,Asus
6170,Cadeira Gamer X,Informática,Asus
6180,Cadeira Gamer V2,Acessórios,HP
6190,Gabinete Basic,Móveis,LG
6200,Mouse Gamer,Móveis,Dell
6210,Webcam Pro,Móveis,Sony
6220,Headset X,eletrodomésticos,
6230,Mesa Digitalizadora Ultra,Games,Lenovo
6240,Smartphone V2,Móveis,Apple
6250,Smartphone X,Eletrônicos,Samsung
6260,Gabinete Ultra,Acessórios,Dell
6270,Mesa Digitalizadora Gamer,Eletrodomésticos,Lenovo
6280,Monitor Basic,Informática,Lenovo
6290,Mesa Digitalizadora V2,Informática,Apple
6300,Headset X,Games,Asus
6310,Webcam Ultra,Móveis,LG
6320,Gabinete Gamer,Acessórios,Pichau
6330,Gabinete Pro,Eletrônicos,Lenovo
6340,Mouse Pro,Eletrônicos,Lenovo
6350,Cadeira Gamer V2,Acessórios,LG
6360,Headset Plus,Eletrodomésticos,Asus
6370,Mesa Digitalizadora X,Acessórios,Logitech
6380,Teclado Pro,Eletrônicos,Lenovo
6390,Teclado Pro,Informática,LG
6400,Notebook Gamer,Eletrônicos,Sony
6410,Headset V2,Games,Lenovo
6420,Notebook Gamer,Acessórios,Lenovo
6430,Mesa Digitalizadora X,Móveis,HP
6440,Mouse V2,Games,Dell
6450,Notebook Plus,móveis,
6460,Webcam Ultra,Informática,Asus
6470,Webcam Ultra,Games,Samsung
6480,Gabinete Gamer,Informática,LG
6490,Webcam Ultra,Eletrodomésticos,Dell
6500,Cadeira Gamer Plus,Games,Pichau
6510,Cadeira Gamer X,eletrodomésticos,Logitech
6520,Teclado V2,Games,Dell
6530,Webcam Pro,Eletrodomésticos,Pichau
6540,Cadeira Gamer Basic,Informática,HP
6550,Notebook Pro,Eletrônicos,Asus
6560,Mouse Plus,Informática,Pichau
6570,Mesa Digitalizadora Pro,Games,LG
6580,Mouse X,Informática,Sony
6590,Cadeira Gamer Gamer,Móveis,Asus
6600,Headset Plus,Acessórios,Lenovo
6610,Mesa Digitalizadora X,Eletrônicos,LG
6620,Webcam Pro,Eletrônicos,Pichau
6630,Teclado Gamer,Games,Lenovo
6640,Smartphone Gamer,Eletrônicos,Samsung
6650,Cadeira Gamer Ultra,Informática,Logitech
6660,Notebook Plus,Móveis,HP
6670,Teclado X,Móveis,Lenovo
6680,Mesa Digitalizadora Plus,Acessórios,Sony
6690,Notebook Pro,Acessórios,Apple
6700,Webcam X,Eletrodomésticos,Samsung
6710,Mouse Plus,Acessórios,Asus
6720,Headset Ultra,Informática,Pichau
6730,Mouse Ultra,Games,HP
6740,Teclado Ultra,Móveis,Asus
6750,Gabinete Gamer,Games,Apple
6760,Gabinete V2,Informática,Apple
6770,Notebook Basic,Móveis,Lenovo
6780,Notebook X,Acessórios,LG
6790,Notebook Pro,Acessórios,Logitech
6800,Cadeira Gamer X,Games,Pichau
6810,Headset Gamer,Acessórios,Asus
6820,Smartphone Ultra,Eletrodomésticos,Logitech
6830,Mouse X,Móveis,Pichau
6840,Monitor Basic,Móveis,Pichau
6850,Smartphone Ultra,Móveis,Samsung
6860,Notebook Pro,Eletrodomésticos,LG
6870,Mesa Digitalizadora Ultra,Games,Apple
6880,Cadeira Gamer Plus,Eletrodomésticos,LG
6890,Monitor Gamer,Games,Logitech
6900,Mesa Digitalizadora X,Games,Lenovo
6910,Gabinete Plus,Acessórios,Asus
6920,Notebook Pro,Games,Lenovo
6930,Teclado Ultra,Informática,Pichau
6940,Mouse Pro,Games,Pichau
6950,Monitor Basic,Eletrônicos,HP
6960,Smartphone Ultra,Eletrônicos,Dell
6970,Gabinete Pro,Eletrônicos,Logitech
6980,Monitor Plus,Móveis,Apple
6990,Smartphone Pro,Games,Pichau
7000,Monitor Pro,Games,Lenovo
7010,Teclado V2,Móveis,Dell
7020,Mouse Pro,Eletrodomésticos,Samsung
7030,Cadeira Gamer Plus,Móveis,Pichau
7040,Webcam Basic,Eletrodomésticos,Samsung
7050,Notebook Basic,Eletrônicos,Sony
7060,Notebook Ultra,Móveis,Dell
7070,Teclado Pro,Games,Logitech
7080,Smartphone Plus,Informática,Lenovo
7090,Teclado Pro,Informática,Dell
7100,Smartphone Ultra,Móveis,Apple
7110,Webcam Gamer,Informática,Samsung
7120,Cadeira Gamer Pro,Móveis,Samsung
7130,Notebook Ultra,Eletrodomésticos,Pichau
7140,Gabinete Plus,Móveis,Pichau
7150,Headset X,Games,Dell
7160,Mouse V2,Acessorios,LG
7170,Mouse Basic,Games,HP
7180,Smartphone Pro,Informática,LG
7190,Cadeira Gamer Pro,Móveis,Apple
7200,Monitor Gamer,Eletrodomésticos,HP
7210,Headset Plus,Games,Asus
7220,Teclado V2,Eletrônicos,Samsung
7230,Smartphone Pro,Móveis,Apple
7240,Notebook Gamer,Móveis,LG
7250,Mouse Basic,Móveis,Apple
7260,Smartphone V2,Games,Sony
7270,Webcam Plus,Informática,Dell
7280,Teclado Ultra,Acessórios,Asus
7290,Mesa Digitalizadora Plus,Acessórios,Apple
7300,Smartphone Pro,Informática,Samsung
7310,Mesa Digitalizadora Basic,Eletrodomésticos,Sony
7320,Smartphone Ultra,Games,Apple
7330,Gabinete V2,Games,Lenovo
7340,Teclado Gamer,Informática,Apple
7350,Monitor Basic,Acessórios,Lenovo
7360,Headset Pro,Móveis,HP
7370,Monitor Basic,Móveis,Samsung
7380,Notebook Ultra,Acessórios,Apple
7390,Monitor X,Informática,LG
7400,Mouse Ultra,Eletrodomésticos,HP
7410,Smartphone V2,Eletrônicos,Sony
7420,Notebook Ultra,Eletrodomésticos,Lenovo
7430,Smartphone Basic,Eletrodomésticos,Asus
7440,Webcam Pro,Informática,Dell
7450,Headset X,Informática,Lenovo
7460,Headset Plus,Móveis,Sony
7470,Mesa Digitalizadora X,Games,Apple
7480,Webcam Basic,Games,LG
7490,Smartphone Gamer,Moveis,HP
7500,Notebook Gamer,Eletrônicos,LG
7510,Headset Plus,Games,Pichau
7520,Notebook Basic,Informática,Sony
7530,Smartphone V2,Eletrodomésticos,Apple
7540,Mouse Basic,Eletrônicos,Asus
7550,Notebook Pro,Móveis,LG
7560,Smartphone Gamer,Games,Apple
7570,Mesa Digitalizadora Basic,Games,Sony
7580,Notebook Basic,Acessórios,HP
7590,Smartphone Basic,Eletrônicos,Dell
7600,Webcam Ultra,Acessórios,Apple
7610,Notebook V2,Acessórios,Dell
7620,Mouse Ultra,Informática,LG
7630,Monitor V2,Informática,Logitech
7640,Notebook Gamer,Informática,Lenovo
7650,Mouse Plus,Acessórios,Dell
7660,Gabinete Pro,Acessórios,Lenovo
7670,Teclado Pro,Eletrodomésticos,Samsung
7680,Teclado Ultra,Acessórios,LG
7690,Headset Basic,Games,Samsung
7700,Mesa Digitalizadora Plus,Informática,Logitech
7710,Headset Gamer,Games,Dell
7720,Mouse X,Acessórios,HP
7730,Mesa Digitalizadora Basic,Acessórios,Logitech
7740,Mesa Digitalizadora Plus,Games,Samsung
7750,Mouse Pro,Informática,Samsung
7760,Mouse V2,Acessórios,Lenovo
7770,Monitor Gamer,Eletrodomésticos,Dell
7780,Cadeira Gamer Ultra,Games,Asus
7790,Gabinete Pro,Games,Pichau
7800,Notebook Pro,acessórios,
7810,Notebook Gamer,Móveis,Lenovo
7820,Headset X,Eletrodomésticos,Pichau
7830,Headset V2,Informática,Apple
7840,Mesa Digitalizadora Plus,Móveis,Pichau
7850,Smartphone V2,eletrodomésticos,
7860,Mouse Ultra,Informática,HP
7870,Gabinete Basic,Acessórios,LG
7880,Mouse V2,Móveis,Pichau
7890,Mesa Digitalizadora X,Games,Logitech
7900,Gabinete Pro,games,LG
7910,Cadeira Gamer X,Acessórios,Dell
7920,Mouse V2,Eletrônicos,Logitech
7930,Monitor Ultra,Acessórios,HP
7940,Notebook X,móveis,LG
7950,Headset Ultra,Eletrodomésticos,Apple
7960,Mouse Plus,games,Pichau
7970,Gabinete Gamer,Informática,LG
7980,Mouse Gamer,Informática,Asus
7990,Cadeira Gamer Gamer,Games,LG
8000,Smartphone Pro,Informática,Pichau
8010,Smartphone Pro,Eletrodomésticos,LG
8020,Smartphone V2,Eletrônicos,Lenovo
8030,Monitor Basic,Eletrônicos,Pichau
8040,Mouse Plus,Acessórios,Logitech
8050,Smartphone Ultra,Eletrônicos,Sony
8060,Monitor X,Games,Sony
8070,Webcam Ultra,Games,Sony
8080,Notebook X,Games,Samsung
8090,Gabinete X,Eletrodomésticos,Pichau
8100,Notebook V2,Móveis,Apple
8110,Mesa Digitalizadora X,Games,Asus
8120,Mesa Digitalizadora Basic,eletrônicos,
8130,Notebook V2,Informatica,LG
8140,Teclado X,Móveis,Sony
8150,Smartphone X,Informática,Samsung
8160,Notebook Basic,Informática,Pichau
8170,Monitor Gamer,Acessórios,Sony
8180,Cadeira Gamer X,Móveis,Logitech
8190,Webcam Plus,Eletrodomésticos,Lenovo
8200,Monitor V2,Games,Lenovo
8210,Gabinete Pro,Informática,Dell
8220,Teclado Pro,Acessórios,Dell
8230,Mouse Basic,Games,Dell
8240,Gabinete Ultra,Eletrodomésticos,LG
8250,Smartphone Ultra,Eletrodomésticos,LG
8260,Smartphone Basic,Eletrônicos,Dell
8270,Mouse V2,Informática,Lenovo
8280,Webcam V2,games,
8290,Gabinete V2,Acessórios,Lenovo
8300,Cadeira Gamer Plus,Games,LG
8310,Notebook X,Eletrônicos,Logitech
8320,Gabinete Ultra,Acessórios,LG
8330,Teclado X,Móveis,HP
8340,Mesa Digitalizadora Gamer,Acessórios,Samsung
8350,Webcam X,Eletrônicos,Samsung
8360,Webcam Gamer,Acessórios,Sony
8370,Cadeira Gamer Basic,Informática,Asus
8380,Notebook Gamer,Games,Logitech
8390,Monitor Pro,Eletrônicos,LG
8400,Headset V2,Acessórios,Dell
8410,Mesa Digitalizadora Basic,Games,LG
8420,Monitor V2,Acessórios,Logitech
8430,Monitor Ultra,Informática,Samsung
8440,Monitor V2,Informática,Logitech
8450,Headset X,Móveis,LG
8460,Notebook Ultra,Acessórios,Samsung
8470,Mouse Basic,Games,Samsung
8480,Webcam V2,Móveis,Asus
8490,Mouse X,Informática,Asus
8500,Smartphone Ultra,Informática,Sony
8510,Headset X,Acessórios,Asus
8520,Smartphone Basic,Games,Dell
8530,Notebook Basic,Eletrodomésticos,Pichau
8540,Webcam Gamer,Eletrônicos,Dell
8550,Cadeira Gamer Gamer,Eletrodomésticos,Sony
8560,Gabinete Plus,Eletrônicos,Apple
8570,Teclado Gamer,Games,LG
8580,Mesa Digitalizadora Plus,Games,Logitech
8590,Webcam Gamer,Games,Pichau
8600,Notebook Pro,Games,Pichau
8610,Teclado X,Informatica,Pichau
8620,Headset Plus,Eletrônicos,Logitech
8630,Mesa Digitalizadora X,Eletrodomésticos,HP
8640,Gabinete Basic,Acessórios,Samsung
8650,Teclado Plus,Acessórios,Dell
8660,Webcam Ultra,Móveis,Samsung
8670,Notebook Basic,Games,LG
8680,Smartphone X,Eletrodomésticos,Asus
8690,Gabinete Plus,Informática,Dell
8700,Mouse X,Eletrodomésticos,Lenovo
8710,Webcam Gamer,Moveis,Asus
8720,Smartphone Plus,Eletrodomésticos,Lenovo
8730,Cadeira Gamer V2,Eletrodomésticos,Sony
8740,Smartphone X,Games,HP
8750,Smartphone Ultra,Eletronicos,Sony
8760,Mesa Digitalizadora Pro,Móveis,Lenovo
8770,Cadeira Gamer Gamer,Eletrônicos,Sony
8780,Cadeira Gamer Gamer,Móveis,Sony
8790,Cadeira Gamer V2,Informática,Logitech
8800,Mouse Plus,Acessórios,Sony
8810,Headset Ultra,Eletrodomésticos,Samsung
8820,Monitor Ultra,Móveis,Sony
8830,Teclado X,Informática,Apple
8840,Cadeira Gamer Basic,Acessórios,Logitech
8850,Webcam Ultra,Eletrodomésticos,HP
8860,Mouse Plus,eletrônicos,
8870,Notebook Pro,Eletrodomésticos,Samsung
8880,Monitor V2,Eletrônicos,Asus
8890,Teclado Pro,Acessórios,Logitech
8900,Cadeira Gamer X,Eletrodomésticos,Samsung
8910,Notebook X,Eletrônicos,Sony
8920,Webcam Plus,Eletrodomésticos,Pichau
8930,Webcam Pro,Acessórios,LG
8940,Mesa Digitalizadora Gamer,Games,Logitech
8950,Notebook Gamer,Eletrônicos,Dell
8960,Cadeira Gamer Pro,Acessorios,Apple
8970,Notebook X,Acessórios,Sony
8980,Gabinete X,Games,Pichau
8990,Mesa Digitalizadora Plus,acessórios,
9000,Notebook V2,Acessorios,Apple
9010,Monitor Ultra,Eletrônicos,Samsung
9020,Smartphone X,Móveis,Apple
9030,Cadeira Gamer X,acessórios,
9040,Mouse V2,Móveis,Logitech
9050,Notebook Gamer,informática,LG
9060,Monitor X,Eletrônicos,Dell
9070,Headset X,Eletrônicos,Pichau
9080,Mesa Digitalizadora X,Eletrodomésticos,HP
9090,Gabinete X,Games,Samsung
9100,Webcam V2,Eletrônicos,Dell
9110,Monitor Plus,Eletrodomésticos,LG
9120,Mouse Plus,Informática,Sony
9130,Monitor V2,Eletrônicos,Samsung
9140,Gabinete X,Eletrônicos,Apple
9150,Webcam Pro,Eletrodomésticos,Pichau
9160,Gabinete X,Eletrodomésticos,LG
9170,Mouse Pro,Games,HP
9180,Mesa Digitalizadora Plus,informática,Sony
9190,Mouse Gamer,Eletrodomésticos,Pichau
9200,Webcam Ultra,Acessorios,Sony
9210,Mouse Ultra,Games,HP
9220,Cadeira Gamer Pro,Acessórios,LG
9230,Cadeira Gamer Pro,Móveis,Pichau
9240,Headset X,Móveis,Pichau
9250,Headset Gamer,móveis,
9260,Gabinete Basic,Acessórios,Apple
9270,Teclado Basic,Games,Asus
9280,Headset Gamer,Games,Logitech
9290,Mouse Gamer,Acessórios,LG
9300,Teclado Gamer,Acessórios,Samsung
9310,Webcam Basic,Móveis,Dell
9320,Teclado V2,Games,LG
9330,Cadeira Gamer Basic,Eletrônicos,Samsung
9340,Mouse Gamer,Informática,LG
9350,Teclado Basic,Eletrônicos,Asus
9360,Gabinete Pro,eletrodomésticos,
9370,Mesa Digitalizadora Gamer,Games,Asus
9380,Mesa Digitalizadora V2,Games,Dell
9390,Monitor V2,Eletrodomésticos,Pichau
9400,Notebook V2,Eletrodomésticos,Sony
9410,Headset Ultra,Acessórios,Sony
9420,Cadeira Gamer X,Eletrodomésticos,Pichau
9430,Mouse Pro,Acessórios,Apple
9440,Cadeira Gamer V2,Eletrodomésticos,Samsung
9450,Cadeira Gamer Pro,Informatica,LG
9460,Webcam V2,Eletronicos,Sony
9470,Smartphone Pro,Eletrônicos,Asus
9480,Smartphone V2,Informática,LG
9490,Webcam Ultra,Eletrônicos,Sony
9500,Monitor X,Eletrônicos,Asus
9510,Notebook Plus,Informática,Samsung
9520,Mouse Gamer,Eletrodomésticos,Samsung
9530,Notebook X,Acessórios,Asus
9540,Teclado Gamer,Eletrodomésticos,Logitech
9550,Mesa Digitalizadora Plus,Games,HP
9560,Mouse Ultra,Eletrônicos,Dell
9570,Cadeira Gamer Gamer,Eletrônicos,HP
9580,Cadeira Gamer V2,Informática,Pichau
9590,Teclado Ultra,Eletrodomésticos,Logitech
9600,Monitor V2,Informática,Lenovo
9610,Mesa Digitalizadora X,Informatica,Lenovo
9620,Gabinete Plus,Informática,Pichau
9630,Cadeira Gamer Ultra,Informática,Logitech
9640,Mesa Digitalizadora Ultra,Informática,Pichau
9650,Gabinete Ultra,Móveis,Lenovo
9660,Mesa Digitalizadora Basic,Eletrônicos,Sony
9670,Mouse Ultra,Eletrônicos,Pichau
9680,Notebook X,Móveis,Sony
9690,Notebook Basic,Acessórios,Asus
9700,Mesa Digitalizadora Plus,Acessórios,LG
9710,Mouse Plus,eletrodomésticos,
9720,Teclado X,Eletrônicos,Sony
9730,Headset Plus,Móveis,Dell
9740,Gabinete Gamer,Acessórios,Samsung
9750,Smartphone Ultra,Games,Samsung
9760,Mesa Digitalizadora Basic,Informática,Logitech
9770,Mouse Pro,Móveis,Logitech
9780,Mesa Digitalizadora Ultra,Games,Asus
9790,Mesa Digitalizadora X,Games,Sony
9800,Monitor V2,Eletrônicos,Sony
9810,Headset Gamer,Móveis,Logitech
9820,Smartphone Pro,Móveis,Dell
9830,Teclado Ultra,Eletrodomésticos,Pichau
9840,Headset Ultra,Acessórios,Lenovo
9850,Cadeira Gamer Pro,Móveis,Apple
9860,Notebook Basic,móveis,
9870,Monitor X,Games,Sony
9880,Monitor Plus,Informática,LG
9890,Mesa Digitalizadora V2,Acessórios,Apple
9900,Headset Ultra,Acessórios,LG
9910,Smartphone Pro,Eletrodomésticos,LG
9920,Gabinete Pro,Informática,Samsung
9930,Webcam X,Móveis,Asus
9940,Notebook X,Eletrônicos,Logitech
9950,Mesa Digitalizadora V2,Games,LG
9960,Mesa Digitalizadora Basic,Acessórios,Logitech
9970,Notebook Pro,Informática,HP
9980,Cadeira Gamer V2,Eletrodomésticos,Logitech
9990,Teclado Pro,Móveis,Samsung
10000,Headset Plus,Eletrônicos,Pichau
10010,Webcam Plus,Eletrônicos,HP
10020,Headset Gamer,Móveis,HP
10030,Notebook Pro,Eletrônicos,Pichau
10040,Cadeira Gamer Plus,Móveis,Lenovo
10050,Teclado Ultra,Eletrodomésticos,Lenovo
10060,Mouse Gamer,Eletrodomésticos,Asus
10070,Smartphone Plus,Games,Pichau
10080,Teclado Gamer,Eletrodomésticos,HP
10090,Teclado Ultra,Informatica,Pichau
10100,Teclado Ultra,Informática,Sony
10110,Monitor Pro,Eletrônicos,Apple
10120,Gabinete Gamer,Acessórios,Logitech
10130,Teclado Basic,Games,Asus
10140,Cadeira Gamer Ultra,Acessórios,Asus
10150,Notebook Ultra,Eletrônicos,Apple
10160,Mouse Basic,Móveis,LG
10170,Headset Basic,informática,
10180,Headset V2,Acessórios,LG
10190,Teclado Pro,Informática,Samsung
10200,Cadeira Gamer Gamer,Informática,Dell
10210,Cadeira Gamer V2,eletrônicos,
10220,Mouse Pro,Games,Apple
10230,Teclado Ultra,Acessórios,Samsung
10240,Gabinete X,Móveis,Sony
10250,Mesa Digitalizadora Basic,Eletrônicos,LG
10260,Mesa Digitalizadora Pro,Eletrônicos,Lenovo
10270,Webcam Pro,Eletrodomésticos,HP
10280,Cadeira Gamer V2,Eletrônicos,LG
10290,Gabinete Plus,Acessórios,Apple
10300,Teclado Basic,games,
10310,Notebook V2,Acessórios,Dell
10320,Webcam X,Games,Pichau
10330,Notebook Gamer,Eletrodomésticos,Lenovo
10340,Teclado Pro,Eletrodomésticos,Lenovo
10350,Notebook Gamer,móveis,Apple
10360,Mouse Gamer,Informática,Sony
10370,Webcam X,Games,Apple
10380,Headset Pro,Informática,Pichau
10390,Headset V2,Acessórios,Logitech
10400,Mesa Digitalizadora Pro,Eletrodomésticos,Dell
10410,Cadeira Gamer X,Eletrônicos,HP
10420,Mouse V2,acessórios,
10430,Smartphone Basic,Informática,Pichau
10440,Headset Ultra,Móveis,Samsung
10450,Monitor Pro,Acessórios,Dell
10460,Mesa Digitalizadora Pro,acessórios,
10470,Headset X,Eletrônicos,HP
10480,Mesa Digitalizadora Ultra,Eletrônicos,Dell
10490,Webcam Plus,Acessórios,Samsung
10500,Notebook X,Eletrodomésticos,Lenovo
10510,Teclado V2,Acessorios,Logitech
10520,Mesa Digitalizadora Pro,Acessórios,Lenovo
10530,Monitor X,Acessórios,Asus
10540,Headset Basic,Eletrodomésticos,Pichau
10550,Headset Basic,Games,Lenovo
10560,Gabinete X,Eletrodomésticos,HP
10570,Mouse Pro,Informatica,Apple
10580,Mesa Digitalizadora Pro,Eletrônicos,Logitech
10590,Headset Ultra,Acessórios,Apple
10600,Mouse Plus,Games,Pichau
10610,Cadeira Gamer X,Eletrônicos,Sony
10620,Gabinete V2,Móveis,Pichau
10630,Mouse X,Eletrônicos,HP
10640,Headset Ultra,Informática,Sony
10650,Notebook Plus,Informática,HP
10660,Headset Basic,Acessorios,Apple
10670,Mesa Digitalizadora Pro,Eletrodomésticos,HP
10680,Smartphone V2,Eletrodomésticos,Samsung
10690,Headset X,Acessórios,Apple
10700,Mesa Digitalizadora Basic,Eletrônicos,Dell
10710,Mesa Digitalizadora V2,Acessórios,Samsung
10720,Teclado V2,Eletrodomésticos,Asus
10730,Headset Plus,Acessórios,Samsung
10740,Monitor Ultra,Acessórios,Lenovo
10750,Headset Basic,Acessórios,Samsung
10760,Smartphone X,Móveis,Pichau
10770,Headset Ultra,Eletrodomésticos,Sony
10780,Gabinete X,Informática,LG
10790,Smartphone X,Acessórios,Pichau
10800,Mesa Digitalizadora Basic,Informática,Samsung
10810,Cadeira Gamer V2,Informática,Sony
10820,Webcam Gamer,Acessórios,Lenovo
10830,Smartphone Pro,Eletrodomésticos,Apple
10840,Notebook Ultra,Eletrodomésticos,Pichau
10850,Gabinete Pro,Acessórios,Samsung
10860,Mouse Pro,Informática,Sony
10870,Smartphone V2,Eletrodomésticos,Apple
10880,Cadeira Gamer X,Eletrodomésticos,HP
10890,Teclado V2,Eletrônicos,Asus
10900,Mesa Digitalizadora Gamer,Acessórios,Dell
10910,Smartphone Plus,Games,Samsung
10920,Mouse Plus,Eletrodomésticos,HP
10930,Webcam Basic,Acessórios,Logitech
10940,Headset Ultra,Informática,LG
10950,Mesa Digitalizadora Gamer,Móveis,Apple
10960,Mesa Digitalizadora Plus,Acessórios,Pichau
10970,Smartphone Ultra,Games,Samsung
10980,Monitor Ultra,Eletrodomésticos,Lenovo
10990,Monitor Pro,Eletrônicos,Apple
11000,Smartphone V2,Informática,Dell
11010,Monitor Plus,Eletrônicos,Samsung
11020,Cadeira Gamer Basic,Móveis,Apple
11030,Headset Ultra,Games,Apple
11040,Headset V2,Informática,Pichau
11050,Teclado Ultra,Móveis,Asus
11060,Webcam V2,Eletrodomésticos,Apple
11070,Headset X,Acessórios,Apple
11080,Mesa Digitalizadora Plus,eletrônicos,Dell
11090,Notebook Pro,Eletrodomésticos,Lenovo
11100,Mesa Digitalizadora Gamer,Eletrodomésticos,Lenovo
11110,Webcam Ultra,Eletrônicos,Sony
11120,Monitor Plus,Informática,Asus
11130,Gabinete Ultra,Eletrodomésticos,Dell
11140,Monitor X,Acessórios,LG
11150,Gabinete V2,Eletrodomésticos,HP
11160,Smartphone Plus,Eletrodomésticos,Lenovo
11170,Headset Ultra,Móveis,Dell
11180,Monitor Ultra,Eletrônicos,LG
11190,Monitor X,Móveis,Sony
11200,Teclado Plus,Eletrodomésticos,Sony
11210,Mouse Pro,Móveis,Sony
11220,Monitor Basic,Móveis,Samsung
11230,Gabinete V2,Informática,Asus
11240,Mesa Digitalizadora V2,Acessórios,Lenovo
11250,Webcam Pro,Eletrônicos,HP
11260,Mesa Digitalizadora Basic,eletrodomésticos,
11270,Monitor Ultra,Informática,Sony
11280,Teclado Plus,Móveis,Pichau
11290,Smartphone Basic,Acessórios,Sony
11300,Smartphone Basic,Acessórios,Dell
11310,Cadeira Gamer Basic,Móveis,Logitech
11320,Teclado Plus,Eletrodomésticos,HP
11330,Headset Basic,Móveis,Asus
11340,Mesa Digitalizadora Ultra,Eletrônicos,Lenovo
11350,Webcam Basic,Móveis,Lenovo
11360,Cadeira Gamer Basic,Informática,Logitech
11370,Gabinete Plus,Móveis,Sony
11380,Gabinete Gamer,Acessórios,Apple
11390,Mouse Plus,Eletrodomésticos,Samsung
11400,Notebook Ultra,Games,HP
11410,Monitor Pro,Games,HP
11420,Teclado Plus,Informática,Dell
11430,Webcam Ultra,Eletrônicos,Logitech
11440,Headset Basic,Acessórios,Apple
11450,Headset X,Móveis,Dell
11460,Cadeira Gamer Ultra,Eletrodomésticos,Asus
11470,Monitor Ultra,móveis,
11480,Gabinete Pro,Informática,Asus
11490,Smartphone Pro,Eletrônicos,Dell
11500,Gabinete X,Games,Pichau
11510,Mesa Digitalizadora Ultra,Eletrônicos,Samsung
11520,Cadeira Gamer X,Acessórios,Sony
11530,Smartphone Gamer,Games,Samsung
11540,Mesa Digitalizadora X,Móveis,Apple
11550,Monitor Gamer,Acessorios,Lenovo
11560,Notebook Plus,Móveis,Apple
11570,Notebook X,Móveis,Samsung
11580,Cadeira Gamer Gamer,Eletrodomésticos,HP
11590,Gabinete Basic,Eletrônicos,Dell
11600,Monitor V2,Acessórios,Sony
11610,Mouse V2,Móveis,Logitech
11620,Webcam Basic,Eletrônicos,Samsung
11630,Mesa Digitalizadora X,Acessórios,Dell
11640,Webcam Basic,Acessórios,Apple
11650,Mouse Basic,Acessórios,Lenovo
11660,Mouse X,Eletrônicos,Asus
11670,Cadeira Gamer V2,Games,Samsung
11680,Webcam Plus,Móveis,Logitech
11690,Gabinete Gamer,Eletrônicos,Dell
11700,Mouse Plus,Eletrônicos,Lenovo
11710,Smartphone Pro,Games,HP
11720,Webcam Pro,Eletrônicos,Logitech
11730,Cadeira Gamer Pro,Informática,Lenovo
11740,Teclado X,Eletrodomésticos,Pichau
11750,Mesa Digitalizadora Ultra,Informática,Asus
11760,Headset Basic,Eletrodomésticos,Samsung
11770,Mesa Digitalizadora Ultra,Games,HP
11780,Mesa Digitalizadora X,Eletrônicos,Lenovo
11790,Cadeira Gamer V2,Eletrodomésticos,Pichau
11800,Smartphone Basic,Eletrônicos,Dell
11810,Teclado Plus,Eletrodomésticos,Sony
11820,Smartphone V2,Games,Pichau
11830,Monitor Ultra,Acessórios,HP
11840,Headset Pro,Acessórios,Asus
11850,Gabinete V2,Games,Dell
11860,Cadeira Gamer Ultra,Eletrodomésticos,HP
11870,Gabinete Plus,Informatica,Logitech
11880,Gabinete Pro,Móveis,Pichau
11890,Mesa Digitalizadora Pro,Eletrodomésticos,HP
11900,Monitor Pro,Acessórios,Pichau
11910,Mouse Ultra,Eletrodomésticos,HP
11920,Gabinete Plus,Acessórios,LG
11930,Teclado Gamer,Eletrônicos,Dell
11940,Teclado Ultra,Informatica,HP
11950,Headset Pro,Eletrodomésticos,Lenovo
11960,Gabinete Basic,Informatica,Dell
11970,Gabinete Pro,Eletrodomésticos,Sony
11980,Teclado X,Eletrodomésticos,Apple
11990,Mesa Digitalizadora V2,Games,Sony
12000,Webcam Pro,Eletrônicos,LG
12010,Mesa Digitalizadora Ultra,Eletrônicos,Logitech
12020,Mouse Basic,Eletrônicos,Sony
12030,Headset Pro,Games,HP
12040,Mesa Digitalizadora Basic,Eletrodomésticos,Logitech
12050,Mouse Pro,Games,Samsung
12060,Cadeira Gamer Gamer,Eletrônicos,Sony
12070,Notebook V2,Games,Logitech
12080,Gabinete Plus,Acessórios,Apple
12090,Smartphone X,Acessórios,Logitech
12100,Cadeira Gamer Basic,Eletrônicos,HP
12110,Teclado Gamer,Eletrônicos,Sony
12120,Webcam Pro,Games,Pichau
12130,Cadeira Gamer Pro,Eletrônicos,Dell
12140,Mesa Digitalizadora Plus,Eletrônicos,Sony
12150,Cadeira Gamer Pro,Eletrodomésticos,Asus
12160,Cadeira Gamer Ultra,Games,Sony
12170,Mesa Digitalizadora V2,Games,Apple
12180,Webcam Basic,Móveis,Asus
12190,Mesa Digitalizadora Gamer,Eletrônicos,HP
12200,Mesa Digitalizadora Gamer,Informática,Logitech
12210,Teclado Gamer,Eletrônicos,Sony
12220,Teclado Ultra,Eletrodomésticos,Lenovo
12230,Smartphone Gamer,Eletrônicos,Samsung
12240,Mouse Basic,Móveis,Dell
12250,Headset Pro,Eletrônicos,Asus
12260,Gabinete X,Acessórios,Sony
12270,Smartphone X,Games,Dell
12280,Smartphone Ultra,Informática,Logitech
12290,Mouse Basic,Móveis,Samsung
12300,Gabinete Ultra,Eletrônicos,Apple
12310,Mouse Plus,Games,Dell
12320,Mouse V2,Games,LG
12330,Cadeira Gamer Pro,Games,Sony
12340,Mouse Basic,Informática,HP
12350,Gabinete Plus,Eletrônicos,Pichau
12360,Teclado V2,Eletrônicos,Sony
12370,Gabinete X,Móveis,Lenovo
12380,Gabinete Basic,Games,Samsung
12390,Notebook X,Informática,HP
12400,Webcam Pro,Moveis,Apple
12410,Cadeira Gamer V2,Games,Apple
12420,Cadeira Gamer Pro,Games,Logitech
12430,Headset Ultra,Eletrodomésticos,Logitech
12440,Mesa Digitalizadora Pro,Acessórios,Dell
12450,Teclado X,Móveis,Sony
12460,Gabinete Basic,Eletrônicos,Asus
12470,Mouse Basic,Informática,Sony
12480,Smartphone X,Eletrônicos,Sony
12490,Webcam Basic,Acessórios,LG
12500,Webcam Plus,Informática,HP
12510,Cadeira Gamer Pro,Informática,Samsung
12520,Mesa Digitalizadora V2,Eletrônicos,Sony
12530,Headset Pro,Móveis,Asus
12540,Webcam Basic,Acessórios,Samsung
12550,Webcam Pro,Acessórios,Lenovo
12560,Gabinete V2,Eletrodomésticos,Samsung
12570,Teclado Ultra,Eletrodomésticos,Apple
12580,Monitor Plus,Acessórios,Apple
12590,Teclado Plus,Games,Apple
12600,Headset V2,Eletronicos,Asus
12610,Cadeira Gamer Gamer,Informática,Pichau
12620,Monitor Plus,Eletrônicos,HP
12630,Mesa Digitalizadora Pro,Eletrodomésticos,LG
12640,Gabinete X,Games,Asus
12650,Monitor V2,Acessórios,LG
12660,Gabinete Gamer,Eletrodomésticos,Samsung
12670,Teclado Ultra,Games,Sony
12680,Teclado Ultra,Eletrodomésticos,Apple
12690,Cadeira Gamer Basic,Informática,Logitech
12700,Cadeira Gamer Basic,acessórios,Logitech
12710,Gabinete Basic,Acessórios,Samsung
12720,Mouse Gamer,Acessórios,Asus
12730,Cadeira Gamer Pro,Acessorios,LG
12740,Gabinete V2,Eletrodomésticos,Logitech
12750,Mesa Digitalizadora Basic,Eletrodomésticos,Lenovo
12760,Mouse Pro,Móveis,Dell
12770,Teclado Gamer,Games,Apple
12780,Cadeira Gamer Gamer,Informática,Asus
12790,Gabinete V2,Acessórios,Dell
12800,Notebook Pro,Games,Asus
12810,Monitor Basic,Informática,Lenovo
12820,Webcam Pro,Games,LG
12830,Headset Ultra,Eletrônicos,LG
12840,Teclado Basic,Eletrodomésticos,Samsung
12850,Cadeira Gamer Ultra,Eletrônicos,Apple
12860,Smartphone Pro,Eletrônicos,Dell
12870,Mouse X,Games,Apple
12880,Notebook Ultra,Móveis,Sony
12890,Smartphone Plus,Eletrodomésticos,Pichau
12900,Webcam V2,Móveis,Asus
12910,Smartphone X,informática,Logitech
12920,Webcam V2,Acessórios,Samsung
12930,Cadeira Gamer Pro,Eletrônicos,Samsung
12940,Cadeira Gamer Basic,Acessórios,Apple
12950,Webcam V2,Games,Logitech
12960,Cadeira Gamer Basic,Acessórios,Pichau
12970,Monitor X,Móveis,Lenovo
12980,Notebook V2,Eletrônicos,Asus
12990,Headset Basic,Eletrônicos,Lenovo
13000,Webcam Gamer,Móveis,Sony
13010,Teclado Plus,Informática,Sony
13020,Mesa Digitalizadora Pro,Eletrodomésticos,Sony
13030,Notebook Gamer,Games,Asus
13040,Webcam Plus,Eletrônicos,Lenovo
13050,Webcam Basic,Eletrônicos,Asus
13060,Smartphone Basic,Móveis,Asus
13070,Notebook Plus,Eletrodomésticos,Samsung
13080,Mouse Plus,Informática,Apple
13090,Headset X,Informática,Pichau
13100,Notebook Plus,Games,Sony
13110,Webcam Ultra,Acessórios,Dell
13120,Monitor Gamer,Eletrodomésticos,Lenovo
13130,Cadeira Gamer Basic,Eletrodomésticos,Dell
13140,Mesa Digitalizadora X,Games,Logitech
13150,Mouse Ultra,games,Apple
13160,Headset V2,Móveis,LG
13170,Webcam X,Acessórios,Samsung
13180,Headset Pro,Eletrodomésticos,Logitech
13190,Mouse Pro,Informática,Samsung
13200,Mouse X,Móveis,Logitech
13210,Cadeira Gamer Ultra,Acessórios,Apple
13220,Teclado Plus,Informática,Logitech
13230,Mesa Digitalizadora Plus,Acessórios,Dell
13240,Smartphone Gamer,Móveis,LG
13250,Mesa Digitalizadora Pro,Móveis,Logitech
13260,Smartphone Plus,games,HP
13270,Notebook Gamer,Eletrodomésticos,HP
13280,Gabinete Gamer,Eletrodomésticos,Samsung
13290,Mesa Digitalizadora Pro,Eletrônicos,Sony
13300,Cadeira Gamer Gamer,acessórios,
13310,Cadeira Gamer Basic,Games,Dell
13320,Gabinete Pro,Games,Samsung
13330,Webcam Pro,Acessórios,HP
13340,Teclado Basic,Games,Samsung
13350,Monitor Gamer,Acessórios,Dell
13360,Notebook Gamer,Eletrônicos,Dell
13370,Smartphone Gamer,Eletrônicos,LG
13380,Notebook X,Acessórios,Samsung
13390,Headset Plus,Informática,Dell
13400,Gabinete Ultra,Games,Pichau
13410,Gabinete Basic,Eletrodomésticos,LG
13420,Gabinete Pro,Eletronicos,Pichau
13430,Webcam X,Games,Pichau
13440,Teclado Gamer,Games,HP
13450,Notebook Basic,Móveis,Sony
13460,Gabinete V2,Games,Asus
13470,Mesa Digitalizadora Plus,Games,Asus
13480,Mesa Digitalizadora Gamer,Eletrodomésticos,LG
13490,Headset Plus,Acessórios,Lenovo
13500,Mouse Gamer,Móveis,Apple
13510,Cadeira Gamer X,Eletrônicos,LG
13520,Mesa Digitalizadora Basic,Acessorios,Pichau
13530,Gabinete Pro,Games,Logitech
13540,Smartphone Plus,Acessorios,Dell
13550,Cadeira Gamer Gamer,Móveis,Logitech
13560,Monitor V2,Informática,Logitech
13570,Cadeira Gamer Gamer,Acessórios,Logitech
13580,Monitor Plus,Móveis,Pichau
13590,Teclado Basic,Eletrodomésticos,Lenovo
13600,Gabinete Basic,Games,Dell
13610,Gabinete X,Acessórios,Pichau
13620,Teclado Pro,Acessórios,Pichau
13630,Mesa Digitalizadora V2,Eletrodomésticos,Dell
13640,Teclado Plus,Informática,HP
13650,Webcam Pro,Games,LG
13660,Teclado Gamer,Eletrodomésticos,Pichau
13670,Monitor Plus,Moveis,Logitech
13680,Monitor Ultra,Informática,Pichau
13690,Monitor Pro,Games,HP
13700,Headset Gamer,Informática,Logitech
13710,Gabinete Plus,Games,HP
13720,Monitor Ultra,Móveis,Samsung
13730,Teclado Plus,Eletrônicos,HP
13740,Monitor V2,Moveis,Samsung
13750,Monitor Plus,Informática,Lenovo
13760,Notebook V2,Eletrodomésticos,Asus
13770,Teclado Ultra,Eletrônicos,LG
13780,Headset Pro,Eletrodomésticos,Lenovo
13790,Notebook Gamer,Acessórios,HP
13800,Notebook Plus,Eletrônicos,LG
13810,Headset X,Móveis,Dell
13820,Teclado V2,Informática,Samsung
13830,Teclado Pro,Games,LG
13840,Mouse Plus,Informática,HP
13850,Headset X,Eletrônicos,Logitech
13860,Teclado V2,Informática,Asus
13870,Gabinete Ultra,Móveis,HP
13880,Cadeira Gamer V2,Eletrodomésticos,Logitech
13890,Teclado Ultra,Informática,LG
13900,Mouse Gamer,Móveis,HP
13910,Monitor Plus,Acessórios,Lenovo
13920,Mesa Digitalizadora Plus,Acessórios,HP
13930,Mesa Digitalizadora Basic,Eletrodomésticos,Asus
13940,Mesa Digitalizadora Basic,Informatica,LG
13950,Mouse V2,Games,Lenovo
13960,Mesa Digitalizadora V2,Moveis,Sony
13970,Teclado Plus,Eletrônicos,Pichau
13980,Webcam Plus,Informática,Lenovo
13990,Smartphone Pro,Eletrônicos,Lenovo
14000,Monitor X,Games,Samsung
14010,Cadeira Gamer Gamer,Móveis,LG
14020,Gabinete V2,Móveis,Logitech
14030,Mesa Digitalizadora Ultra,móveis,
14040,Monitor X,Eletrônicos,Logitech
14050,Teclado Plus,Acessórios,Logitech
14060,Notebook Gamer,Acessórios,Pichau
14070,Cadeira Gamer Gamer,Eletrônicos,HP
14080,Teclado Basic,Eletrônicos,Pichau
14090,Webcam Basic,Eletrodomésticos,Asus
14100,Notebook Pro,Acessórios,Samsung
14110,Webcam Pro,Games,Logitech
14120,Smartphone Plus,acessórios,
14130,Gabinete V2,Móveis,Asus
14140,Headset X,Informática,Logitech
14150,Smartphone Basic,Acessórios,Sony
14160,Teclado Ultra,Eletrodomésticos,LG
14170,Notebook Gamer,Móveis,Dell
14180,Mouse Ultra,Informática,Sony
14190,Smartphone Basic,Eletrônicos,HP
14200,Headset Basic,Informática,Samsung
14210,Cadeira Gamer Pro,Games,Dell
14220,Cadeira Gamer X,acessórios,
14230,Webcam Gamer,Games,Dell
14240,Headset Basic,Games,Asus
14250,Headset Basic,Eletrodomésticos,Dell
14260,Mouse X,Informática,Dell
14270,Cadeira Gamer V2,Acessórios,Asus
14280,Headset Plus,Informática,HP
14290,Webcam Basic,Informática,LG
14300,Mouse Basic,Games,HP
14310,Smartphone X,Games,HP
14320,Smartphone Ultra,Games,Samsung
14330,Notebook Plus,Informática,Logitech
14340,Monitor X,Eletrônicos,Lenovo
14350,Monitor Plus,Informática,Lenovo
14360,Mesa Digitalizadora Ultra,Eletrônicos,Dell
14370,Smartphone Gamer,Acessórios,Lenovo
14380,Webcam Gamer,Eletrônicos,Pichau
14390,Notebook Pro,móveis,
14400,Smartphone Gamer,Games,Sony
14410,Mesa Digitalizadora Ultra,Games,Lenovo
14420,Smartphone Ultra,Eletrônicos,Sony
14430,Cadeira Gamer X,Eletrodomésticos,Lenovo
14440,Smartphone Ultra,Eletrodomésticos,Sony
14450,Gabinete Basic,Informática,Samsung
14460,Smartphone X,Eletrodomésticos,Dell
14470,Cadeira Gamer Ultra,Eletrodomésticos,Dell
14480,Gabinete Gamer,Móveis,Dell
14490,Monitor Gamer,Móveis,Samsung
14500,Monitor X,Games,Samsung
14510,Notebook Basic,Eletrodomésticos,Samsung
14520,Mesa Digitalizadora V2,Acessórios,Apple
14530,Monitor X,Games,Apple
14540,Gabinete V2,Eletrônicos,Samsung
14550,Teclado X,Acessórios,Dell
14560,Teclado Gamer,Games,Lenovo
14570,Mesa Digitalizadora X,Games,Dell
14580,Cadeira Gamer V2,Games,LG
14590,Mouse V2,Acessórios,Pichau
14600,Mouse Basic,Acessórios,Pichau
14610,Notebook X,Eletrodomésticos,Logitech
14620,Teclado X,Informática,Apple
14630,Headset Basic,Eletrodomésticos,Sony
14640,Mesa Digitalizadora X,Móveis,HP
14650,Webcam Ultra,Móveis,Lenovo
14660,Teclado Pro,Eletrodomésticos,LG
14670,Headset X,Games,Pichau
14680,Mouse Basic,Eletrodomésticos,Pichau
14690,Teclado V2,Eletrodomésticos,Logitech
14700,Cadeira Gamer Pro,Games,Pichau
14710,Monitor Ultra,Informática,Lenovo
14720,Headset X,Eletrodomésticos,Apple
14730,Mesa Digitalizadora Basic,Informática,Logitech
14740,Cadeira Gamer Gamer,Acessórios,HP
14750,Webcam Ultra,Acessórios,HP
14760,Cadeira Gamer Gamer,Móveis,Logitech
14770,Mouse X,Informática,Samsung
14780,Notebook Ultra,Informática,HP
14790,Monitor Gamer,Informática,Logitech
14800,Smartphone Gamer,Móveis,Lenovo
14810,Mouse Pro,Games,Pichau
14820,Cadeira Gamer Plus,Móveis,LG
14830,Teclado X,Eletrônicos,Asus
14840,Monitor V2,Games,HP
14850,Notebook V2,Eletrônicos,Sony
14860,Headset V2,Eletrônicos,HP
14870,Smartphone Ultra,Games,LG
14880,Cadeira Gamer Gamer,Eletrônicos,Asus
14890,Gabinete Basic,Games,Apple
14900,Mesa Digitalizadora V2,Games,Asus
14910,Mesa Digitalizadora Pro,Games,Dell
14920,Mesa Digitalizadora V2,Móveis,Dell
14930,Gabinete X,Games,Samsung
14940,Smartphone V2,Acessórios,Lenovo
14950,Smartphone X,Informática,Samsung
14960,Smartphone Gamer,Móveis,Asus
14970,Cadeira Gamer V2,Eletrodomésticos,Sony
14980,Cadeira Gamer V2,Eletrônicos,HP
14990,Webcam X,eletrônicos,Logitech
15000,Mesa Digitalizadora X,Moveis,Asus
15010,Headset Gamer,Eletrônicos,Samsung
15020,Monitor V2,Móveis,Apple
15030,Teclado Ultra,Informática,Dell
15040,Smartphone Pro,Games,Logitech
15050,Cadeira Gamer Basic,Eletrônicos,Sony
15060,Cadeira Gamer V2,Eletronicos,LG
15070,Headset Plus,Informática,LG
15080,Headset V2,Acessórios,Logitech
15090,Mesa Digitalizadora X,Eletrônicos,Pichau
15100,Monitor V2,Informática,Logitech
15110,Teclado Plus,Eletrônicos,Sony
15120,Monitor Plus,Eletrodomésticos,Apple
15130,Webcam Gamer,Móveis,Sony
15140,Mesa Digitalizadora V2,Informática,Samsung
15150,Smartphone Plus,Games,Pichau
15160,Headset Gamer,Eletrônicos,Lenovo
15170,Gabinete V2,Eletrodomésticos,HP
15180,Smartphone Ultra,Móveis,Apple
15190,Monitor Basic,Informática,Sony
15200,Notebook Gamer,móveis,Sony
15210,Webcam Plus,eletrodomésticos,
15220,Notebook Plus,Móveis,LG
15230,Mouse Gamer,Móveis,Apple
15240,Mouse Gamer,Eletrônicos,HP
15250,Mouse Basic,Acessórios,Samsung
15260,Mesa Digitalizadora V2,Eletrônicos,HP
15270,Gabinete Ultra,Móveis,Pichau
15280,Teclado Basic,Informática,Dell
15290,Smartphone Plus,Games,Lenovo
15300,Gabinete Basic,Acessorios,HP
15310,Webcam X,Móveis,Lenovo
15320,Teclado Pro,Acessorios,Asus
15330,Webcam Basic,Eletrodomésticos,Lenovo
15340,Gabinete Ultra,Móveis,Dell
15350,Mesa Digitalizadora V2,Móveis,Samsung
15360,Monitor Plus,Acessórios,Asus
15370,Monitor Gamer,Eletrodomésticos,Apple
15380,Gabinete Pro,Games,Asus
15390,Webcam Pro,Eletrônicos,Lenovo
15400,Teclado V2,Móveis,HP
15410,Mouse V2,Acessórios,Pichau
15420,Smartphone Pro,Eletrônicos,Apple
15430,Teclado Basic,Eletrodomésticos,Dell
15440,Smartphone Pro,Eletrônicos,HP
15450,Mouse V2,Games,Sony
15460,Headset Pro,Móveis,Pichau
15470,Webcam X,Eletrodomésticos,Sony
15480,Cadeira Gamer V2,Móveis,Samsung
15490,Webcam X,Eletrodomésticos,Lenovo
15500,Teclado Basic,Games,Samsung
15510,Notebook Pro,Móveis,Sony
15520,Headset Basic,Eletrodomésticos,Samsung
15530,Notebook Plus,Móveis,HP
15540,Cadeira Gamer Gamer,Eletronicos,Asus
15550,Teclado Basic,Games,Lenovo
15560,Monitor Ultra,Informática,Asus
15570,Webcam X,Acessórios,Sony
15580,Smartphone Pro,Móveis,LG
15590,Webcam V2,Eletrodomésticos,LG
15600,Headset Plus,Acessórios,Sony
15610,Mouse V2,Informática,Asus
15620,Cadeira Gamer Pro,Eletrônicos,LG
15630,Cadeira Gamer X,acessórios,
15640,Mesa Digitalizadora Ultra,games,Asus
15650,Mesa Digitalizadora Pro,Games,Samsung
15660,Mesa Digitalizadora Plus,Informática,Apple
15670,Mesa Digitalizadora Basic,Games,Lenovo
15680,Monitor V2,Móveis,Logitech
15690,Headset V2,Eletrônicos,Samsung
15700,Webcam Pro,Eletrodomésticos,HP
15710,Headset Plus,Móveis,LG
15720,Mesa Digitalizadora X,Informática,Samsung
15730,Headset Ultra,Games,Logitech
15740,Teclado Ultra,Informática,LG
15750,Mouse Plus,Móveis,Apple
15760,Teclado X,Games,Logitech
15770,Headset Plus,Móveis,LG
15780,Mesa Digitalizadora Basic,Eletrodomésticos,Asus
15790,Cadeira Gamer V2,Games,Logitech
15800,Monitor Basic,Acessórios,Asus
15810,Smartphone X,Eletrodomésticos,Logitech
15820,Cadeira Gamer Gamer,Móveis,Samsung
15830,Mesa Digitalizadora X,Eletrodomésticos,Dell
15840,Notebook X,Informática,HP
15850,Mesa Digitalizadora Plus,eletrodomésticos,Logitech
15860,Smartphone V2,Acessórios,LG
15870,Webcam X,Eletrônicos,HP
15880,Mesa Digitalizadora Ultra,Eletrodomésticos,Asus
15890,Mouse Gamer,Acessórios,Sony
15900,Monitor Plus,Games,Lenovo
15910,Headset V2,Informática,Asus
15920,Mesa Digitalizadora Ultra,Informática,Pichau
15930,Webcam Basic,Games,Dell
15940,Monitor Gamer,Acessórios,Samsung
15950,Mouse V2,Informática,Lenovo
15960,Mouse Pro,Acessórios,LG
15970,Cadeira Gamer Basic,Games,Lenovo
15980,Smartphone Ultra,Acessórios,Asus
15990,Notebook Gamer,Eletrodomésticos,LG
16000,Gabinete Plus,Informática,LG
16010,Webcam V2,Informática,Apple
16020,Notebook Pro,Games,Samsung
16030,Smartphone Gamer,Eletrodomésticos,Lenovo
16040,Mouse V2,Games,HP
16050,Mouse Pro,Eletrodomésticos,Logitech
16060,Teclado Basic,Móveis,Sony
16070,Notebook Gamer,Móveis,Apple
16080,Monitor Pro,Móveis,Samsung
16090,Headset Ultra,Games,Logitech
16100,Cadeira Gamer X,Eletrônicos,HP
16110,Cadeira Gamer Ultra,Eletrônicos,Lenovo
16120,Headset Basic,Eletrônicos,Apple
16130,Notebook X,Eletrodomésticos,HP
16140,Cadeira Gamer Ultra,Eletrônicos,Samsung
16150,Webcam X,Acessórios,LG
16160,Mesa Digitalizadora V2,Games,Pichau
16170,Mouse X,Móveis,Dell
16180,Smartphone Basic,Móveis,Dell
16190,Smartphone Plus,Móveis,Pichau
16200,Mesa Digitalizadora Pro,Acessórios,Pichau
16210,Mouse Plus,Informática,Apple
16220,Mesa Digitalizadora X,Eletronicos,Apple
16230,Smartphone Plus,Informática,Pichau
16240,Monitor Basic,Eletrônicos,HP
16250,Webcam Basic,Games,Lenovo
16260,Teclado Basic,Móveis,Asus
16270,Webcam Basic,Acessórios,Sony
16280,Notebook X,Eletrônicos,Apple
16290,Mouse Plus,Eletrônicos,Pichau
16300,Webcam Gamer,eletrodomésticos,
16310,Monitor Gamer,Games,Logitech
16320,Webcam Plus,Eletrônicos,Pichau
16330,Teclado Ultra,Games,Pichau
16340,Webcam V2,Eletrodomésticos,Logitech
16350,Monitor Pro,Acessórios,Asus
16360,Teclado Gamer,Games,Sony
16370,Notebook V2,Móveis,Apple
16380,Monitor Gamer,Eletrodomésticos,Samsung
16390,Mouse Gamer,Acessórios,HP
16400,Notebook Ultra,Games,HP
16410,Teclado V2,Acessórios,HP
16420,Monitor X,Games,HP
16430,Mouse Ultra,Eletrônicos,Pichau
16440,Headset Plus,Informatica,Dell
16450,Mesa Digitalizadora X,Eletrodomésticos,Lenovo
16460,Webcam V2,Eletrônicos,Asus
16470,Teclado Pro,Móveis,Pichau
16480,Monitor Pro,Eletrônicos,Samsung
16490,Gabinete Pro,Móveis,Sony
16500,Cadeira Gamer X,Eletrônicos,Pichau
16510,Monitor Plus,Informática,Pichau
16520,Mouse Pro,Informática,Asus
16530,Mesa Digitalizadora Ultra,Móveis,Dell
16540,Mesa Digitalizadora Gamer,Eletrônicos,Dell
16550,Cadeira Gamer Plus,Eletrodomésticos,Sony
16560,Gabinete X,Games,LG
16570,Webcam Gamer,Acessórios,Sony
16580,Cadeira Gamer Ultra,Acessórios,Apple
16590,Headset Pro,Acessórios,Lenovo
16600,Teclado V2,Games,Samsung
16610,Mesa Digitalizadora X,Informática,LG
16620,Cadeira Gamer Ultra,Eletrodomésticos,LG
16630,Monitor Pro,Games,Asus
16640,Webcam Plus,Eletrônicos,Pichau
16650,Smartphone Plus,Eletrônicos,Dell
16660,Smartphone Ultra,Informática,HP
16670,Mouse Plus,Games,Apple
16680,Mouse Gamer,Games,Asus
16690,Mouse Pro,Acessórios,Lenovo
16700,Gabinete Basic,Acessórios,Asus
16710,Mouse Basic,Acessórios,Sony
16720,Headset V2,Acessórios,LG
16730,Mouse V2,Eletrônicos,Lenovo
16740,Mouse X,Eletrônicos,HP
16750,Notebook Ultra,Eletrônicos,HP
16760,Headset Gamer,Games,Samsung
16770,Mesa Digitalizadora X,Eletrônicos,Pichau
16780,Gabinete Gamer,Informática,HP
16790,Gabinete Plus,Games,Asus
16800,Headset Ultra,Games,Apple
16810,Smartphone Basic,Acessórios,Sony
16820,Cadeira Gamer Ultra,Móveis,Dell
16830,Teclado Plus,Móveis,Samsung
16840,Gabinete Pro,Móveis,Apple
16850,Gabinete X,Informatica,Samsung
16860,Webcam Plus,Games,Samsung
16870,Teclado X,Eletrodomésticos,Samsung
16880,Headset Ultra,Acessórios,Samsung
16890,Teclado Pro,Eletrônicos,Lenovo
16900,Webcam Basic,Informatica,Pichau
16910,Headset V2,Eletrônicos,LG
16920,Teclado Gamer,Informática,Dell
16930,Cadeira Gamer X,Games,LG
16940,Cadeira Gamer Gamer,informática,
16950,Mesa Digitalizadora Pro,Informática,HP
16960,Mouse Plus,Eletrônicos,Samsung
16970,Webcam Pro,Eletrônicos,Lenovo
16980,Webcam Ultra,Informática,HP
16990,Teclado V2,Games,Samsung
17000,Webcam Basic,Informática,Pichau
17010,Cadeira Gamer X,Eletrodomésticos,Pichau
17020,Headset Pro,Games,Dell
17030,Webcam Basic,Games,LG
17040,Cadeira Gamer V2,Móveis,Lenovo
17050,Mesa Digitalizadora Pro,Eletrodomésticos,Logitech
17060,Webcam Gamer,Acessórios,Dell
17070,Mouse Plus,Eletrônicos,HP
17080,Headset Ultra,Eletrodomésticos,LG
17090,Monitor X,eletrônicos,
17100,Gabinete Ultra,informática,Lenovo
17110,Monitor Basic,móveis,
17120,Smartphone Plus,Eletrônicos,Asus
17130,Cadeira Gamer X,Games,Asus
17140,Gabinete Gamer,Eletrônicos,Sony
17150,Smartphone Basic,Games,Apple
17160,Mesa Digitalizadora Plus,Acessorios,HP
17170,Webcam Pro,Acessórios,Apple
17180,Notebook Gamer,informática,Logitech
17190,Monitor Pro,Acessórios,Lenovo
17200,Mesa Digitalizadora V2,Informática,Pichau
17210,Monitor Basic,Acessorios,Pichau
17220,Headset X,Eletrônicos,LG
17230,Mouse Gamer,móveis,
17240,Mouse Ultra,Eletrodomésticos,Asus
17250,Notebook Plus,Informática,HP
17260,Cadeira Gamer Basic,Eletrodomésticos,Logitech
17270,Gabinete V2,Games,Asus
17280,Mouse V2,Móveis,Lenovo
17290,Monitor Gamer,Eletrodomésticos,Sony
17300,Smartphone X,Móveis,LG
17310,Webcam V2,Eletrodomésticos,HP
17320,Mouse Plus,Móveis,Samsung
17330,Monitor Ultra,Eletronicos,Pichau
17340,Webcam Plus,Informática,LG
17350,Cadeira Gamer Ultra,Informática,Pichau
17360,Mouse X,Eletrônicos,LG
17370,Mouse Gamer,Eletrônicos,Apple
17380,Cadeira Gamer Plus,Eletrônicos,Asus
17390,Gabinete Gamer,Eletrônicos,Lenovo
17400,Gabinete Gamer,Informática,Lenovo
17410,Webcam Plus,Informática,Lenovo
17420,Smartphone V2,Móveis,Apple
17430,Webcam V2,Games,Apple
17440,Notebook Gamer,Eletrodomésticos,Samsung
17450,Notebook Ultra,Informática,Asus
17460,Mesa Digitalizadora V2,Acessórios,Asus
17470,Cadeira Gamer Ultra,Móveis,Dell
17480,Monitor Ultra,Eletrodomésticos,Samsung
17490,Headset Basic,Eletrodomésticos,Logitech
17500,Mesa Digitalizadora Basic,Games,Dell
17510,Webcam Ultra,Acessórios,Dell
17520,Monitor Plus,Informática,Logitech
17530,Headset V2,Acessórios,Pichau
17540,Mouse Pro,Eletrodomésticos,LG
17550,Cadeira Gamer Plus,Acessórios,Asus
17560,Monitor Plus,Games,Samsung
17570,Headset Basic,Informática,Dell
17580,Cadeira Gamer Ultra,Games,Samsung
17590,Cadeira Gamer Basic,Móveis,Samsung
17600,Webcam V2,Games,Pichau
17610,Monitor Ultra,Móveis,Logitech
17620,Webcam Basic,Eletrônicos,Samsung
17630,Headset V2,Acessórios,Logitech
17640,Smartphone Plus,Móveis,Lenovo
17650,Notebook V2,Acessórios,Sony
17660,Monitor Gamer,Acessórios,Samsung
17670,Teclado Plus,Móveis,Apple
17680,Gabinete V2,Eletrônicos,Apple
17690,Cadeira Gamer X,Móveis,HP
17700,Teclado Ultra,Eletrodomésticos,Apple
17710,Smartphone Pro,informática,
17720,Notebook X,Acessórios,HP
17730,Cadeira Gamer Gamer,Eletrodomésticos,Pichau
17740,Smartphone Gamer,informática,
17750,Gabinete V2,Informática,HP
17760,Headset V2,Móveis,HP
17770,Mesa Digitalizadora Ultra,eletrônicos,Lenovo
17780,Teclado X,Informática,Lenovo
17790,Mouse Plus,Informática,Apple
17800,Mesa Digitalizadora Gamer,games,
17810,Webcam V2,Móveis,Dell
17820,Gabinete V2,Acessórios,Sony
17830,Monitor Ultra,Eletrônicos,Logitech
17840,Headset Gamer,Informática,Asus
17850,Teclado Ultra,Móveis,LG
17860,Mouse Plus,Acessórios,Pichau
17870,Mesa Digitalizadora Ultra,Games,Samsung
17880,Mouse Ultra,Informática,Apple
17890,Monitor Ultra,Acessórios,Apple
17900,Webcam Basic,Acessórios,Sony
17910,Webcam Gamer,Eletrodomésticos,Sony
17920,Smartphone X,Móveis,Sony
17930,Gabinete Pro,Acessórios,LG
17940,Mouse Ultra,Eletrônicos,LG
17950,Mouse Plus,Games,LG
17960,Notebook Ultra,Eletronicos,Dell
17970,Headset Gamer,Informática,Pichau
17980,Monitor Plus,Eletrônicos,Lenovo
17990,Headset Ultra,Eletronicos,Logitech
18000,Mouse Ultra,Acessórios,Pichau
18010,Gabinete Gamer,Móveis,Lenovo
18020,Smartphone V2,Móveis,Asus
18030,Webcam Ultra,Games,Apple
18040,Webcam Basic,Eletrodomésticos,LG
18050,Headset Basic,Games,Apple
18060,Notebook Ultra,Móveis,HP
18070,Webcam X,Games,Apple
18080,Smartphone Basic,Eletrodomésticos,Samsung
18090,Webcam Pro,Informática,Lenovo
18100,Smartphone V2,Games,Pichau
18110,Mesa Digitalizadora Basic,Games,Apple
18120,Cadeira Gamer Pro,Eletrônicos,LG
18130,Webcam Basic,Informática,Asus
18140,Teclado Ultra,Informática,LG
18150,Smartphone V2,Eletrodomésticos,Pichau
18160,Teclado Ultra,Eletrodomésticos,Asus
18170,Mouse V2,Acessórios,Sony
18180,Mouse Plus,Móveis,Lenovo
18190,Gabinete Basic,Móveis,Apple
18200,Gabinete Plus,Móveis,Pichau
18210,Mouse V2,Eletronicos,Dell
18220,Notebook Pro,Eletrônicos,Logitech
18230,Cadeira Gamer Pro,Eletrônicos,Asus
18240,Cadeira Gamer Plus,Eletrônicos,Logitech
18250,Gabinete Ultra,Informática,HP
18260,Cadeira Gamer X,Games,Samsung
18270,Teclado Gamer,Eletrônicos,LG
18280,Headset X,Acessórios,Sony
18290,Teclado Ultra,Acessórios,Samsung
18300,Teclado Plus,Eletrônicos,Apple
18310,Headset Plus,Acessórios,Sony
18320,Gabinete Basic,Acessorios,Sony
18330,Smartphone Gamer,Informática,Logitech
18340,Mesa Digitalizadora Ultra,Eletrônicos,Asus
18350,Mesa Digitalizadora Plus,Games,Pichau
18360,Teclado Gamer,Games,Dell
18370,Mesa Digitalizadora Gamer,Informática,Pichau
18380,Monitor V2,Eletrodomésticos,Pichau
18390,Smartphone X,móveis,Pichau
18400,Webcam Ultra,Eletrônicos,LG
18410,Webcam Ultra,Acessórios,LG
18420,Gabinete Plus,Móveis,Samsung
18430,Smartphone Basic,Móveis,Pichau
18440,Headset Pro,Games,Apple
18450,Notebook Ultra,Móveis,HP
18460,Headset Basic,Eletrônicos,HP
18470,Mouse Gamer,Informática,Asus
18480,Mouse Plus,Eletrônicos,Apple
18490,Teclado Gamer,Móveis,HP
18500,Webcam Plus,Eletrônicos,Pichau
18510,Smartphone V2,Eletrodomésticos,Apple
18520,Notebook Pro,Acessórios,Dell
18530,Cadeira Gamer Ultra,Acessórios,Asus
18540,Smartphone Gamer,Eletrônicos,Dell
18550,Mouse Ultra,Móveis,Apple
18560,Gabinete X,eletrônicos,Logitech
18570,Webcam X,Eletrodomésticos,LG
18580,Cadeira Gamer Basic,Eletrodomésticos,Pichau
18590,Smartphone Gamer,Informática,Logitech
18600,Monitor Ultra,Móveis,Apple
18610,Monitor X,Móveis,Lenovo
18620,Gabinete Gamer,Eletrônicos,Sony
18630,Notebook Gamer,Eletrônicos,Logitech
18640,Monitor Basic,eletrodomésticos,
18650,Mouse V2,Eletrônicos,Asus
18660,Gabinete Basic,Informática,Lenovo
18670,Gabinete Plus,Acessórios,Logitech
18680,Cadeira Gamer Ultra,Eletrodomésticos,Samsung
18690,Mouse X,Informática,Logitech
18700,Mouse Ultra,Games,Asus
18710,Headset Ultra,Informática,Asus
18720,Mouse V2,Móveis,HP
18730,Mesa Digitalizadora V2,Informática,Logitech
18740,Mesa Digitalizadora V2,Eletrônicos,HP
18750,Smartphone Gamer,Acessórios,HP
18760,Webcam Ultra,Móveis,Apple
18770,Notebook Basic,Games,Sony
18780,Monitor X,Eletrodomésticos,Samsung
18790,Mesa Digitalizadora Plus,Móveis,Lenovo
18800,Mouse Basic,Eletrodomésticos,Apple
18810,Teclado Pro,Acessórios,Asus
18820,Webcam Basic,Eletrodomésticos,Asus
18830,Gabinete V2,Eletrônicos,HP
18840,Smartphone V2,Móveis,Apple
18850,Cadeira Gamer Plus,Informática,Sony
18860,Monitor Pro,Eletrodomésticos,LG
18870,Headset Ultra,Acessórios,Samsung
18880,Cadeira Gamer V2,informática,Logitech
18890,Cadeira Gamer Plus,Eletrônicos,Dell
18900,Mouse Gamer,Games,Samsung
18910,Webcam Ultra,games,
18920,Cadeira Gamer V2,eletrônicos,
18930,Mesa Digitalizadora Pro,Eletrodomésticos,LG
18940,Mouse Pro,Acessórios,Asus
18950,Webcam X,Eletronicos,Logitech
18960,Notebook X,Acessórios,Asus
18970,Webcam Plus,Eletrodomésticos,Logitech
18980,Smartphone Pro,Eletrodomésticos,Lenovo
18990,Headset Ultra,Informática,HP
19000,Smartphone Pro,Móveis,Sony
19010,Mesa Digitalizadora Plus,Games,Sony
19020,Gabinete V2,Eletrodomésticos,Pichau
19030,Cadeira Gamer Ultra,Acessórios,Pichau
19040,Cadeira Gamer Basic,Games,Lenovo
19050,Headset Basic,Eletrodomésticos,Lenovo
19060,Headset Pro,Eletrodomésticos,LG
19070,Smartphone Pro,Eletrônicos,Asus
19080,Teclado Plus,Games,Lenovo
19090,Webcam Ultra,Acessórios,Asus
19100,Smartphone Ultra,Informática,LG
19110,Webcam Ultra,Eletrodomésticos,Sony
19120,Smartphone Ultra,Acessórios,Samsung
19130,Cadeira Gamer Ultra,Móveis,Lenovo
19140,Teclado Basic,Eletrodomésticos,Apple
19150,Gabinete X,Eletrodomésticos,Sony
19160,Notebook Basic,Moveis,Apple
19170,Mouse Ultra,Móveis,HP
19180,Headset Gamer,Acessórios,Asus
19190,Teclado Basic,Moveis,Asus
19200,Headset V2,Eletrônicos,Apple
19210,Webcam Gamer,Eletrônicos,Apple
19220,Gabinete Plus,Eletrônicos,Samsung
19230,Cadeira Gamer X,Acessórios,Dell
19240,Mouse Pro,Acessórios,Logitech
19250,Cadeira Gamer Pro,Games,LG
19260,Mesa Digitalizadora V2,Games,Apple
19270,Teclado Basic,Móveis,Pichau
19280,Mouse V2,Eletrodomésticos,Logitech
19290,Notebook Pro,Eletrodomésticos,LG
19300,Notebook Ultra,Móveis,Pichau
19310,Headset Plus,Acessórios,LG
19320,Mesa Digitalizadora Ultra,Eletrodomésticos,Logitech
19330,Smartphone Ultra,Móveis,Pichau
19340,Webcam Ultra,Informática,Sony
19350,Mesa Digitalizadora Pro,Acessórios,Lenovo
19360,Mesa Digitalizadora Plus,Móveis,Pichau
19370,Smartphone Ultra,Eletrodomésticos,Asus
19380,Mesa Digitalizadora Gamer,Móveis,Logitech
19390,Gabinete Basic,acessórios,
19400,Mesa Digitalizadora Gamer,Acessórios,Samsung
19410,Webcam Basic,Informática,Asus
19420,Notebook Ultra,Eletrodomésticos,Lenovo
19430,Teclado Plus,Eletrônicos,Samsung
19440,Notebook Gamer,Eletrônicos,HP
19450,Webcam X,Eletrônicos,Apple
19460,Webcam X,Informática,LG
19470,Notebook Gamer,Informática,Lenovo
19480,Notebook V2,Informática,Sony
19490,Webcam X,Eletrônicos,Lenovo
19500,Gabinete Basic,Eletrônicos,Apple
19510,Headset Gamer,Eletrônicos,Sony
19520,Notebook Basic,Eletrodomésticos,Logitech
19530,Mouse Gamer,Acessórios,Apple
19540,Gabinete Gamer,Acessórios,Samsung
19550,Monitor Ultra,Móveis,Lenovo
19560,Gabinete Basic,Móveis,Pichau
19570,Mesa Digitalizadora V2,Informatica,Sony
19580,Gabinete Plus,Móveis,Dell
19590,Mesa Digitalizadora Pro,Acessórios,Dell
19600,Gabinete Basic,Eletrodomésticos,Samsung
19610,Cadeira Gamer V2,Eletrônicos,Samsung
19620,Smartphone Basic,Móveis,Asus
19630,Teclado X,Informática,Apple
19640,Webcam Pro,móveis,Samsung
19650,Mesa Digitalizadora Pro,Móveis,Apple
19660,Teclado V2,Eletrônicos,Sony
19670,Notebook Plus,Eletrodomésticos,Samsung
19680,Smartphone Plus,Eletrodomésticos,HP
19690,Teclado Pro,Games,Logitech
19700,Webcam Gamer,Eletrodomésticos,Asus
19710,Teclado Plus,Games,Dell
19720,Cadeira Gamer Pro,Eletrônicos,Dell
19730,Notebook Pro,Informática,Lenovo
19740,Headset X,Informática,Logitech
19750,Cadeira Gamer Pro,Móveis,Logitech
19760,Notebook Basic,Móveis,Lenovo
19770,Monitor V2,Acessórios,Logitech
19780,Mesa Digitalizadora Pro,Informática,HP
19790,Mesa Digitalizadora Plus,móveis,Asus
19800,Headset Gamer,Móveis,Logitech
19810,Notebook V2,Games,Logitech
19820,Headset X,Informática,Apple
19830,Cadeira Gamer Basic,Games,Pichau
19840,Smartphone V2,Móveis,LG
19850,Mouse Basic,Games,Sony
19860,Monitor Basic,Móveis,Apple
19870,Mouse Gamer,Acessórios,Asus
19880,Monitor X,Acessórios,Lenovo
19890,Webcam Gamer,Acessórios,Apple
19900,Notebook V2,Móveis,Logitech
19910,Mouse Plus,Informatica,Logitech
19920,Smartphone X,Acessórios,Asus
19930,Teclado X,Acessórios,HP
19940,Gabinete X,Eletrodomésticos,HP
19950,Notebook Gamer,Eletrodomésticos,Apple
19960,Cadeira Gamer V2,Games,Sony
19970,Headset Gamer,Móveis,Asus
19980,Monitor Pro,Eletrônicos,HP
19990,Teclado Basic,Informática,Asus
20000,Webcam X,Informática,Pichau
20010,Smartphone Pro,Eletrodomésticos,Logitech
20020,Notebook Gamer,Móveis,Samsung
20030,Mesa Digitalizadora Gamer,Informática,HP
20040,Notebook Pro,Games,Asus
20050,Headset Pro,Eletrodomésticos,Logitech
20060,Notebook Ultra,Informática,Logitech
20070,Monitor Plus,Eletrodomésticos,Apple
20080,Cadeira Gamer X,Eletrodomésticos,Pichau
20090,Notebook Plus,Acessórios,Sony
20100,Notebook Gamer,Eletrônicos,LG
20110,Mesa Digitalizadora V2,informática,
20120,Mouse Basic,Acessórios,Asus
20130,Teclado Ultra,Eletrônicos,Samsung
20140,Notebook Ultra,Games,Lenovo
20150,Monitor V2,Games,Dell
20160,Monitor Ultra,Acessórios,HP
20170,Smartphone Ultra,Móveis,Samsung
20180,Smartphone Plus,Informática,Dell
20190,Notebook Basic,Eletronicos,Apple
20200,Cadeira Gamer V2,Eletrodomésticos,LG
20210,Mouse V2,Games,LG
20220,Headset Basic,Eletrodomésticos,Apple
20230,Gabinete Plus,Eletrodomésticos,Dell
20240,Webcam Gamer,Eletrônicos,Apple
20250,Cadeira Gamer V2,Móveis,HP
20260,Mesa Digitalizadora X,Eletrodomésticos,Sony
20270,Gabinete Ultra,Eletrônicos,LG
20280,Mesa Digitalizadora Ultra,Acessórios,Pichau
20290,Headset Pro,Móveis,Logitech
20300,Webcam X,Eletrônicos,Logitech
20310,Cadeira Gamer Ultra,Games,Asus
20320,Mesa Digitalizadora Basic,eletrônicos,
20330,Cadeira Gamer Ultra,Eletronicos,Pichau
20340,Webcam Pro,Eletrodomésticos,Sony
20350,Gabinete Plus,Acessórios,HP
20360,Headset Pro,Eletrodomésticos,Dell
20370,Notebook Gamer,Games,Pichau
20380,Mouse Plus,Móveis,Pichau
20390,Monitor Ultra,Móveis,Asus
20400,Teclado Basic,Games,Sony
20410,Teclado Gamer,Móveis,Samsung
20420,Mesa Digitalizadora Ultra,Acessórios,Pichau
20430,Monitor Pro,Games,Logitech
20440,Headset Ultra,Eletrodomésticos,LG
20450,Mesa Digitalizadora Plus,Games,Dell
20460,Headset X,Móveis,Samsung
20470,Mesa Digitalizadora Pro,móveis,Samsung
20480,Monitor Basic,Acessórios,HP
20490,Monitor Pro,Eletrodomésticos,Samsung
20500,Mesa Digitalizadora Basic,Acessórios,Dell
20510,Notebook Gamer,eletrônicos,
20520,Headset Basic,Eletrodomésticos,Apple
20530,Monitor Plus,Eletrodomésticos,Sony
20540,Smartphone Basic,Games,Apple
20550,Smartphone Gamer,Eletronicos,Apple
20560,Mouse Gamer,Eletrodomésticos,Lenovo
20570,Monitor Plus,Móveis,Samsung
20580,Smartphone V2,Móveis,Lenovo
20590,Gabinete Basic,Eletrônicos,Dell
20600,Webcam Plus,Games,LG
20610,Webcam Ultra,Eletrônicos,Asus
20620,Mouse Pro,eletrodomésticos,
20630,Notebook X,Móveis,LG
20640,Teclado Basic,Eletrônicos,Apple
20650,Webcam Pro,Acessórios,Apple
20660,Notebook Pro,Acessórios,Dell
20670,Smartphone Basic,Acessórios,HP
20680,Monitor V2,Eletrodomésticos,Sony
20690,Teclado Ultra,Móveis,Lenovo
20700,Teclado Basic,Acessórios,Asus
20710,Teclado Ultra,Informática,Logitech
20720,Webcam Gamer,Eletrônicos,Sony
20730,Webcam Plus,Acessórios,Asus
20740,Headset V2,Móveis,Logitech
20750,Gabinete V2,Eletrodomésticos,Asus
20760,Smartphone Pro,Informática,Logitech
20770,Notebook Basic,eletrônicos,Logitech
20780,Mesa Digitalizadora Ultra,Eletrodomésticos,LG
20790,Notebook Ultra,Eletrodomésticos,Samsung
20800,Gabinete X,Eletrodomésticos,Samsung
20810,Mouse Pro,Informática,Lenovo
20820,Mouse Ultra,Móveis,HP
20830,Smartphone Gamer,Móveis,Asus
20840,Mesa Digitalizadora Basic,Eletrônicos,Lenovo
20850,Headset Ultra,Móveis,Logitech
20860,Smartphone X,Eletrodomésticos,Pichau
20870,Monitor Ultra,Informática,Samsung
20880,Mouse Ultra,Eletrodomésticos,Sony
20890,Teclado Basic,Eletrodomésticos,HP
20900,Mesa Digitalizadora Basic,Informática,Logitech
20910,Mesa Digitalizadora Pro,Móveis,Pichau
20920,Webcam V2,Informática,Asus
20930,Webcam Ultra,Informática,LG
20940,Smartphone Basic,Eletrônicos,Asus
20950,Headset Pro,Informática,Sony
20960,Teclado X,Games,Pichau
20970,Teclado Pro,games,
20980,Mouse Plus,Games,Asus
20990,Gabinete Ultra,Eletrônicos,Logitech
21000,Teclado Ultra,Móveis,Apple
21010,Webcam Ultra,Acessórios,Dell
21020,Notebook Pro,Eletrônicos,LG
21030,Mesa Digitalizadora Pro,Moveis,Apple
21040,Gabinete V2,Games,Sony
21050,Webcam Plus,Acessórios,Pichau
21060,Headset Pro,Móveis,Dell
21070,Mouse Plus,Games,Samsung
21080,Cadeira Gamer Pro,Móveis,Logitech
21090,Gabinete Ultra,Eletrodomésticos,Sony
21100,Headset Plus,Eletrônicos,Pichau
21110,Monitor Pro,informática,
21120,Teclado V2,Acessórios,Logitech
21130,Mouse Pro,Móveis,Apple
21140,Headset Basic,Informática,Pichau
21150,Gabinete Basic,Games,Pichau
21160,Mouse X,móveis,
21170,Gabinete Basic,Móveis,Sony
21180,Teclado X,Acessórios,Asus
21190,Cadeira Gamer V2,Informatica,Logitech
21200,Teclado Plus,Informática,HP
21210,Mouse X,Eletrodomésticos,Samsung
21220,Monitor Plus,Games,Dell
21230,Monitor V2,Acessorios,HP
21240,Gabinete Ultra,Acessórios,LG
21250,Gabinete V2,Games,LG
21260,Webcam Basic,Eletrodomésticos,LG
21270,Webcam Ultra,Eletrônicos,Asus
21280,Teclado X,Acessórios,Lenovo
21290,Notebook Pro,acessórios,
21300,Headset Ultra,Eletrônicos,Lenovo
21310,Headset Gamer,Móveis,Samsung
21320,Mesa Digitalizadora V2,Games,LG
21330,Webcam Plus,Acessórios,Apple
21340,Mouse Pro,Eletrodomésticos,Logitech
21350,Mouse Pro,Games,Sony
21360,Cadeira Gamer Pro,móveis,Sony
21370,Cadeira Gamer X,Informática,Lenovo
21380,Webcam Gamer,informática,
21390,Gabinete Plus,Games,HP
21400,Notebook V2,Games,Samsung
21410,Mesa Digitalizadora V2,Móveis,Apple
21420,Smartphone Gamer,Games,Lenovo
21430,Mouse Basic,Games,Samsung
21440,Teclado Plus,Eletrônicos,LG
21450,Mesa Digitalizadora Ultra,Games,Apple
21460,Mesa Digitalizadora Ultra,eletrodomésticos,HP
21470,Smartphone Gamer,Acessórios,Samsung
21480,Webcam Basic,Móveis,Dell
21490,Mouse Pro,Informática,Apple
21500,Monitor Plus,Acessórios,Dell
21510,Gabinete X,Eletrônicos,Apple
21520,Cadeira Gamer Gamer,Eletrônicos,Samsung
21530,Headset X,Eletrônicos,LG
21540,Mesa Digitalizadora V2,Informática,HP
21550,Monitor Ultra,Informática,Apple
21560,Cadeira Gamer Ultra,Acessórios,Dell
21570,Gabinete Ultra,Games,Pichau
21580,Gabinete Plus,Acessórios,Sony
21590,Monitor Basic,Eletrodomésticos,Lenovo
21600,Headset Gamer,Games,Dell
21610,Notebook Gamer,Informática,Sony
21620,Mesa Digitalizadora X,Eletrônicos,Apple
21630,Gabinete Plus,Informática,Samsung
21640,Mouse Basic,Móveis,Sony
21650,Notebook Gamer,acessórios,Logitech
21660,Mouse Ultra,Móveis,Sony
21670,Smartphone X,Eletrodomésticos,HP
21680,Teclado Basic,Móveis,Sony
21690,Monitor Plus,Eletrônicos,Lenovo
21700,Headset Plus,Informática,Lenovo
21710,Headset Ultra,Informática,LG
21720,Smartphone Plus,Eletrodomésticos,Logitech
21730,Mesa Digitalizadora Gamer,Informática,Pichau
21740,Gabinete Basic,Móveis,Asus
21750,Gabinete Gamer,Móveis,Asus
21760,Smartphone Pro,Móveis,HP
21770,Headset Basic,Acessórios,LG
21780,Notebook Pro,Móveis,HP
21790,Mouse Gamer,Acessórios,Logitech
21800,Gabinete Basic,Acessórios,Pichau
21810,Smartphone Plus,Eletrônicos,HP
21820,Cadeira Gamer Plus,Games,Logitech
21830,Gabinete X,Informática,Asus
21840,Monitor Pro,Eletrodomésticos,Sony
21850,Gabinete V2,Informática,Dell
21860,Webcam V2,Informatica,Samsung
21870,Gabinete Gamer,Móveis,Dell
21880,Cadeira Gamer Ultra,Eletrodomésticos,Sony
21890,Cadeira Gamer X,Informática,Logitech
21900,Notebook Basic,Eletrodomésticos,Apple
21910,Mesa Digitalizadora Ultra,Games,Logitech
21920,Webcam Ultra,Acessórios,Lenovo
21930,Headset Pro,Informática,Lenovo
21940,Notebook Ultra,Eletrodomésticos,Pichau
21950,Teclado Basic,Games,LG
21960,Notebook Gamer,Eletrônicos,Lenovo
21970,Headset Ultra,Games,Logitech
21980,Headset X,Eletrônicos,Sony
21990,Headset Pro,Games,Lenovo
22000,Cadeira Gamer Basic,Acessórios,Sony
22010,Gabinete X,Móveis,Sony
22020,Notebook Gamer,Informática,Sony
22030,Gabinete Pro,Acessórios,LG
22040,Teclado Gamer,Eletrônicos,LG
22050,Notebook V2,Eletrônicos,Pichau
22060,Cadeira Gamer Plus,Móveis,Sony
22070,Notebook Plus,Games,Samsung
22080,Mouse X,Eletrodomésticos,Pichau
22090,Cadeira Gamer Pro,Eletrônicos,Pichau
22100,Notebook Gamer,acessórios,Lenovo
22110,Mouse Gamer,Informática,Sony
22120,Mouse Basic,Móveis,Sony
22130,Monitor Pro,Acessórios,Asus
22140,Notebook Gamer,Acessórios,Pichau
22150,Mouse Pro,Informática,Sony
22160,Teclado X,acessórios,Asus
22170,Headset Ultra,Eletrônicos,Pichau
22180,Headset Basic,Móveis,Samsung
22190,Mesa Digitalizadora Plus,Games,HP
22200,Teclado Gamer,Informática,Logitech
22210,Webcam Pro,Móveis,Sony
22220,Headset Ultra,Informática,Dell
22230,Teclado Pro,Móveis,LG
22240,Cadeira Gamer Gamer,Eletrônicos,HP
22250,Monitor Ultra,Acessórios,Logitech
22260,Mouse Gamer,Eletrônicos,Sony
22270,Mouse V2,Acessórios,Sony
22280,Cadeira Gamer Pro,Móveis,Pichau
22290,Mouse Pro,Eletrônicos,Asus
22300,Teclado Basic,Games,Samsung
22310,Teclado Pro,Games,Logitech
22320,Cadeira Gamer Plus,Eletrodomésticos,HP
22330,Smartphone Gamer,Informática,Pichau
22340,Notebook Pro,Games,LG
22350,Mouse Plus,Eletrônicos,HP
22360,Teclado Gamer,Móveis,Asus
22370,Monitor Pro,Eletrônicos,Apple
22380,Cadeira Gamer Pro,Móveis,Asus
22390,Mouse Ultra,Móveis,Apple
22400,Gabinete Ultra,Eletrodomésticos,Lenovo
22410,Monitor Ultra,Informática,Lenovo
22420,Notebook Ultra,Eletrodomésticos,Sony
22430,Mouse Plus,Acessórios,Apple
22440,Webcam Pro,Acessórios,Dell
22450,Mesa Digitalizadora Basic,Móveis,Lenovo
22460,Notebook Ultra,Eletrônicos,Logitech
22470,Mesa Digitalizadora Basic,Acessórios,Lenovo
22480,Smartphone Ultra,Games,Sony
22490,Monitor Plus,Acessórios,Asus
22500,Smartphone Pro,Móveis,Sony
22510,Cadeira Gamer Pro,Acessórios,LG
22520,Mouse Gamer,Games,Lenovo
22530,Headset Basic,Móveis,Logitech
22540,Mouse Basic,Eletrônicos,LG
22550,Mouse Plus,Informática,LG
22560,Teclado Pro,Eletrônicos,Pichau
22570,Mesa Digitalizadora Pro,Games,Dell
22580,Mouse Plus,Eletrodomésticos,Pichau
22590,Webcam Pro,Eletrônicos,Dell
22600,Headset X,Informática,Apple
22610,Mesa Digitalizadora Basic,Móveis,Asus
22620,Webcam Ultra,Informática,Lenovo
22630,Headset Ultra,Informática,HP
22640,Headset Ultra,Eletrônicos,Dell
22650,Cadeira Gamer Ultra,Eletrodomésticos,Apple
22660,Mouse Ultra,Acessórios,Asus
22670,Teclado Basic,Móveis,Asus
22680,Webcam Basic,games,Asus
22690,Monitor Plus,Informática,HP
22700,Notebook Gamer,Games,Pichau
22710,Teclado Basic,Games,HP
22720,Mesa Digitalizadora Ultra,Games,Apple
22730,Mesa Digitalizadora Ultra,Informática,HP
22740,Monitor Pro,Eletrônicos,Samsung
22750,Monitor Pro,Acessórios,Pichau
22760,Mouse Pro,eletrônicos,
22770,Notebook Plus,Informática,Dell
22780,Mesa Digitalizadora Basic,Informática,Lenovo
22790,Smartphone Pro,Games,Lenovo
22800,Webcam X,Móveis,Dell
22810,Teclado Pro,Eletrodomésticos,HP
22820,Webcam Pro,Informática,Apple
22830,Teclado Plus,Games,Lenovo
22840,Webcam Ultra,Informatica,Dell
22850,Mesa Digitalizadora V2,Informática,HP
22860,Notebook Basic,Informática,Lenovo
22870,Monitor V2,Informática,Sony
22880,Monitor V2,Eletrônicos,HP
22890,Cadeira Gamer X,Acessórios,Sony
22900,Mouse Plus,Eletrodomésticos,Sony
22910,Mouse V2,Informática,LG
22920,Mesa Digitalizadora Pro,Informática,Pichau
22930,Gabinete Gamer,Informática,LG
22940,Headset Basic,Eletrodomésticos,HP
22950,Monitor V2,Games,Sony
22960,Gabinete Plus,Games,LG
22970,Mesa Digitalizadora Gamer,Eletrodomésticos,Samsung
22980,Cadeira Gamer Pro,Eletrodomésticos,Asus
22990,Cadeira Gamer Plus,Eletrônicos,Pichau
23000,Teclado Plus,Móveis,LG
23010,Smartphone Gamer,Eletrodomésticos,Apple
23020,Monitor Ultra,Games,Sony
23030,Cadeira Gamer Basic,Informática,Lenovo
23040,Cadeira Gamer Pro,Informática,Logitech
23050,Cadeira Gamer Plus,Eletrodomésticos,Logitech
23060,Headset Plus,Eletrônicos,Asus
23070,Monitor Ultra,Eletrônicos,Lenovo
23080,Notebook V2,Informática,Logitech
23090,Monitor Pro,Móveis,Apple
23100,Monitor Basic,Games,HP
23110,Headset Ultra,Móveis,Lenovo
23120,Webcam Ultra,Eletrodomésticos,Samsung
23130,Mouse V2,Games,LG
23140,Headset Basic,Acessórios,HP
23150,Webcam Pro,Informática,Sony
23160,Headset Pro,Eletrônicos,Asus
23170,Mesa Digitalizadora Basic,Games,Sony
23180,Gabinete X,Eletrônicos,Logitech
23190,Cadeira Gamer Basic,Eletrônicos,LG
23200,Notebook Gamer,Acessórios,Asus
23210,Gabinete Gamer,Acessórios,Asus
23220,Webcam Pro,Informática,Dell
23230,Mesa Digitalizadora Pro,Games,Dell
23240,Headset Pro,Informática,Samsung
23250,Teclado V2,Eletrônicos,Apple
23260,Cadeira Gamer Gamer,Games,Sony
23270,Notebook Basic,Eletrônicos,Sony
23280,Mesa Digitalizadora X,Eletrônicos,Apple
23290,Mouse Pro,Games,Apple
23300,Mouse X,Acessórios,Pichau
23310,Gabinete V2,Móveis,Apple
23320,Gabinete Gamer,Acessórios,Pichau
23330,Notebook V2,Games,HP
23340,Mesa Digitalizadora V2,Móveis,Apple
23350,Gabinete Pro,Acessórios,Samsung
23360,Webcam Plus,Eletrodomésticos,Dell
23370,Gabinete V2,Eletrodomésticos,Dell
23380,Mouse V2,Games,Dell
23390,Smartphone Gamer,Eletrodomésticos,Apple
23400,Webcam Ultra,Eletrodomésticos,Apple
23410,Teclado Pro,Acessorios,HP
23420,Notebook Gamer,Games,LG
23430,Webcam Plus,Eletrodomésticos,Apple
23440,Monitor Pro,Eletrônicos,Asus
23450,Cadeira Gamer V2,Games,Samsung
23460,Smartphone Basic,Games,Apple
23470,Teclado Ultra,Moveis,Dell
23480,Headset Gamer,Eletrônicos,Samsung
23490,Webcam V2,Informática,Logitech
23500,Smartphone Pro,Móveis,Sony
23510,Cadeira Gamer Pro,Móveis,Logitech
23520,Mesa Digitalizadora Gamer,Acessórios,Asus
23530,Cadeira Gamer Gamer,Games,Sony
23540,Notebook V2,Games,Samsung
23550,Mouse Plus,Móveis,Asus
23560,Cadeira Gamer Ultra,Games,Asus
23570,Gabinete Pro,Acessórios,HP
23580,Mouse V2,Acessórios,Lenovo
23590,Gabinete Ultra,Eletrodomésticos,Sony
23600,Gabinete V2,Eletrodomésticos,LG
23610,Gabinete Plus,Eletrônicos,Pichau
23620,Headset Pro,eletrônicos,
23630,Headset V2,Eletrodomésticos,Samsung
23640,Mouse Ultra,Acessórios,Dell
23650,Teclado Gamer,Eletrônicos,Logitech
23660,Gabinete Basic,Games,HP
23670,Teclado Ultra,Eletronicos,Pichau
23680,Mouse Basic,Acessórios,Apple
23690,Cadeira Gamer Gamer,Informática,HP
23700,Cadeira Gamer X,móveis,
23710,Headset Pro,Acessórios,LG
23720,Webcam X,Games,Asus
23730,Headset Pro,Informática,Logitech
23740,Webcam Ultra,Móveis,Asus
23750,Monitor Ultra,Games,Apple
23760,Smartphone X,Eletrodomésticos,Lenovo
23770,Teclado Gamer,Móveis,Logitech
23780,Headset Plus,Informática,Apple
23790,Webcam V2,Eletrônicos,Sony
23800,Notebook Pro,Informática,Sony
23810,Notebook Ultra,Acessórios,Apple
23820,Monitor X,Games,Asus
23830,Smartphone Gamer,Acessórios,Samsung
23840,Headset Ultra,Games,Apple
23850,Monitor Basic,Informática,Logitech
23860,Notebook Ultra,Informática,Samsung
23870,Teclado Ultra,Informatica,LG
23880,Cadeira Gamer Plus,Informática,Sony
23890,Headset X,Games,Samsung
23900,Mouse Basic,Eletronicos,Apple
23910,Smartphone X,Eletrônicos,Logitech
23920,Cadeira Gamer Plus,Eletrônicos,Asus
23930,Smartphone Pro,Moveis,Apple
23940,Teclado V2,Móveis,Pichau
23950,Monitor Basic,Games,Asus
23960,Headset Plus,Acessórios,Logitech
23970,Smartphone Pro,Informatica,Dell
23980,Smartphone Pro,Móveis,Logitech
23990,Mesa Digitalizadora X,Acessórios,Samsung
24000,Monitor Basic,Eletrodomésticos,Apple
24010,Teclado Gamer,Móveis,Lenovo
24020,Monitor X,Acessórios,Dell
24030,Gabinete X,Games,Dell
24040,Monitor Basic,Acessorios,Logitech
24050,Smartphone Basic,Eletrônicos,Asus
24060,Webcam Pro,Eletrônicos,Samsung
24070,Webcam Ultra,Eletrodomésticos,Apple
24080,Mesa Digitalizadora Plus,Games,Samsung
24090,Smartphone Plus,Informática,Dell
24100,Cadeira Gamer X,Games,Sony
24110,Smartphone Pro,Informática,HP
24120,Mouse Ultra,móveis,Asus
24130,Mesa Digitalizadora Ultra,Informática,LG
24140,Teclado X,Móveis,Samsung
24150,Cadeira Gamer Gamer,Eletrodomésticos,Pichau
24160,Teclado V2,Games,Sony
24170,Notebook X,Móveis,Dell
24180,Headset Basic,eletrônicos,
24190,Monitor Plus,Informática,Logitech
24200,Webcam Ultra,Informática,Lenovo
24210,Gabinete Ultra,Eletrônicos,Asus
24220,Mouse Ultra,Eletronicos,LG
24230,Teclado Basic,Informática,Sony
24240,Cadeira Gamer V2,Móveis,Apple
24250,Smartphone Pro,Acessórios,Logitech
24260,Headset Basic,Informática,HP
24270,Teclado Ultra,Eletrônicos,LG
24280,Gabinete Basic,Eletrodomésticos,Apple
24290,Monitor Ultra,Informática,Lenovo
24300,Smartphone Pro,Informática,Pichau
24310,Notebook Basic,Eletrônicos,Lenovo
24320,Headset Basic,Móveis,Logitech
24330,Gabinete V2,Acessórios,Pichau
24340,Cadeira Gamer Basic,Móveis,Sony
24350,Monitor Ultra,Eletrodomésticos,Dell
24360,Mesa Digitalizadora X,Eletrônicos,Pichau
24370,Teclado Basic,Eletrodomésticos,Dell
24380,Smartphone Pro,Eletrodomésticos,Sony
24390,Headset Plus,Informática,Apple
24400,Cadeira Gamer Pro,Eletrônicos,Pichau
24410,Teclado Gamer,Eletrodomésticos,Samsung
24420,Teclado V2,Acessórios,Logitech
24430,Teclado V2,Eletrodomésticos,Apple
24440,Mouse Gamer,Eletrodomésticos,Logitech
24450,Notebook Ultra,Informática,Apple
24460,Mesa Digitalizadora Plus,Eletrodomésticos,Dell
24470,Cadeira Gamer Plus,Eletrodomésticos,HP
24480,Teclado X,Eletrodomésticos,Lenovo
24490,Headset Ultra,Móveis,Logitech
24500,Mouse Basic,Eletrodomésticos,Lenovo
24510,Notebook Plus,Eletrodomésticos,LG
24520,Teclado Plus,Informática,Pichau
24530,Cadeira Gamer Ultra,Móveis,Pichau
24540,Notebook Plus,Games,Lenovo
24550,Monitor X,Acessórios,Dell
24560,Gabinete Gamer,Eletrônicos,Sony
24570,Headset Pro,Móveis,HP
24580,Mesa Digitalizadora Plus,Eletrônicos,Dell
24590,Webcam X,Eletrodomésticos,Logitech
24600,Webcam Plus,Informática,Apple
24610,Headset V2,acessórios,
24620,Gabinete V2,Games,Samsung
24630,Teclado Plus,eletrodomésticos,
24640,Teclado V2,Games,Apple
24650,Mouse Ultra,Informática,Samsung
24660,Monitor Pro,Informática,HP
24670,Mouse Plus,Eletrodomésticos,Samsung
24680,Smartphone X,Eletrodomésticos,Logitech
24690,Headset Plus,Informática,Dell
24700,Cadeira Gamer V2,Eletrônicos,Dell
24710,Gabinete Gamer,Eletrônicos,Dell
24720,Headset Ultra,Móveis,LG
24730,Headset Pro,Móveis,Sony
24740,Mesa Digitalizadora V2,Informática,HP
24750,Headset V2,Games,LG
24760,Teclado Basic,Games,Dell
24770,Mouse Ultra,Móveis,Pichau
24780,Cadeira Gamer X,Móveis,Lenovo
24790,Gabinete V2,Eletrônicos,HP
24800,Teclado Pro,Móveis,Lenovo
24810,Notebook V2,Móveis,HP
24820,Notebook X,Móveis,Lenovo
24830,Mesa Digitalizadora Ultra,Informática,LG
24840,Smartphone V2,Informática,Lenovo
24850,Headset Ultra,Eletrodomésticos,Dell
24860,Monitor V2,Eletrodomésticos,Pichau
24870,Headset Gamer,Eletrodomésticos,Asus
24880,Teclado Basic,Acessórios,Sony
24890,Teclado Basic,Eletrônicos,Pichau
24900,Notebook Gamer,Informática,Samsung
24910,Webcam V2,Games,Apple
24920,Cadeira Gamer Gamer,Eletrônicos,Asus
24930,Mouse Ultra,Games,Asus
24940,Mouse V2,Eletrodomésticos,Logitech
24950,Cadeira Gamer Basic,Eletrodomésticos,Samsung
24960,Teclado Basic,Games,Lenovo
24970,Cadeira Gamer Pro,Eletrodomésticos,Lenovo
24980,Webcam V2,Eletrodomésticos,Pichau
24990,Notebook Plus,Acessórios,Pichau
25000,Cadeira Gamer V2,Eletrônicos,Lenovo
25010,Monitor Gamer,Informática,LG
25020,Mesa Digitalizadora Basic,Eletrodomésticos,Asus
25030,Webcam V2,Eletrodomésticos,Pichau
25040,Mouse X,Games,HP
25050,Mesa Digitalizadora Gamer,Games,LG
25060,Mesa Digitalizadora X,Games,LG
25070,Cadeira Gamer Plus,Móveis,Pichau
25080,Mesa Digitalizadora Gamer,Acessórios,Samsung
25090,Notebook Basic,Informática,Dell
25100,Teclado Ultra,Eletrônicos,LG
25110,Gabinete Basic,Eletronicos,Apple
25120,Monitor Plus,Informática,Lenovo
25130,Mouse Plus,Games,Samsung
25140,Smartphone Ultra,Eletrodomésticos,Pichau
25150,Smartphone Ultra,Eletrônicos,Asus
25160,Cadeira Gamer Ultra,Eletrônicos,Dell
25170,Notebook X,Móveis,Pichau
25180,Gabinete Gamer,Eletrônicos,LG
25190,Smartphone Gamer,Eletrodomésticos,Logitech
25200,Webcam Basic,Eletrodomésticos,Samsung
25210,Teclado X,Eletrodomésticos,Pichau
25220,Teclado Plus,Eletrônicos,HP
25230,Teclado X,Acessórios,Samsung
25240,Teclado Ultra,Móveis,Sony
25250,Notebook Plus,Informática,Dell
25260,Notebook Plus,Acessórios,Dell
25270,Cadeira Gamer X,Games,Asus
25280,Smartphone X,Acessorios,Lenovo
25290,Webcam V2,eletrodomésticos,Pichau
25300,Webcam V2,eletrônicos,
25310,Mesa Digitalizadora Gamer,Games,HP
25320,Teclado Gamer,acessórios,Apple
25330,Cadeira Gamer Plus,Informatica,HP
25340,Cadeira Gamer Ultra,Acessórios,Dell
25350,Teclado Gamer,Eletrônicos,Samsung
25360,Gabinete X,Informática,Dell
25370,Smartphone Gamer,Games,HP
25380,Monitor Gamer,Informática,Dell
25390,Smartphone X,Acessórios,Logitech
25400,Gabinete Basic,Acessórios,Samsung
25410,Headset Ultra,Eletrônicos,Pichau
25420,Notebook Ultra,Games,Sony
25430,Mouse Pro,Informática,Samsung
25440,Smartphone X,Eletrodomésticos,Logitech
25450,Monitor X,Móveis,LG
25460,Teclado X,Games,Apple
25470,Gabinete V2,Games,Samsung
25480,Mesa Digitalizadora Basic,Móveis,Asus
25490,Mouse Basic,Eletrodomésticos,HP
25500,Smartphone V2,Eletrônicos,Asus
25510,Cadeira Gamer Plus,Informática,Apple
25520,Notebook Gamer,Móveis,LG
25530,Mouse V2,Acessórios,Dell
25540,Notebook Gamer,Acessórios,HP
25550,Notebook V2,Games,Samsung
25560,Gabinete Pro,Games,Dell
25570,Gabinete Ultra,Móveis,LG
25580,Monitor Plus,Informatica,Dell
25590,Webcam X,Informática,Apple
25600,Headset Pro,Móveis,LG
25610,Cadeira Gamer Pro,Eletrônicos,Sony
25620,Cadeira Gamer Basic,Acessórios,Logitech
25630,Monitor Ultra,Eletrônicos,Lenovo
25640,Monitor Gamer,Eletrodomésticos,Samsung
25650,Gabinete Plus,Eletrodomésticos,Lenovo
25660,Monitor V2,Móveis,HP
25670,Mouse X,Informática,HP
25680,Notebook Gamer,Acessórios,Sony
25690,Monitor Pro,Games,Lenovo
25700,Mouse X,Móveis,HP
25710,Teclado Plus,Acessórios,LG
25720,Mesa Digitalizadora Gamer,Eletronicos,Apple
25730,Mesa Digitalizadora V2,Eletrodomésticos,Pichau
25740,Monitor Gamer,Informática,Pichau
25750,Headset X,informática,
25760,Monitor X,Informática,Lenovo
25770,Notebook Pro,acessórios,
25780,Headset Pro,Acessórios,Asus
25790,Cadeira Gamer Plus,Games,Lenovo
25800,Webcam V2,Móveis,Dell
25810,Monitor Plus,Móveis,Logitech
25820,Notebook Gamer,Eletrônicos,Pichau
25830,Teclado Plus,móveis,LG
25840,Notebook Pro,Eletrônicos,HP
25850,Gabinete Gamer,Eletrônicos,Pichau
25860,Teclado Gamer,eletrodomésticos,
25870,Headset Basic,Eletrodomésticos,Dell
25880,Cadeira Gamer Pro,acessórios,
25890,Monitor Basic,Acessórios,LG
25900,Webcam Pro,Acessórios,Sony
25910,Monitor Gamer,Games,Sony
25920,Teclado Gamer,Games,Logitech
25930,Notebook V2,Informática,LG
25940,Mouse Plus,Eletrônicos,Apple
25950,Mouse X,Acessórios,Samsung
25960,Monitor Plus,Eletrônicos,Sony
25970,Mouse Basic,Eletrodomésticos,Lenovo
25980,Notebook V2,Eletrônicos,Dell
25990,Headset Gamer,Eletrônicos,Lenovo
26000,Cadeira Gamer Ultra,Eletrodomésticos,Dell
26010,Cadeira Gamer V2,Informática,Dell
26020,Headset Basic,Informática,Logitech
26030,Cadeira Gamer Ultra,Móveis,Sony
26040,Webcam Basic,Informática,Pichau
26050,Gabinete Plus,Eletrodomésticos,Lenovo
26060,Notebook Basic,Games,Lenovo
26070,Smartphone X,Eletrônicos,Lenovo
26080,Headset V2,Móveis,Apple
26090,Webcam V2,Informática,Sony
26100,Gabinete X,Informatica,Pichau
26110,Gabinete V2,Eletrônicos,Pichau
26120,Mesa Digitalizadora V2,Eletrônicos,Sony
26130,Headset Basic,Informática,Apple
26140,Gabinete V2,Móveis,Asus
26150,Monitor Basic,Acessórios,Logitech
26160,Monitor X,Informática,HP
26170,Mouse X,Informática,Logitech
26180,Cadeira Gamer Pro,informática,
26190,Mesa Digitalizadora Basic,Eletrodomésticos,Apple
26200,Smartphone Plus,Acessórios,Dell
26210,Mesa Digitalizadora Ultra,Eletrodomésticos,Logitech
26220,Monitor Basic,Acessórios,Apple
26230,Gabinete Plus,Móveis,Sony
26240,Headset Basic,Informática,Apple
26250,Headset Gamer,Acessórios,Pichau
26260,Webcam V2,Acessórios,Dell
26270,Cadeira Gamer Ultra,Games,Logitech
26280,Gabinete Gamer,Informatica,Sony
26290,Teclado Basic,Informática,Dell
26300,Smartphone Basic,Acessórios,Sony
26310,Teclado X,Acessórios,Pichau
26320,Cadeira Gamer Gamer,informática,
26330,Teclado V2,Móveis,HP
26340,Mesa Digitalizadora Ultra,Informática,Logitech
26350,Webcam Basic,Informática,HP
26360,Webcam V2,Móveis,Sony
26370,Headset Pro,Eletrodomésticos,Lenovo
26380,Smartphone Ultra,Informatica,Apple
26390,Gabinete Pro,Games,Logitech
26400,Mouse Gamer,Informática,LG
26410,Smartphone Gamer,Móveis,Dell
26420,Mouse Plus,Eletrodomésticos,Sony
26430,Webcam Plus,Eletrônicos,Lenovo
26440,Webcam Plus,Eletrônicos,HP
26450,Mouse Gamer,Eletrodomésticos,Logitech
26460,Notebook Ultra,Informática,Sony
26470,Webcam Basic,Games,Sony
26480,Cadeira Gamer Basic,Eletrônicos,HP
26490,Monitor Plus,Informática,Logitech
26500,Webcam V2,Games,Samsung
26510,Cadeira Gamer Basic,Games,HP
26520,Smartphone Plus,Eletrônicos,LG
26530,Notebook Ultra,Eletrônicos,Asus
26540,Notebook Basic,Móveis,Sony
26550,Mouse Gamer,Informática,Sony
26560,Webcam Ultra,Móveis,Sony
26570,Smartphone X,eletrônicos,LG
26580,Cadeira Gamer Plus,Acessórios,Logitech
26590,Gabinete V2,Móveis,Sony
26600,Webcam V2,Móveis,Sony
26610,Monitor Gamer,Acessórios,Lenovo
26620,Smartphone Plus,Eletrônicos,Pichau
26630,Teclado Pro,Eletrodomésticos,Pichau
26640,Teclado V2,Informática,Samsung
26650,Mesa Digitalizadora X,Eletrodomésticos,HP
26660,Headset Basic,Eletrônicos,Logitech
26670,Cadeira Gamer X,Eletrodomésticos,Lenovo
26680,Cadeira Gamer Plus,Eletrodomésticos,Logitech
26690,Cadeira Gamer V2,Acessorios,Pichau
26700,Webcam Pro,Games,Apple
26710,Mouse Pro,Games,Asus
26720,Monitor V2,Móveis,Asus
26730,Teclado Pro,Eletrodomésticos,Sony
26740,Mouse Pro,Informática,Logitech
26750,Headset Plus,Games,Lenovo
26760,Smartphone Ultra,Acessórios,Sony
26770,Smartphone Plus,Informática,HP
26780,Mouse X,eletrônicos,
26790,Notebook Gamer,móveis,
26800,Cadeira Gamer Plus,Acessórios,Pichau
26810,Teclado Ultra,Eletrodomésticos,HP
26820,Smartphone Ultra,Games,Apple
26830,Gabinete V2,Games,Dell
26840,Mouse Ultra,Eletronicos,Asus
26850,Headset Pro,eletrodomésticos,LG
26860,Gabinete Plus,Móveis,Asus
26870,Monitor Gamer,Games,Sony
26880,Cadeira Gamer Basic,Eletrônicos,Logitech
26890,Notebook Ultra,Móveis,Sony
26900,Mouse Gamer,Móveis,Logitech
26910,Mouse Pro,Acessórios,LG
26920,Headset Plus,Acessórios,LG
26930,Webcam Gamer,acessórios,
26940,Notebook X,Games,Sony
26950,Notebook X,Eletrônicos,Sony
26960,Webcam Pro,Eletrônicos,Logitech
26970,Cadeira Gamer Ultra,Móveis,Logitech
26980,Teclado V2,Informática,HP
26990,Gabinete V2,Games,HP
27000,Gabinete X,Acessórios,Dell
27010,Monitor Gamer,Acessórios,Pichau
27020,Mouse Ultra,Informática,Logitech
27030,Gabinete Basic,Games,Logitech
27040,Mouse Gamer,Eletrodomésticos,HP
27050,Gabinete Gamer,Acessórios,Lenovo
27060,Mesa Digitalizadora Ultra,Acessórios,Asus
27070,Gabinete Ultra,Informática,Samsung
27080,Cadeira Gamer Ultra,Informática,Dell
27090,Webcam Basic,Eletrônicos,HP
27100,Gabinete Ultra,Eletrônicos,LG
27110,Gabinete X,Acessórios,Pichau
27120,Teclado V2,Eletrodomésticos,Lenovo
27130,Webcam Ultra,móveis,
27140,Notebook Plus,Eletrodomésticos,Sony
27150,Gabinete Pro,Eletrodomésticos,Lenovo
27160,Webcam V2,Eletrodomésticos,Logitech
27170,Mesa Digitalizadora Gamer,Games,Apple
27180,Teclado Plus,Móveis,Apple
27190,Gabinete X,Móveis,Asus
27200,Notebook Gamer,Acessórios,Logitech
27210,Mouse Plus,Eletrônicos,Sony
27220,Notebook Basic,Games,Lenovo
27230,Headset Ultra,eletrodomésticos,
27240,Webcam V2,Eletrodomésticos,Logitech
27250,Mouse V2,Eletrônicos,Sony
27260,Gabinete V2,Eletrodomésticos,Sony
27270,Smartphone Basic,Acessórios,Sony
27280,Notebook X,Acessórios,HP
27290,Teclado Ultra,Móveis,Lenovo
27300,Headset Ultra,Acessorios,Samsung
27310,Mouse Gamer,Eletrodomésticos,Apple
27320,Webcam Gamer,Eletrônicos,Sony
27330,Mouse V2,Móveis,Lenovo
27340,Webcam Ultra,Games,Apple
27350,Monitor Ultra,Eletrodomésticos,Logitech
27360,Gabinete V2,Eletrodomésticos,Sony
27370,Gabinete Pro,Móveis,Dell
27380,Teclado Gamer,Informática,Lenovo
27390,Smartphone Gamer,Games,HP
27400,Notebook Plus,Games,Samsung
27410,Mesa Digitalizadora Ultra,Games,Lenovo
27420,Teclado V2,Acessórios,Logitech
27430,Webcam Ultra,Informática,Dell
27440,Mesa Digitalizadora Gamer,Eletrônicos,Asus
27450,Gabinete Gamer,Eletrônicos,LG
27460,Cadeira Gamer V2,Eletrodomésticos,LG
27470,Headset Plus,Games,Pichau
27480,Headset Gamer,Acessórios,Lenovo
27490,Teclado Ultra,Eletrodomésticos,Logitech
27500,Notebook Ultra,Eletrônicos,Lenovo
27510,Gabinete Plus,Eletrônicos,HP
27520,Mouse Ultra,Eletrônicos,Dell
27530,Headset V2,Móveis,Logitech
27540,Cadeira Gamer Plus,Games,Lenovo
27550,Notebook Basic,Informática,Sony
27560,Notebook Pro,Eletrônicos,Logitech
27570,Teclado Pro,Eletrônicos,Apple
27580,Teclado Gamer,Eletrodomésticos,Lenovo
27590,Gabinete V2,Informática,Apple
27600,Mouse Basic,Informática,Pichau
27610,Monitor Gamer,móveis,
27620,Monitor Ultra,Games,HP
27630,Smartphone Gamer,Eletrônicos,Dell
27640,Gabinete Ultra,Acessórios,Samsung
27650,Notebook Plus,Acessórios,HP
27660,Smartphone Plus,Eletrodomésticos,Asus
27670,Smartphone Plus,Acessórios,Dell
27680,Monitor Ultra,Acessórios,HP
27690,Headset V2,Games,Dell
27700,Notebook Plus,Informática,LG
27710,Monitor Pro,Games,LG
27720,Headset Gamer,Acessórios,Samsung
27730,Teclado Ultra,Eletrônicos,Apple
27740,Monitor Plus,games,Asus
27750,Teclado Pro,Informática,Pichau
27760,Monitor Basic,Informática,Lenovo
27770,Smartphone Plus,Eletrodomésticos,Sony
27780,Headset V2,Games,Logitech
27790,Smartphone Ultra,eletrodomésticos,Dell
27800,Mesa Digitalizadora Gamer,Acessórios,Apple
27810,Mesa Digitalizadora Pro,Móveis,LG
27820,Smartphone Ultra,Informática,Logitech
27830,Gabinete Basic,eletrodomésticos,Pichau
27840,Teclado Gamer,Eletrodomésticos,Sony
27850,Mesa Digitalizadora Pro,eletrônicos,Lenovo
27860,Mouse Pro,Móveis,Lenovo
27870,Notebook V2,Acessórios,Sony
27880,Mesa Digitalizadora Pro,Eletrodomésticos,Lenovo
27890,Monitor Basic,Acessórios,Apple
27900,Monitor Plus,Games,LG
27910,Gabinete V2,Eletrodomésticos,LG
27920,Mouse Plus,Games,Asus
27930,Gabinete Gamer,Eletrodomésticos,Apple
27940,Gabinete Pro,Acessórios,LG
27950,Teclado Plus,Móveis,Logitech
27960,Monitor Basic,Informatica,Sony
27970,Webcam Basic,Móveis,Dell
27980,Webcam Plus,eletrônicos,Logitech
27990,Smartphone Pro,Acessórios,Lenovo
28000,Gabinete Pro,Acessórios,LG
28010,Cadeira Gamer X,Informática,Asus
28020,Notebook Gamer,Eletrodomésticos,HP
28030,Smartphone Pro,Eletrônicos,LG
28040,Gabinete Basic,Eletrodomésticos,LG
28050,Webcam Plus,Informática,Asus
28060,Mesa Digitalizadora V2,Acessórios,Asus
28070,Mesa Digitalizadora Gamer,Acessórios,Pichau
28080,Cadeira Gamer V2,Informática,Lenovo
28090,Gabinete Pro,Informática,Sony
28100,Smartphone X,Informática,HP
28110,Smartphone Basic,Eletrônicos,Samsung
28120,Webcam Pro,Games,Apple
28130,Webcam V2,Informática,Apple
28140,Webcam Pro,Móveis,Apple
28150,Webcam X,Moveis,Samsung
28160,Gabinete Pro,Games,Sony
28170,Cadeira Gamer X,Informática,Dell
28180,Webcam V2,Móveis,Pichau
28190,Monitor Plus,Eletrodomésticos,Logitech
28200,Webcam Ultra,Eletrodomésticos,Pichau
28210,Notebook V2,eletrodomésticos,
28220,Mesa Digitalizadora V2,Eletrodomésticos,Dell
28230,Headset Basic,Acessórios,Asus
28240,Mouse Basic,Eletrônicos,Samsung
28250,Webcam Plus,eletrônicos,Asus
28260,Notebook Plus,Móveis,Asus
28270,Cadeira Gamer Plus,Eletrodomésticos,HP
28280,Notebook Gamer,Informática,Sony
28290,Mesa Digitalizadora Gamer,Eletrônicos,LG
28300,Monitor Gamer,Informática,Apple
28310,Webcam Plus,Eletrônicos,Sony
28320,Headset Basic,Informática,Apple
28330,Gabinete Gamer,Acessórios,Lenovo
28340,Cadeira Gamer Plus,Acessórios,Pichau
28350,Notebook Ultra,Eletrodomésticos,Logitech
28360,Headset Plus,Informática,Pichau
28370,Teclado V2,Acessórios,Sony
28380,Mouse Pro,Acessórios,Pichau
28390,Cadeira Gamer Ultra,Eletrodomésticos,LG
28400,Gabinete Pro,Informática,Pichau
28410,Gabinete Gamer,Móveis,Lenovo
28420,Gabinete Basic,Informática,Lenovo
28430,Smartphone X,Eletrodomésticos,Asus
28440,Headset Basic,Acessórios,Samsung
28450,Teclado Ultra,Eletrônicos,Asus
28460,Webcam Basic,Games,Lenovo
28470,Mouse Basic,Eletrodomésticos,Lenovo
28480,Teclado Basic,Móveis,Asus
28490,Smartphone Ultra,Eletronicos,Asus
28500,Teclado Basic,Móveis,Dell
28510,Headset V2,Informática,Sony
28520,Mouse Ultra,Eletrodomésticos,Sony
28530,Headset Gamer,Informática,LG
28540,Mouse Basic,Informática,Logitech
28550,Mesa Digitalizadora Ultra,Informática,Samsung
28560,Cadeira Gamer Plus,Informática,LG
28570,Webcam Basic,Informática,Apple
28580,Teclado Pro,Games,Asus
28590,Webcam V2,Acessórios,Apple
28600,Mouse Ultra,Móveis,Sony
28610,Teclado V2,Informática,Logitech
28620,Mouse Gamer,Informática,Lenovo
28630,Monitor Plus,Eletrodomésticos,Pichau
28640,Teclado X,Móveis,Sony
28650,Teclado Pro,Acessórios,Sony
28660,Webcam V2,Informática,HP
28670,Smartphone Ultra,Acessórios,Lenovo
28680,Notebook Plus,Eletrodomésticos,LG
28690,Smartphone Plus,Eletrodomésticos,Asus
28700,Mouse Pro,Eletrônicos,Asus
28710,Monitor V2,Eletrodomésticos,Sony
28720,Mouse Basic,Eletrodomésticos,LG
28730,Webcam Basic,Acessórios,LG
28740,Mouse Basic,Acessórios,Asus
28750,Teclado Basic,Games,Lenovo
28760,Teclado X,Móveis,Samsung
28770,Headset V2,Informática,Pichau
28780,Smartphone Ultra,Acessorios,Dell
28790,Headset Plus,Games,HP
28800,Teclado V2,Games,HP
28810,Smartphone Plus,Acessórios,LG
28820,Cadeira Gamer Pro,Informática,Asus
28830,Notebook X,Eletrodomésticos,Samsung
28840,Mouse Plus,Acessórios,Pichau
28850,Monitor V2,Acessórios,Samsung
28860,Smartphone Pro,Acessórios,HP
28870,Notebook Basic,Eletrônicos,Sony
28880,Cadeira Gamer Basic,Móveis,Logitech
28890,Monitor V2,Games,Pichau
28900,Gabinete Ultra,Games,Apple
28910,Gabinete Gamer,Acessórios,Samsung
28920,Headset Basic,Eletrônicos,Lenovo
28930,Mesa Digitalizadora Gamer,Acessórios,Sony
28940,Webcam Ultra,Acessórios,LG
28950,Mouse Pro,Games,Pichau
28960,Mesa Digitalizadora Pro,Acessorios,Dell
28970,Headset Gamer,Móveis,Pichau
28980,Mouse V2,Eletrônicos,Dell
28990,Monitor V2,Informática,Lenovo
29000,Gabinete V2,Informática,Samsung
29010,Mesa Digitalizadora V2,Eletrônicos,Asus
29020,Gabinete X,Games,Samsung
29030,Notebook Pro,Informática,LG
29040,Teclado Plus,Eletrônicos,Apple
29050,Cadeira Gamer Plus,Acessórios,Asus
29060,Teclado Ultra,Eletrônicos,Sony
29070,Cadeira Gamer Ultra,Eletrodomésticos,Dell
29080,Gabinete V2,Eletrônicos,HP
29090,Notebook V2,Informática,Samsung
29100,Mouse Gamer,Acessórios,HP
29110,Cadeira Gamer Basic,Acessórios,Lenovo
29120,Gabinete X,Móveis,Dell
29130,Monitor Plus,informática,Dell
29140,Headset Pro,Eletrodomésticos,HP
29150,Mouse X,Móveis,Asus
29160,Headset Basic,Acessorios,Lenovo
29170,Headset Basic,Móveis,Apple
29180,Webcam Basic,Moveis,Apple
29190,Headset Pro,eletrônicos,
29200,Gabinete Basic,Informática,Asus
29210,Notebook Plus,Eletrodomésticos,Apple
29220,Gabinete Pro,Eletrodomésticos,Samsung
29230,Notebook X,Acessorios,Sony
29240,Monitor X,Acessórios,Logitech
29250,Monitor Basic,Eletrodomésticos,Logitech
29260,Gabinete Ultra,Acessórios,Apple
29270,Mesa Digitalizadora X,Eletrônicos,Samsung
29280,Monitor Plus,Games,LG
29290,Monitor V2,Eletrodomésticos,Samsung
29300,Teclado V2,Móveis,Asus
29310,Gabinete Plus,Informática,Apple
29320,Teclado Pro,Eletrônicos,HP
29330,Cadeira Gamer Pro,Móveis,Dell
29340,Smartphone Gamer,Eletrônicos,Apple
29350,Monitor Pro,Acessórios,Logitech
29360,Monitor Basic,informática,
29370,Mouse X,Eletrônicos,Samsung
29380,Smartphone Basic,eletrônicos,
29390,Mouse Basic,Acessórios,Logitech
29400,Teclado Plus,Eletrônicos,LG
29410,Webcam Pro,Eletrônicos,LG
29420,Teclado X,Informática,Sony
29430,Cadeira Gamer Gamer,Games,Sony
29440,Cadeira Gamer Plus,Games,Apple
29450,Headset Pro,Eletrodomésticos,Logitech
29460,Cadeira Gamer Ultra,Acessórios,Dell
29470,Notebook Ultra,Móveis,Logitech
29480,Mouse X,Eletrodomésticos,Sony
29490,Teclado Ultra,Eletrônicos,Asus
29500,Mouse X,Eletrônicos,HP
29510,Cadeira Gamer X,Acessórios,Samsung
29520,Mesa Digitalizadora Plus,Eletrodomésticos,Lenovo
29530,Cadeira Gamer Basic,Eletrônicos,Asus
29540,Webcam Basic,Móveis,LG
29550,Mouse Ultra,Informática,Apple
29560,Notebook Pro,Acessórios,Apple
29570,Webcam Ultra,Games,Asus
29580,Smartphone Ultra,Informática,Pichau
29590,Cadeira Gamer Gamer,Acessórios,Dell
29600,Monitor Pro,Acessórios,Apple
29610,Monitor Plus,Móveis,Samsung
29620,Notebook Pro,Eletrodomésticos,Lenovo
29630,Teclado Pro,Eletrônicos,Sony
29640,Monitor V2,informática,
29650,Teclado X,Games,Lenovo
29660,Notebook X,Eletrodomésticos,Asus
29670,Mouse X,Acessórios,Dell
29680,Webcam Plus,Eletrônicos,Asus
29690,Cadeira Gamer Gamer,Móveis,HP
29700,Mouse Ultra,Eletrônicos,Asus
29710,Mesa Digitalizadora Gamer,Eletrônicos,Lenovo
29720,Cadeira Gamer Pro,Informática,LG
29730,Cadeira Gamer Gamer,Informática,Pichau
29740,Cadeira Gamer Basic,Acessórios,Logitech
29750,Headset Gamer,Eletrônicos,Asus
29760,Webcam Basic,Informática,Apple
29770,Gabinete Plus,Informática,HP
29780,Webcam Ultra,Eletrônicos,Apple
29790,Monitor Ultra,Eletrônicos,Dell
29800,Gabinete Basic,Eletrônicos,Asus
29810,Cadeira Gamer Basic,Games,Samsung
29820,Teclado Ultra,Móveis,Lenovo
29830,Mesa Digitalizadora Ultra,Eletrônicos,Apple
29840,Teclado Ultra,Eletrônicos,Lenovo
29850,Smartphone Plus,Eletrônicos,Apple
29860,Smartphone V2,Eletrônicos,Apple
29870,Mouse X,Móveis,Samsung
29880,Headset X,Móveis,Lenovo
29890,Headset X,Games,HP
29900,Monitor X,Games,Samsung
29910,Webcam Pro,Acessórios,Logitech
29920,Webcam Basic,Eletrodomésticos,HP
29930,Mesa Digitalizadora V2,Eletrônicos,Dell
29940,Headset Plus,Informática,Pichau
29950,Mouse Gamer,Games,LG
29960,Headset X,Móveis,Samsung
29970,Teclado Pro,Informática,Logitech
29980,Monitor Plus,Informática,Logitech
29990,Cadeira Gamer Basic,Eletrônicos,Sony
30000,Smartphone Gamer,Eletrodomésticos,Lenovo
30010,Mouse Basic,Informática,Asus
30020,Headset Gamer,Eletrônicos,Apple
30030,Mesa Digitalizadora Plus,Eletrônicos,Dell
30040,Gabinete V2,Eletrônicos,Sony
30050,Monitor Gamer,Games,Asus
30060,Webcam Ultra,Eletrônicos,Logitech
30070,Monitor Plus,Eletronicos,Dell
30080,Smartphone Ultra,Eletrodomésticos,Logitech
30090,Gabinete X,Acessórios,Asus
30100,Mesa Digitalizadora X,Móveis,Pichau
30110,Monitor X,Acessórios,Asus
30120,Teclado Ultra,Eletrodomésticos,Pichau
30130,Notebook Gamer,Móveis,Dell
30140,Headset Basic,Eletronicos,HP
30150,Teclado Pro,Games,Samsung
30160,Webcam Pro,Eletronicos,Logitech
30170,Webcam Ultra,Móveis,Apple
30180,Teclado Gamer,Móveis,Sony
30190,Mouse Plus,Informática,HP
30200,Cadeira Gamer Gamer,Eletrodomésticos,Asus
30210,Smartphone Ultra,Eletrodomésticos,LG
30220,Mouse Basic,Eletrodomésticos,LG
30230,Cadeira Gamer Pro,Eletrônicos,HP
30240,Gabinete Gamer,Games,Logitech
30250,Smartphone X,Móveis,Samsung
30260,Webcam Gamer,Acessórios,Dell
30270,Notebook Basic,Games,Dell
30280,Notebook Pro,Informática,Apple
30290,Notebook Plus,Eletrodomésticos,Sony
30300,Smartphone Gamer,Eletrodomésticos,Sony
30310,Smartphone V2,Acessórios,Apple
30320,Mouse Plus,Informática,Pichau
30330,Mesa Digitalizadora Basic,Eletrônicos,Dell
30340,Cadeira Gamer Gamer,Games,Asus
30350,Headset V2,eletrônicos,
30360,Gabinete Plus,Informática,LG
30370,Teclado Basic,Acessórios,Logitech
30380,Gabinete Ultra,Games,Sony
30390,Notebook Pro,Games,Samsung
30400,Webcam V2,Eletrônicos,Dell
30410,Gabinete Plus,Móveis,Apple
30420,Teclado X,Informática,Apple
30430,Mesa Digitalizadora V2,Acessórios,Dell
30440,Headset Pro,games,Apple
30450,Headset Plus,Acessórios,Samsung
30460,Notebook Plus,Informática,Logitech
30470,Mesa Digitalizadora Ultra,Games,Apple
30480,Cadeira Gamer Gamer,Móveis,Logitech
30490,Mouse Gamer,Acessórios,LG
30500,Monitor V2,Informática,HP
30510,Smartphone Gamer,Acessórios,LG
30520,Monitor Pro,Móveis,Asus
30530,Notebook Plus,Games,Apple
30540,Cadeira Gamer V2,Eletrônicos,LG
30550,Teclado Basic,Eletrodomésticos,Samsung
30560,Smartphone Basic,Móveis,LG
30570,Headset Gamer,Eletrônicos,Dell
30580,Gabinete X,Informática,Asus
30590,Gabinete Pro,eletrônicos,
30600,Headset Gamer,Eletrodomésticos,Asus
30610,Smartphone Gamer,Acessórios,Asus
30620,Gabinete X,Móveis,Logitech
30630,Notebook Basic,Móveis,Pichau
30640,Webcam Pro,Informática,Logitech
30650,Headset Ultra,Acessórios,Lenovo
30660,Teclado V2,Eletrodomésticos,Lenovo
30670,Teclado Basic,Acessórios,Dell
30680,Gabinete V2,Acessórios,Logitech
30690,Teclado Ultra,Games,Logitech
30700,Gabinete V2,Informática,LG
30710,Cadeira Gamer V2,Acessórios,Apple
30720,Teclado X,Games,Sony
30730,Mesa Digitalizadora Basic,Acessórios,Lenovo
30740,Mesa Digitalizadora Ultra,Móveis,Samsung
30750,Teclado V2,Eletrônicos,Samsung
30760,Monitor Gamer,Eletrodomésticos,Logitech
30770,Teclado X,Acessórios,LG
30780,Smartphone Basic,Games,Sony
30790,Webcam Gamer,Informática,Asus
30800,Mesa Digitalizadora X,Móveis,Apple
30810,Cadeira Gamer Basic,Acessórios,LG
30820,Gabinete Pro,Informática,Apple
30830,Notebook X,Informática,Samsung
30840,Cadeira Gamer Pro,Informática,Samsung
30850,Mouse V2,Eletrodomésticos,LG
30860,Headset Pro,Eletrodomésticos,Pichau
30870,Webcam X,Eletrodomésticos,Apple
30880,Cadeira Gamer Pro,Acessórios,Logitech
30890,Webcam Ultra,Eletrodomésticos,Sony
30900,Gabinete Ultra,Eletrodomésticos,Sony
30910,Notebook Ultra,Eletrodomésticos,Logitech
30920,Cadeira Gamer V2,Acessórios,Dell
30930,Notebook V2,Informática,Dell
30940,Gabinete Ultra,Eletrodomésticos,Lenovo
30950,Headset V2,Acessórios,Apple
30960,Monitor X,Móveis,Lenovo
30970,Webcam Gamer,Games,Lenovo
30980,Headset Pro,Eletrodomésticos,Lenovo
30990,Webcam Pro,Games,HP
31000,Monitor Ultra,Móveis,Apple
31010,Headset Plus,Eletrônicos,Sony
31020,Monitor V2,Móveis,HP
31030,Headset Ultra,Eletrônicos,Apple
31040,Webcam Ultra,Eletrônicos,Dell
31050,Smartphone X,Games,HP
31060,Mesa Digitalizadora Gamer,Informática,Samsung
31070,Smartphone V2,Games,Dell
31080,Mesa Digitalizadora Pro,Informática,LG
31090,Mesa Digitalizadora Ultra,acessórios,
31100,Headset Gamer,Games,Lenovo
31110,Gabinete Gamer,Eletronicos,Apple
31120,Cadeira Gamer V2,Móveis,Lenovo
31130,Mouse V2,Móveis,Logitech
31140,Gabinete Ultra,Acessórios,Samsung
31150,Mouse Ultra,Eletrodomésticos,Sony
31160,Teclado Plus,Informática,Pichau
31170,Teclado V2,Informática,Asus
31180,Mesa Digitalizadora Basic,Eletrodomésticos,HP
31190,Mouse Plus,Games,Logitech
31200,Mesa Digitalizadora Pro,Acessórios,Samsung
31210,Gabinete V2,Móveis,Asus
31220,Notebook Plus,Acessórios,LG
31230,Teclado X,Eletrônicos,Logitech
31240,Webcam X,Eletrônicos,HP
31250,Gabinete Ultra,Eletrônicos,LG
31260,Webcam Basic,games,
31270,Headset Pro,Games,LG
31280,Notebook Plus,Games,Lenovo
31290,Gabinete V2,Acessórios,Samsung
31300,Mouse Plus,Eletrodomésticos,Dell
31310,Smartphone Pro,Móveis,Apple
31320,Monitor Plus,Móveis,LG
31330,Teclado X,Eletrodomésticos,Apple
31340,Headset Plus,Eletrodomésticos,Lenovo
31350,Monitor Plus,Eletrodomésticos,Pichau
31360,Teclado X,Acessórios,Sony
31370,Gabinete Plus,Eletrodomésticos,Samsung
31380,Mesa Digitalizadora X,Informática,LG
31390,Notebook Basic,Informática,Apple
31400,Monitor Pro,Móveis,Sony
31410,Gabinete Plus,Eletrônicos,Apple
31420,Smartphone Gamer,Eletrodomésticos,Apple
31430,Cadeira Gamer Pro,Móveis,Logitech
31440,Mouse X,Eletrodomésticos,Dell
31450,Mouse Plus,Games,Logitech
31460,Headset Pro,Móveis,Samsung
31470,Gabinete Plus,Móveis,Asus
31480,Mouse Gamer,Informática,LG
31490,Smartphone Gamer,Móveis,Asus
31500,Mesa Digitalizadora Pro,Móveis,Logitech
31510,Teclado X,Acessórios,Pichau
31520,Gabinete Plus,Eletrodomésticos,Apple
31530,Mouse Gamer,Acessorios,HP
31540,Notebook Gamer,Móveis,Asus
31550,Cadeira Gamer Basic,Informática,HP
31560,Mesa Digitalizadora X,Móveis,HP
31570,Gabinete V2,Acessórios,Sony
31580,Monitor Pro,Acessorios,Lenovo
31590,Monitor Basic,Móveis,Apple
31600,Teclado Gamer,Games,HP
31610,Mesa Digitalizadora Ultra,Acessórios,HP
31620,Cadeira Gamer Pro,Eletrônicos,Samsung
31630,Monitor Plus,Informática,Logitech
31640,Gabinete Plus,Games,Lenovo
31650,Smartphone Gamer,Eletrônicos,Apple
31660,Smartphone Plus,Eletrodomésticos,Pichau
31670,Monitor X,Acessórios,Asus
31680,Mesa Digitalizadora Ultra,Games,Logitech
31690,Smartphone Basic,Eletrônicos,LG
31700,Headset Gamer,Acessórios,Samsung
31710,Monitor Pro,Acessórios,Dell
31720,Mouse Basic,Acessórios,Apple
31730,Webcam V2,Móveis,HP
31740,Mesa Digitalizadora Gamer,Móveis,Lenovo
31750,Mouse Gamer,Eletrodomésticos,Sony
31760,Notebook X,Eletrônicos,Logitech
31770,Notebook Ultra,Moveis,Apple
31780,Smartphone Pro,Games,Logitech
31790,Mouse Gamer,Games,Sony
31800,Mouse Plus,Games,Asus
31810,Mesa Digitalizadora Basic,Eletrodomésticos,LG
31820,Gabinete Plus,Acessórios,HP
31830,Notebook Gamer,Games,Logitech
31840,Smartphone Basic,Móveis,Lenovo
31850,Headset Plus,Móveis,Logitech
31860,Webcam Basic,Eletrônicos,Sony
31870,Mouse X,Games,Lenovo
31880,Gabinete V2,Games,Apple
31890,Notebook Basic,Acessorios,Logitech
31900,Cadeira Gamer X,eletrônicos,
31910,Gabinete Pro,Games,Sony
31920,Smartphone Plus,Móveis,Logitech
31930,Headset Plus,Móveis,Samsung
31940,Gabinete Gamer,Eletrônicos,Samsung
31950,Headset Gamer,Games,Apple
31960,Smartphone Pro,Informática,Logitech
31970,Gabinete Ultra,Móveis,Dell
31980,Webcam X,Eletrodomésticos,HP
31990,Cadeira Gamer Ultra,Informática,Lenovo
32000,Cadeira Gamer Gamer,Games,LG
32010,Cadeira Gamer Ultra,Games,Dell
32020,Cadeira Gamer Pro,Informática,Pichau
32030,Mouse Plus,informática,Sony
32040,Headset X,Informática,Dell
32050,Mesa Digitalizadora V2,móveis,
32060,Notebook Pro,Acessórios,Pichau
32070,Mesa Digitalizadora V2,Eletrodomésticos,HP
32080,Mesa Digitalizadora V2,Eletrodomésticos,LG
32090,Notebook V2,Games,Sony
32100,Headset V2,Games,Lenovo
32110,Teclado Gamer,Informática,Apple
32120,Teclado V2,móveis,LG
32130,Teclado V2,eletrônicos,
32140,Webcam Gamer,Informática,Sony
32150,Cadeira Gamer Gamer,Informática,Sony
32160,Mouse Basic,Acessórios,LG
32170,Mouse Plus,Acessórios,Sony
32180,Headset Gamer,móveis,
32190,Webcam X,Games,Apple
32200,Webcam X,Eletrônicos,Lenovo
32210,Smartphone Basic,Eletrodomésticos,Dell
32220,Teclado V2,Games,Lenovo
32230,Headset Pro,Acessórios,Samsung
32240,Gabinete V2,Eletrodomésticos,Apple
32250,Smartphone Pro,Informática,Sony
32260,Mouse Ultra,Games,LG
32270,Monitor Basic,Eletrodomésticos,Lenovo
32280,Mesa Digitalizadora Basic,Games,Sony
32290,Mouse Gamer,Eletrônicos,LG
32300,Smartphone Pro,Acessórios,LG
32310,Monitor Plus,Games,Asus
32320,Mouse Ultra,Games,LG
32330,Mesa Digitalizadora Pro,Eletrônicos,Pichau
32340,Notebook V2,Informatica,Apple
32350,Webcam Basic,Eletrônicos,Sony
32360,Gabinete V2,Informática,Dell
32370,Teclado Ultra,Informática,Samsung
32380,Headset Pro,Acessórios,Apple
32390,Webcam Basic,Móveis,Samsung
32400,Teclado Pro,Eletrônicos,Samsung
32410,Smartphone Gamer,acessórios,Dell
32420,Headset Gamer,Games,HP
32430,Headset Pro,Eletrônicos,Samsung
32440,Webcam Ultra,Eletrodomésticos,Logitech
32450,Smartphone Ultra,Eletrônicos,Lenovo
32460,Teclado X,Móveis,HP
32470,Mesa Digitalizadora X,Games,Apple
32480,Mesa Digitalizadora X,Eletrodomésticos,Dell
32490,Smartphone V2,Moveis,Lenovo
32500,Cadeira Gamer Pro,Games,Dell
32510,Gabinete Basic,Acessorios,HP
32520,Webcam V2,Móveis,Dell
32530,Cadeira Gamer Plus,Móveis,Asus
32540,Cadeira Gamer Plus,Eletrônicos,Dell
32550,Mesa Digitalizadora Gamer,eletrodomésticos,
32560,Webcam X,Games,Lenovo
32570,Cadeira Gamer Pro,Games,HP
32580,Gabinete Gamer,Eletrodomésticos,Lenovo
32590,Webcam Plus,Acessórios,Samsung
32600,Cadeira Gamer Ultra,Eletrodomésticos,Pichau
32610,Smartphone V2,Games,HP
32620,Cadeira Gamer X,Informática,Asus
32630,Mouse Pro,Acessórios,Pichau
32640,Cadeira Gamer Pro,Games,Logitech
32650,Headset Ultra,Informática,LG
32660,Webcam Plus,Eletrodomésticos,Lenovo
32670,Teclado Gamer,Móveis,Asus
32680,Cadeira Gamer Plus,Eletrônicos,LG
32690,Headset V2,Games,Asus
32700,Notebook V2,Acessorios,Logitech
32710,Smartphone Ultra,Eletrodomésticos,Sony
32720,Smartphone Plus,Eletrodomésticos,Samsung
32730,Notebook X,Acessórios,Asus
32740,Webcam X,Acessórios,Asus
32750,Notebook Plus,Móveis,HP
32760,Cadeira Gamer V2,Games,Pichau
32770,Mouse Plus,Móveis,Apple
32780,Monitor Ultra,Eletrodomésticos,Logitech
32790,Teclado Pro,Eletrodomésticos,Pichau
32800,Webcam Pro,Eletrônicos,Dell
32810,Cadeira Gamer Ultra,Eletrônicos,Dell
32820,Mesa Digitalizadora Ultra,Games,Dell
32830,Teclado Plus,Moveis,Logitech
32840,Webcam X,Eletrodomésticos,Samsung
32850,Smartphone Gamer,Informática,Sony
32860,Smartphone Plus,Acessórios,HP
32870,Notebook Plus,Acessórios,Pichau
32880,Monitor Gamer,Acessórios,Asus
32890,Monitor Basic,Games,Pichau
32900,Notebook Plus,Eletrodomésticos,Samsung
32910,Cadeira Gamer Plus,Acessórios,HP
32920,Webcam Pro,Eletrônicos,Lenovo
32930,Mesa Digitalizadora Plus,Acessórios,LG
32940,Notebook Ultra,Acessórios,HP
32950,Monitor Basic,Informática,LG
32960,Monitor Plus,Eletrônicos,Lenovo
32970,Gabinete Pro,Eletrônicos,Samsung
32980,Gabinete Gamer,Games,Samsung
32990,Mouse X,Móveis,HP
33000,Mouse Ultra,Eletrodomésticos,Pichau
33010,Monitor V2,Móveis,Samsung
33020,Mouse Pro,Móveis,Lenovo
33030,Gabinete Gamer,Informática,Apple
33040,Mesa Digitalizadora Pro,Informática,Dell
33050,Webcam Plus,móveis,Samsung
33060,Teclado X,Móveis,Logitech
33070,Cadeira Gamer Ultra,Informática,Pichau
33080,Headset Gamer,Móveis,Dell
33090,Smartphone X,Móveis,HP
33100,Gabinete V2,Móveis,Lenovo
33110,Headset Gamer,Games,Dell
33120,Monitor X,Eletrônicos,HP
33130,Cadeira Gamer Pro,Informatica,Lenovo
33140,Cadeira Gamer X,Acessórios,Pichau
33150,Teclado X,Móveis,Logitech
33160,Cadeira Gamer Pro,Acessórios,Apple
33170,Gabinete Plus,Móveis,HP
33180,Monitor Ultra,Games,Apple
33190,Monitor V2,Games,Pichau
33200,Smartphone Gamer,Móveis,Samsung
33210,Cadeira Gamer V2,Informática,Pichau
33220,Smartphone Pro,Eletrônicos,HP
33230,Teclado Gamer,Eletrônicos,Logitech
33240,Webcam Basic,móveis,HP
33250,Teclado V2,Games,LG
33260,Gabinete Gamer,eletrônicos,
33270,Cadeira Gamer Ultra,Acessórios,Asus
33280,Smartphone Plus,Acessórios,Samsung
33290,Gabinete Basic,Acessórios,Samsung
33300,Notebook Basic,Móveis,HP
33310,Smartphone V2,Móveis,Logitech
33320,Headset Pro,eletrônicos,
33330,Gabinete Basic,Acessórios,Samsung
33340,Mouse Ultra,Acessórios,Dell
33350,Monitor Basic,móveis,
33360,Gabinete Ultra,Moveis,Apple
33370,Teclado Basic,Acessórios,Samsung
33380,Notebook Gamer,Acessórios,Asus
33390,Notebook V2,Acessorios,Logitech
33400,Smartphone Pro,Eletrodomésticos,LG
33410,Teclado V2,Móveis,Lenovo
33420,Monitor Ultra,Eletrodomésticos,HP
33430,Cadeira Gamer Ultra,Móveis,Apple
33440,Cadeira Gamer Pro,Eletrônicos,Dell
33450,Cadeira Gamer Plus,Games,Logitech
33460,Teclado Ultra,Eletrodomésticos,Pichau
33470,Smartphone Ultra,Móveis,Sony
33480,Cadeira Gamer V2,Eletrodomésticos,Asus
33490,Cadeira Gamer Ultra,Móveis,Dell
33500,Webcam Ultra,Eletrônicos,Lenovo
33510,Notebook Basic,Acessórios,Samsung
33520,Cadeira Gamer Pro,Eletrônicos,LG
33530,Teclado Plus,eletrodomésticos,Pichau
33540,Webcam Pro,Acessórios,Apple
33550,Cadeira Gamer Gamer,Eletrodomésticos,HP
33560,Monitor Gamer,Móveis,Logitech
33570,Mesa Digitalizadora Gamer,Acessórios,Logitech
33580,Headset X,Informática,Logitech
33590,Mouse X,Eletrodomésticos,HP
33600,Monitor Plus,Acessórios,LG
33610,Mesa Digitalizadora Plus,Eletrodomésticos,Pichau
33620,Headset Basic,Eletrodomésticos,Pichau
33630,Mesa Digitalizadora Basic,Móveis,Lenovo
33640,Mouse V2,Eletrodomésticos,Asus
33650,Notebook Basic,Eletrodomésticos,Apple
33660,Cadeira Gamer Pro,Informática,Dell
33670,Smartphone X,Móveis,LG
33680,Monitor Plus,Eletrônicos,Asus
33690,Mouse X,Móveis,Lenovo
33700,Teclado Basic,Móveis,LG
33710,Notebook V2,acessórios,LG
33720,Mouse Pro,Móveis,Dell
33730,Webcam Ultra,Móveis,Sony
33740,Smartphone V2,Acessórios,LG
33750,Mesa Digitalizadora X,Eletrodomésticos,HP
33760,Notebook Plus,Games,Logitech
33770,Gabinete Gamer,Eletrônicos,LG
33780,Webcam Basic,Games,Samsung
33790,Mesa Digitalizadora Plus,Eletrodomésticos,Pichau
33800,Mesa Digitalizadora Ultra,Games,Samsung
33810,Gabinete Plus,Eletrônicos,Samsung
33820,Gabinete X,games,
33830,Notebook V2,Eletrodomésticos,Sony
33840,Notebook Gamer,Games,Logitech
33850,Teclado X,Informática,Asus
33860,Mesa Digitalizadora Gamer,Acessórios,HP
33870,Mouse X,Eletrônicos,Dell
33880,Webcam Plus,eletrodomésticos,
33890,Mesa Digitalizadora Plus,acessórios,
33900,Mesa Digitalizadora Basic,Móveis,Sony
33910,Teclado X,Móveis,Sony
33920,Headset V2,Móveis,LG
33930,Webcam Gamer,Games,Samsung
33940,Gabinete Gamer,Eletrodomésticos,Sony
33950,Mouse V2,móveis,Lenovo
33960,Headset Plus,eletrônicos,
33970,Monitor Pro,Acessórios,Asus
33980,Headset X,Eletrodomésticos,Asus
33990,Monitor X,Móveis,Apple
34000,Mouse Pro,Games,HP
34010,Mouse Ultra,Informática,Dell
34020,Mouse X,Eletrônicos,Lenovo
34030,Headset Ultra,Móveis,LG
34040,Teclado Basic,Eletrodomésticos,Logitech
34050,Webcam Ultra,Informática,Logitech
34060,Gabinete Ultra,Informática,Sony
34070,Mouse X,Eletrodomésticos,LG
34080,Smartphone Ultra,Acessórios,Logitech
34090,Cadeira Gamer Plus,Eletrodomésticos,Samsung
34100,Cadeira Gamer V2,Móveis,Asus
34110,Monitor X,Games,Dell
34120,Mouse V2,Informática,LG
34130,Mesa Digitalizadora Pro,Games,Dell
34140,Cadeira Gamer V2,Informática,LG
34150,Mouse Gamer,Acessórios,Logitech
34160,Notebook Gamer,Acessórios,Samsung
34170,Headset Ultra,Eletrodomésticos,Dell
34180,Mesa Digitalizadora X,Móveis,Asus
34190,Webcam Pro,Eletrônicos,Samsung
34200,Mouse Pro,Móveis,Asus
34210,Notebook X,Games,Sony
34220,Headset Basic,Móveis,Dell
34230,Webcam Pro,Informática,LG
34240,Smartphone Plus,Games,Apple
34250,Webcam V2,Eletrônicos,Apple
34260,Webcam Ultra,Informática,Asus
34270,Mesa Digitalizadora Ultra,Acessórios,Apple
34280,Notebook Plus,Informática,Samsung
34290,Mouse Gamer,Informática,Asus
34300,Teclado Pro,Eletrônicos,Samsung
34310,Headset Plus,Acessórios,Dell
34320,Mesa Digitalizadora X,Eletrodomésticos,Apple
34330,Mouse V2,Eletrodomésticos,LG
34340,Mesa Digitalizadora Basic,Eletrônicos,Dell
34350,Mesa Digitalizadora X,games,LG
34360,Monitor V2,Informática,Asus
34370,Teclado Gamer,Eletrônicos,Samsung
34380,Cadeira Gamer Ultra,Acessórios,Samsung
34390,Webcam Pro,Informática,HP
34400,Mouse X,informática,
34410,Mesa Digitalizadora Pro,Informática,Apple
34420,Mesa Digitalizadora Gamer,Games,Logitech
34430,Webcam Pro,Móveis,Pichau
34440,Headset Gamer,Eletrodomésticos,Dell
34450,Cadeira Gamer Pro,Móveis,Logitech
34460,Mouse Ultra,Games,Logitech
34470,Mouse V2,Eletrodomésticos,Samsung
34480,Notebook Pro,Acessórios,Logitech
34490,Webcam Gamer,Informática,HP
34500,Notebook Pro,Games,HP
34510,Cadeira Gamer Pro,Informática,Asus
34520,Headset Pro,Eletrodomésticos,HP
34530,Notebook V2,Informática,Sony
34540,Gabinete V2,Eletrônicos,Logitech
34550,Webcam Pro,Móveis,Pichau
34560,Webcam Gamer,Informática,Pichau
34570,Notebook Plus,Moveis,Logitech
34580,Monitor X,Acessórios,Apple
34590,Mesa Digitalizadora X,Eletrodomésticos,Dell
34600,Smartphone Gamer,Eletrônicos,Logitech
34610,Mouse Plus,Eletrodomésticos,Dell
34620,Webcam V2,Eletronicos,Sony
34630,Notebook Basic,Acessórios,Apple
34640,Notebook Plus,Móveis,Apple
34650,Notebook Pro,Games,Lenovo
34660,Smartphone X,Games,Apple
34670,Cadeira Gamer Plus,Eletrodomésticos,Dell
34680,Gabinete Ultra,Eletrodomésticos,LG
34690,Gabinete Ultra,Informática,Samsung
34700,Gabinete Plus,Acessórios,Pichau
34710,Gabinete Ultra,Eletrônicos,HP
34720,Webcam Basic,Eletrônicos,LG
34730,Mouse Pro,Moveis,Samsung
34740,Cadeira Gamer Pro,Acessórios,Samsung
34750,Cadeira Gamer Ultra,Acessórios,Lenovo
34760,Smartphone Plus,Acessórios,Lenovo
34770,Notebook V2,Móveis,Samsung
34780,Gabinete Basic,Acessórios,HP
34790,Webcam Basic,Eletrodomésticos,Dell
34800,Mesa Digitalizadora Pro,Games,Pichau
34810,Monitor Pro,Acessórios,Lenovo
34820,Headset Plus,Eletrodomésticos,Samsung
34830,Mouse Ultra,Games,Logitech
34840,Mesa Digitalizadora V2,Eletrodomésticos,Dell
34850,Gabinete Ultra,Informática,Apple
34860,Monitor Plus,Informática,HP
34870,Headset Pro,Games,Dell
34880,Notebook V2,Eletrônicos,Logitech
34890,Smartphone Gamer,Eletrodomésticos,Sony
34900,Mouse X,Eletrônicos,Sony
34910,Teclado X,Games,Samsung
34920,Cadeira Gamer Plus,Informática,Dell
34930,Mesa Digitalizadora Pro,Informática,Lenovo
34940,Gabinete Basic,Eletrônicos,LG
34950,Gabinete Pro,Móveis,Apple
34960,Gabinete Basic,Informática,HP
34970,Notebook Pro,Informática,Pichau
34980,Smartphone Plus,Eletrônicos,Logitech
34990,Notebook Ultra,Games,Lenovo
35000,Monitor Basic,Informática,Lenovo
35010,Webcam X,Móveis,Samsung
35020,Mesa Digitalizadora V2,Eletrônicos,Asus
35030,Mesa Digitalizadora Pro,Móveis,HP
35040,Teclado Plus,Móveis,HP
35050,Mesa Digitalizadora Gamer,Games,Apple
35060,Webcam Ultra,Games,Logitech
35070,Gabinete Plus,Móveis,Samsung
35080,Teclado Ultra,Eletrodomésticos,LG
35090,Webcam Plus,Eletrônicos,Sony
35100,Notebook Plus,Acessórios,Samsung
35110,Mouse X,Eletrodomésticos,Lenovo
35120,Mouse Ultra,Acessórios,HP
35130,Teclado V2,Games,Sony
35140,Monitor Ultra,Eletrônicos,Logitech
35150,Monitor Plus,Eletrodomésticos,Samsung
35160,Headset V2,Acessórios,Asus
35170,Monitor Basic,Games,Sony
35180,Headset Pro,Acessórios,Samsung
35190,Webcam V2,Informática,Lenovo
35200,Monitor Pro,Games,Logitech
35210,Headset V2,Móveis,LG
35220,Smartphone Basic,Móveis,LG
35230,Gabinete Plus,Informática,Dell
35240,Smartphone Pro,Eletrônicos,Lenovo
35250,Headset Plus,Acessórios,Dell
35260,Gabinete Basic,Eletrônicos,Pichau
35270,Mouse Plus,Informática,Asus
35280,Teclado Gamer,Eletrodomésticos,Logitech
35290,Webcam Gamer,Eletrodomésticos,Sony
35300,Mesa Digitalizadora Basic,Games,Lenovo
35310,Headset X,Eletrodomésticos,Dell
35320,Gabinete Basic,Games,Asus
35330,Mouse Gamer,Informática,Pichau
35340,Headset V2,Games,Logitech
35350,Notebook Pro,Eletrônicos,Pichau
35360,Smartphone Pro,Móveis,Dell
35370,Webcam Basic,Móveis,Sony
35380,Teclado Pro,Eletrodomésticos,Sony
35390,Mesa Digitalizadora Plus,Móveis,Apple
35400,Cadeira Gamer Pro,Eletrônicos,Apple
35410,Notebook X,Móveis,HP
35420,Mesa Digitalizadora X,Eletrodomésticos,Dell
35430,Mouse Ultra,Informática,LG
35440,Headset Plus,Eletrônicos,LG
35450,Smartphone Pro,Móveis,HP
35460,Notebook Basic,Acessórios,Pichau
35470,Webcam X,Acessórios,Sony
35480,Headset Pro,Informatica,Apple
35490,Gabinete Ultra,Informática,Apple
35500,Notebook V2,Acessorios,Sony
35510,Notebook Basic,Informática,Dell
35520,Smartphone X,Eletrodomésticos,Apple
35530,Cadeira Gamer Gamer,Acessórios,Pichau
35540,Notebook Pro,Eletrônicos,Asus
35550,Cadeira Gamer Basic,Eletrônicos,Samsung
35560,Headset V2,Eletrônicos,HP
35570,Mouse Ultra,Informática,LG
35580,Notebook X,Acessórios,Samsung
35590,Mouse Gamer,Eletrodomésticos,Logitech
35600,Monitor X,Móveis,Apple
35610,Mesa Digitalizadora V2,Eletrodomésticos,Dell
35620,Headset Pro,Informática,Samsung
35630,Mouse Basic,Games,Asus
35640,Mesa Digitalizadora Basic,Acessórios,Sony
35650,Webcam Basic,Eletrônicos,LG
35660,Headset Basic,Informática,HP
35670,Smartphone Ultra,Eletrodomésticos,Lenovo
35680,Teclado Ultra,Acessórios,Asus
35690,Monitor Pro,informática,Logitech
35700,Monitor Pro,Acessórios,Samsung
35710,Webcam V2,Eletrônicos,Logitech
35720,Webcam X,Games,Pichau
35730,Monitor V2,Acessórios,Lenovo
35740,Gabinete Ultra,Eletrônicos,Lenovo
35750,Webcam X,Informática,Logitech
35760,Cadeira Gamer V2,Eletrônicos,Dell
35770,Mesa Digitalizadora V2,Eletrodomésticos,Pichau
35780,Monitor Pro,eletrodomésticos,
35790,Teclado V2,Eletrônicos,Dell
35800,Mouse Gamer,Games,Apple
35810,Cadeira Gamer Gamer,Eletrônicos,HP
35820,Gabinete X,Informática,Sony
35830,Teclado Ultra,Games,Asus
35840,Gabinete Ultra,Eletrodomésticos,Lenovo
35850,Webcam V2,Eletrodomésticos,Dell
35860,Teclado V2,Games,Lenovo
35870,Notebook Ultra,Games,Sony
35880,Cadeira Gamer Basic,Games,Apple
35890,Notebook Pro,Acessórios,Samsung
35900,Smartphone Ultra,Eletrodomésticos,Asus
35910,Monitor X,Informática,HP
35920,Smartphone Pro,Eletrodomésticos,Lenovo
35930,Headset Pro,Informática,Pichau
35940,Mouse Plus,Móveis,Lenovo
35950,Mesa Digitalizadora Pro,Eletrônicos,Samsung
35960,Gabinete Plus,Móveis,Logitech
35970,Teclado Basic,Eletrodomésticos,LG
35980,Gabinete Plus,Eletronicos,Apple
35990,Smartphone Pro,Móveis,Apple
36000,Headset Pro,Eletrodomésticos,Lenovo
36010,Mesa Digitalizadora Gamer,Eletrodomésticos,Logitech
36020,Smartphone V2,games,Pichau
36030,Smartphone Ultra,Móveis,Dell
36040,Notebook V2,Informática,Sony
36050,Headset Pro,Móveis,Sony
36060,Webcam V2,Móveis,Apple
36070,Gabinete V2,Games,Pichau
36080,Gabinete Plus,eletrodomésticos,Lenovo
36090,Smartphone X,Acessórios,Samsung
36100,Webcam Plus,Games,Apple
36110,Monitor Ultra,Eletrodomésticos,Lenovo
36120,Mouse Basic,Móveis,LG
36130,Notebook V2,Acessórios,Asus
36140,Cadeira Gamer V2,Eletrodomésticos,LG
36150,Teclado Basic,Acessórios,Sony
36160,Mouse X,Moveis,Asus
36170,Smartphone Basic,Games,Logitech
36180,Cadeira Gamer Gamer,Informática,HP
36190,Headset V2,Eletrônicos,Pichau
36200,Smartphone X,Informática,Asus
36210,Cadeira Gamer Gamer,Eletrodomésticos,Dell
36220,Mesa Digitalizadora X,Eletrodomésticos,Apple
36230,Notebook Pro,Acessórios,Dell
36240,Monitor Pro,acessórios,
36250,Smartphone Basic,Acessórios,Samsung
36260,Gabinete Plus,Móveis,Apple
36270,Notebook V2,Móveis,Pichau
36280,Cadeira Gamer Ultra,Eletrodomésticos,Samsung
36290,Headset Pro,Eletrodomésticos,LG
36300,Gabinete Plus,Acessórios,Asus
36310,Monitor Plus,Games,Lenovo
36320,Headset Gamer,Games,HP
36330,Headset V2,Móveis,Lenovo
36340,Mouse Pro,Informática,Apple
36350,Mouse Pro,Games,HP
36360,Webcam Gamer,Eletrônicos,Pichau
36370,Webcam Plus,Eletrônicos,Asus
36380,Monitor Gamer,Móveis,Apple
36390,Monitor Basic,Acessorios,LG
36400,Mesa Digitalizadora Ultra,Acessórios,Dell
36410,Headset X,Móveis,LG
36420,Webcam V2,Eletrodomésticos,Asus
36430,Teclado Pro,Móveis,HP
36440,Mesa Digitalizadora Plus,Móveis,Dell
36450,Mouse Pro,Móveis,Apple
36460,Cadeira Gamer Plus,Eletrodomésticos,HP
36470,Headset Basic,Eletrônicos,Dell
36480,Mesa Digitalizadora Ultra,Acessórios,Lenovo
36490,Gabinete V2,Eletrônicos,Dell
36500,Cadeira Gamer Pro,Eletrônicos,Logitech
36510,Notebook Plus,Eletrodomésticos,Apple
36520,Headset Pro,Eletrônicos,Apple
36530,Mouse Gamer,Games,LG
36540,Smartphone Plus,Eletrônicos,Sony
36550,Monitor Ultra,Informática,Lenovo
36560,Smartphone Pro,Acessórios,HP
36570,Gabinete V2,Eletrodomésticos,Lenovo
36580,Notebook Plus,Games,Logitech
36590,Cadeira Gamer Basic,Games,Lenovo
36600,Monitor Ultra,Games,HP
36610,Teclado Pro,Games,HP
36620,Mesa Digitalizadora X,Acessórios,LG
36630,Mouse Pro,Eletrodomésticos,Sony
36640,Teclado Ultra,Games,Lenovo
36650,Teclado V2,Informática,Pichau
36660,Mouse X,Informática,Dell
36670,Mesa Digitalizadora Plus,Acessórios,Dell
36680,Webcam Plus,Informática,Dell
36690,Cadeira Gamer V2,Acessórios,Apple
36700,Gabinete Ultra,Eletrônicos,LG
36710,Mesa Digitalizadora Basic,Móveis,Pichau
36720,Cadeira Gamer Pro,Eletrodomésticos,Lenovo
36730,Cadeira Gamer Basic,Móveis,LG
36740,Teclado Plus,Eletrônicos,Apple
36750,Webcam Basic,Móveis,Pichau
36760,Teclado Pro,Informática,Samsung
36770,Mouse V2,Eletrodomésticos,Apple
36780,Webcam X,Acessórios,Samsung
36790,Mesa Digitalizadora Basic,Acessórios,Sony
36800,Mesa Digitalizadora V2,Acessórios,HP
36810,Cadeira Gamer Ultra,Móveis,Apple
36820,Monitor V2,Eletrodomésticos,Samsung
36830,Smartphone X,Acessórios,LG
36840,Mouse Gamer,Games,Asus
36850,Mesa Digitalizadora Ultra,Eletrônicos,Samsung
36860,Gabinete Basic,Acessórios,Dell
36870,Webcam V2,Acessórios,Asus
36880,Smartphone Pro,Eletrodomésticos,LG
36890,Smartphone X,Informática,Apple
36900,Mesa Digitalizadora V2,informática,Asus
36910,Cadeira Gamer Plus,Móveis,LG
36920,Mesa Digitalizadora X,Móveis,Lenovo
36930,Smartphone V2,acessórios,Pichau
36940,Smartphone Ultra,Informática,Pichau
36950,Mesa Digitalizadora Ultra,Informatica,Asus
36960,Webcam V2,Acessórios,LG
36970,Gabinete Ultra,Acessórios,Asus
36980,Webcam Basic,Eletrodomésticos,Samsung
36990,Monitor Plus,eletrônicos,
37000,Mouse X,Informática,Sony
37010,Monitor X,Moveis,Pichau
37020,Notebook Pro,Informática,LG
37030,Headset Pro,Eletrônicos,Apple
37040,Headset Plus,Eletrodomésticos,LG
37050,Gabinete X,Informática,Dell
37060,Webcam Ultra,Eletrodomésticos,Lenovo
37070,Teclado Basic,Eletrodomésticos,Apple
37080,Teclado X,Eletrodomésticos,Asus
37090,Webcam Pro,Games,Dell
37100,Cadeira Gamer Gamer,informática,
37110,Headset Plus,Móveis,Dell
37120,Cadeira Gamer Pro,Eletrodomésticos,LG
37130,Monitor Gamer,games,Dell
37140,Gabinete Basic,Acessórios,Apple
37150,Webcam X,Móveis,HP
37160,Webcam V2,Móveis,Asus
37170,Monitor Ultra,Eletrônicos,Sony
37180,Mouse Pro,Eletrodomésticos,Sony
37190,Headset Ultra,Informática,Sony
37200,Webcam Basic,Games,Dell
37210,Gabinete Basic,Acessórios,Logitech
37220,Gabinete Ultra,Acessórios,Samsung
37230,Mouse X,Móveis,Asus
37240,Teclado X,Informática,Pichau
37250,Webcam Plus,Eletrodomésticos,HP
37260,Cadeira Gamer Gamer,Móveis,Pichau
37270,Smartphone Ultra,Acessórios,Asus
37280,Monitor Basic,Games,Apple
37290,Cadeira Gamer Ultra,eletrônicos,
37300,Smartphone Pro,Games,LG
37310,Gabinete Ultra,Games,Sony
37320,Notebook Basic,Eletrodomésticos,Samsung
37330,Gabinete Plus,Móveis,Sony
37340,Mouse Basic,Games,LG
37350,Mouse Plus,Acessorios,Sony
37360,Gabinete Basic,Eletrônicos,Samsung
37370,Headset Ultra,Eletrônicos,LG
37380,Mesa Digitalizadora Ultra,Informatica,Apple
37390,Monitor Ultra,Games,Samsung
37400,Mesa Digitalizadora V2,Acessórios,Pichau
37410,Mesa Digitalizadora Pro,Eletrodomésticos,Pichau
37420,Cadeira Gamer X,Eletrodomésticos,Samsung
37430,Mesa Digitalizadora Pro,Móveis,Pichau
37440,Monitor X,Informática,Apple
37450,Headset Basic,informática,
37460,Gabinete X,Games,Pichau
37470,Mouse Basic,Acessórios,Logitech
37480,Webcam Ultra,Eletrodomésticos,Apple
37490,Cadeira Gamer Basic,Acessórios,LG
37500,Monitor X,Games,LG
37510,Headset V2,Móveis,Sony
37520,Mouse X,Informática,Asus
37530,Smartphone Pro,Informática,Logitech
37540,Teclado X,Eletrônicos,Apple
37550,Teclado Plus,Eletrodomésticos,HP
37560,Gabinete X,Móveis,Asus
37570,Mesa Digitalizadora Pro,Eletrônicos,Asus
37580,Webcam Basic,Eletrônicos,Lenovo
37590,Webcam Pro,Informática,Lenovo
37600,Mouse Ultra,Games,Sony
37610,Monitor Ultra,Games,LG
37620,Mesa Digitalizadora Basic,Eletrônicos,Dell
37630,Mesa Digitalizadora X,Games,Dell
37640,Headset Gamer,Eletrônicos,Pichau
37650,Webcam Gamer,Informática,Asus
37660,Cadeira Gamer Gamer,Móveis,Dell
37670,Notebook Basic,Acessórios,Dell
37680,Mouse V2,Móveis,Samsung
37690,Notebook Plus,Games,Pichau
37700,Cadeira Gamer V2,Games,Logitech
37710,Cadeira Gamer Gamer,Acessórios,LG
37720,Headset Plus,Informática,Samsung
37730,Gabinete Pro,Eletrodomésticos,Pichau
37740,Monitor X,Informática,Dell
37750,Mouse Basic,Móveis,Asus
37760,Gabinete Ultra,informática,
37770,Cadeira Gamer Basic,Informática,Dell
37780,Monitor Plus,Eletrodomésticos,LG
37790,Gabinete Basic,Acessórios,Samsung
37800,Teclado V2,Eletrodomésticos,HP
37810,Mouse X,Eletrodomésticos,Pichau
37820,Monitor Basic,Eletrônicos,Sony
37830,Teclado Ultra,Informática,Lenovo
37840,Smartphone V2,Eletrodomésticos,Logitech
37850,Mesa Digitalizadora Basic,Games,Lenovo
37860,Gabinete Ultra,Móveis,Sony
37870,Mouse Basic,Eletrodomésticos,Dell
37880,Headset Plus,Eletrodomésticos,LG
37890,Monitor Pro,Games,Lenovo
37900,Teclado Ultra,Eletrodomésticos,Pichau
37910,Webcam X,Móveis,Logitech
37920,Notebook Gamer,Eletrônicos,Sony
37930,Gabinete X,Eletrônicos,Samsung
37940,Gabinete X,Eletrônicos,Sony
37950,Mouse Pro,Eletrônicos,Apple
37960,Gabinete Gamer,Informática,Dell
37970,Mesa Digitalizadora Plus,Games,Logitech
37980,Mesa Digitalizadora V2,Eletrodomésticos,HP
37990,Teclado Ultra,Móveis,Logitech
38000,Gabinete Pro,Acessórios,Apple
38010,Smartphone V2,Acessórios,Dell
38020,Monitor Plus,Eletrônicos,LG
38030,Headset Ultra,Games,Asus
38040,Monitor X,Acessórios,Sony
38050,Gabinete Ultra,Games,Sony
38060,Gabinete Basic,eletrônicos,
38070,Gabinete Gamer,Eletrônicos,Asus
38080,Mesa Digitalizadora Ultra,Eletrônicos,HP
38090,Mesa Digitalizadora Pro,Acessórios,Apple
38100,Webcam Pro,Eletronicos,HP
38110,Headset Ultra,Móveis,Asus
38120,Smartphone V2,Eletrodomésticos,LG
38130,Mouse Plus,Eletrodomésticos,Logitech
38140,Headset Ultra,Games,HP
38150,Mouse Gamer,Eletrônicos,Logitech
38160,Smartphone Pro,Eletrônicos,Asus
38170,Gabinete V2,Eletrodomésticos,Lenovo
38180,Mesa Digitalizadora X,Acessórios,Lenovo
38190,Monitor Pro,Eletrodomésticos,Asus
38200,Smartphone V2,Acessórios,Logitech
38210,Monitor X,eletrodomésticos,
38220,Mouse Ultra,Games,Sony
38230,Cadeira Gamer Pro,Eletrônicos,Asus
38240,Monitor X,Acessórios,HP
38250,Teclado X,Acessórios,Sony
38260,Smartphone X,Eletrônicos,LG
38270,Mouse Basic,Móveis,Apple
38280,Cadeira Gamer Ultra,Móveis,LG
38290,Monitor Gamer,Móveis,LG
38300,Monitor Ultra,Eletrônicos,Pichau
38310,Teclado Pro,Acessórios,Dell
38320,Monitor Plus,Acessórios,Asus
38330,Mouse Pro,Informática,Dell
38340,Gabinete V2,informática,
38350,Teclado Pro,Games,Dell
38360,Webcam Pro,Móveis,Apple
38370,Gabinete Basic,Eletrodomésticos,Lenovo
38380,Mouse X,Acessórios,Sony
38390,Teclado Pro,Informática,Apple
38400,Monitor V2,eletrodomésticos,
38410,Gabinete X,Eletrodomésticos,Dell
38420,Gabinete Pro,Games,Asus
38430,Gabinete V2,Informática,LG
38440,Notebook Ultra,Informatica,Lenovo
38450,Notebook Basic,Games,Dell
38460,Mesa Digitalizadora Ultra,Games,Logitech
38470,Headset Plus,Acessórios,Samsung
38480,Teclado Plus,Móveis,Asus
38490,Teclado Ultra,Móveis,Pichau
38500,Headset Basic,Games,Dell
38510,Headset V2,móveis,Logitech
38520,Mesa Digitalizadora Plus,Games,Pichau
38530,Cadeira Gamer V2,Móveis,Apple
38540,Headset X,Acessórios,Apple
38550,Cadeira Gamer Ultra,Eletrônicos,Dell
38560,Teclado Gamer,Games,Asus
38570,Smartphone Pro,Games,HP
38580,Notebook Ultra,Informática,Apple
38590,Smartphone X,Eletrodomésticos,Lenovo
38600,Teclado V2,Acessórios,Samsung
38610,Smartphone X,Eletrodomésticos,HP
38620,Webcam X,Eletrônicos,Pichau
38630,Webcam Ultra,Eletrônicos,Asus
38640,Webcam Ultra,Informática,LG
38650,Smartphone Gamer,Acessórios,Logitech
38660,Monitor Pro,Acessórios,Pichau
38670,Mesa Digitalizadora Pro,Acessórios,Logitech
38680,Smartphone Pro,Móveis,Logitech
38690,Gabinete Plus,Eletrodomésticos,LG
38700,Mesa Digitalizadora V2,Acessórios,Lenovo
38710,Headset Basic,Eletrônicos,Dell
38720,Teclado Pro,Eletrodomésticos,Sony
38730,Gabinete V2,Games,HP
38740,Cadeira Gamer Plus,Eletrônicos,Pichau
38750,Smartphone Ultra,Acessórios,Logitech
38760,Smartphone X,Eletrodomésticos,LG
38770,Cadeira Gamer Ultra,Acessorios,LG
38780,Notebook Ultra,Games,Asus
38790,Cadeira Gamer Pro,Games,Logitech
38800,Gabinete Ultra,Móveis,Samsung
38810,Headset X,Acessórios,Apple
38820,Teclado X,Acessórios,HP
38830,Teclado V2,Móveis,Sony
38840,Smartphone Pro,Informática,HP
38850,Mouse Pro,Eletrônicos,Apple
38860,Headset Ultra,Eletrônicos,HP
38870,Gabinete Basic,Eletrônicos,Dell
38880,Monitor Basic,Acessórios,Samsung
38890,Notebook Gamer,Eletrônicos,Samsung
38900,Monitor Ultra,Eletrônicos,Pichau
38910,Gabinete Plus,Eletrônicos,Pichau
38920,Smartphone X,Acessórios,Asus
38930,Webcam Gamer,Informática,Sony
38940,Mesa Digitalizadora V2,Móveis,Dell
38950,Headset Gamer,Acessórios,HP
38960,Notebook Gamer,Móveis,Asus
38970,Monitor V2,Móveis,HP
38980,Monitor Basic,eletrônicos,Dell
38990,Smartphone Gamer,Acessórios,Logitech
39000,Smartphone V2,Acessórios,Asus
39010,Smartphone V2,Móveis,Samsung
39020,Smartphone Basic,Eletrodomésticos,Asus
39030,Monitor Basic,Games,Asus
39040,Mouse X,Acessórios,LG
39050,Webcam Ultra,Móveis,Samsung
39060,Mouse X,Informática,Logitech
39070,Cadeira Gamer X,Móveis,Samsung
39080,Monitor V2,Games,Logitech
39090,Cadeira Gamer Gamer,Acessórios,LG
39100,Mesa Digitalizadora Gamer,Eletrodomésticos,Samsung
39110,Headset Basic,Móveis,Pichau
39120,Gabinete Gamer,móveis,HP
39130,Smartphone X,Eletrodomésticos,Dell
39140,Webcam Pro,Games,Asus
39150,Mouse Basic,Games,HP
39160,Headset Gamer,Eletrônicos,HP
39170,Teclado X,Móveis,Logitech
39180,Mouse V2,Eletrônicos,Logitech
39190,Webcam Basic,Eletrodomésticos,HP
39200,Mouse V2,Eletrônicos,Asus
39210,Smartphone V2,Eletrônicos,Logitech
39220,Headset Plus,Acessórios,Apple
39230,Headset Ultra,Games,HP
39240,Smartphone Plus,Eletrodomésticos,Lenovo
39250,Mouse Ultra,Eletrônicos,Samsung
39260,Webcam Plus,Games,Lenovo
39270,Smartphone Ultra,Informática,LG
39280,Cadeira Gamer Pro,Games,Pichau
39290,Notebook Plus,Eletrônicos,Samsung
39300,Notebook X,Eletrônicos,Dell
39310,Smartphone Basic,eletrônicos,Pichau
39320,Cadeira Gamer Gamer,Eletrodomésticos,Logitech
39330,Mouse Ultra,Acessórios,Samsung
39340,Cadeira Gamer Pro,Informática,Samsung
39350,Monitor Ultra,Informatica,Logitech
39360,Mesa Digitalizadora Pro,Games,Lenovo
39370,Monitor Plus,Acessórios,Apple
39380,Cadeira Gamer Pro,Games,Lenovo
39390,Gabinete Basic,Games,Logitech
39400,Teclado Basic,Eletrodomésticos,Pichau
39410,Gabinete V2,móveis,Logitech
39420,Mouse Pro,Acessórios,LG
39430,Mesa Digitalizadora V2,Games,Samsung
39440,Mesa Digitalizadora Pro,Eletrodomésticos,Asus
39450,Mouse Plus,Informática,Sony
39460,Smartphone V2,Móveis,Pichau
39470,Mouse Gamer,Eletrônicos,Samsung
39480,Mouse V2,Games,LG
39490,Mouse Gamer,Móveis,Lenovo
39500,Mouse Ultra,Games,Dell
39510,Gabinete Gamer,Informática,Logitech
39520,Monitor Pro,Games,LG
39530,Monitor X,Eletrodomésticos,Logitech
39540,Gabinete Basic,Eletrodomésticos,Lenovo
39550,Teclado Basic,Móveis,Apple
39560,Monitor Basic,Acessórios,HP
39570,Teclado X,Acessórios,LG
39580,Notebook Ultra,Acessórios,Pichau
39590,Headset V2,Informática,Lenovo
39600,Smartphone Pro,eletrônicos,
39610,Notebook Pro,Eletrônicos,Samsung
39620,Notebook Basic,Informática,Pichau
39630,Mesa Digitalizadora V2,Móveis,Logitech
39640,Mesa Digitalizadora Pro,Móveis,Pichau
39650,Teclado Ultra,Eletrodomésticos,HP
39660,Gabinete Ultra,Eletrodomésticos,Pichau
39670,Headset Plus,Informática,Pichau
39680,Mesa Digitalizadora X,Móveis,Dell
39690,Smartphone Ultra,Informática,Sony
39700,Monitor Plus,Informática,Logitech
39710,Webcam Plus,Games,Lenovo
39720,Notebook X,Eletrodomésticos,Samsung
39730,Cadeira Gamer Gamer,acessórios,
39740,Mesa Digitalizadora Gamer,Móveis,Samsung
39750,Cadeira Gamer Plus,Informática,Samsung
39760,Monitor V2,Eletrodomésticos,Logitech
39770,Headset Plus,Informatica,HP
39780,Mesa Digitalizadora Ultra,Eletrônicos,HP
39790,Gabinete Ultra,Eletrodomésticos,HP
39800,Mouse X,Móveis,HP
39810,Gabinete X,Acessórios,Pichau
39820,Mouse Pro,Móveis,Sony
39830,Teclado V2,Acessórios,Asus
39840,Mouse V2,Eletrônicos,Lenovo
39850,Webcam Plus,Informática,Apple
39860,Smartphone Ultra,Games,HP
39870,Monitor Pro,Games,Apple
39880,Gabinete V2,Games,Pichau
39890,Mouse Plus,Eletrônicos,Apple
39900,Mouse Ultra,Games,HP
39910,Cadeira Gamer Basic,Games,Logitech
39920,Headset Gamer,Eletrodomésticos,Dell
39930,Teclado Plus,eletrônicos,Dell
39940,Smartphone Gamer,Games,LG
39950,Gabinete V2,Eletrodomésticos,LG
39960,Headset V2,Móveis,Dell
39970,Mesa Digitalizadora Ultra,Games,Apple
39980,Cadeira Gamer Basic,Eletrodomésticos,Apple
39990,Webcam Pro,Acessórios,Logitech
40000,Headset Ultra,Games,LG
40010,Webcam Gamer,Informática,Asus
40020,Notebook Ultra,Acessórios,LG
40030,Teclado Pro,Games,LG
40040,Teclado Gamer,Acessórios,Dell
40050,Mesa Digitalizadora Pro,Acessórios,Samsung
40060,Teclado Plus,Games,Sony
40070,Smartphone Plus,Games,Pichau
40080,Headset Basic,Games,Asus
40090,Gabinete Gamer,Eletrodomésticos,Sony
40100,Headset V2,Eletrônicos,Asus
40110,Monitor Plus,Games,Pichau
40120,Notebook Plus,Eletrodomésticos,Asus
40130,Gabinete Gamer,Móveis,HP
40140,Mesa Digitalizadora Plus,Eletrônicos,Lenovo
40150,Mouse V2,Móveis,Logitech
40160,Teclado V2,games,Sony
40170,Webcam V2,Eletrodomésticos,Lenovo
40180,Teclado Basic,Informática,Sony
40190,Webcam X,Games,Dell
40200,Headset Pro,eletrodomésticos,
40210,Notebook Ultra,Móveis,LG
40220,Teclado Ultra,Informática,Asus
40230,Mouse Basic,Informática,Logitech
40240,Teclado Basic,Eletrodomésticos,Pichau
40250,Teclado Gamer,Informática,LG
40260,Gabinete Gamer,Móveis,HP
40270,Headset X,Acessórios,HP
40280,Monitor Pro,Eletrônicos,HP
40290,Gabinete Plus,Eletrodomésticos,Logitech
40300,Mesa Digitalizadora Plus,informática,
40310,Teclado V2,Games,Apple
40320,Monitor Pro,Móveis,Pichau
40330,Gabinete Ultra,Eletrônicos,Logitech
40340,Smartphone Gamer,Games,Dell
40350,Mouse V2,Acessorios,Asus
40360,Notebook Pro,Informática,Pichau
40370,Monitor X,Eletrônicos,Logitech
40380,Gabinete Basic,Games,Asus
40390,Headset Plus,Games,Pichau
40400,Headset Basic,Informática,Logitech
40410,Teclado Basic,Acessórios,Samsung
40420,Cadeira Gamer Plus,Acessorios,Pichau
40430,Monitor Gamer,Eletrônicos,Logitech
40440,Monitor Plus,Eletrodomésticos,Logitech
40450,Mesa Digitalizadora Pro,Móveis,Samsung
40460,Webcam V2,Games,HP
40470,Cadeira Gamer Basic,Games,Logitech
40480,Monitor Gamer,Eletrodomésticos,Samsung
40490,Cadeira Gamer V2,Eletrônicos,Sony
40500,Monitor Gamer,Eletrônicos,Lenovo
40510,Mesa Digitalizadora Plus,Eletrônicos,Logitech
40520,Cadeira Gamer Plus,Móveis,Apple
40530,Gabinete X,Acessórios,Apple
40540,Monitor Ultra,Games,Samsung
40550,Teclado Plus,Games,Lenovo
40560,Cadeira Gamer Pro,Informática,Lenovo
40570,Mouse X,Acessórios,Logitech
40580,Cadeira Gamer Pro,Informática,Sony
40590,Gabinete Ultra,Games,Pichau
40600,Webcam Pro,Acessórios,LG
40610,Monitor Basic,móveis,
40620,Webcam Ultra,Acessorios,Sony
40630,Webcam Basic,Informática,HP
40640,Mouse Plus,Informática,Lenovo
40650,Cadeira Gamer Pro,Móveis,Sony
40660,Webcam X,acessórios,Pichau
40670,Headset Pro,Games,Sony
40680,Mesa Digitalizadora Pro,Games,Logitech
40690,Teclado X,Eletrodomésticos,Pichau
40700,Monitor Plus,Eletrodomésticos,Pichau
40710,Webcam Pro,Acessórios,LG
40720,Cadeira Gamer V2,Móveis,Asus
40730,Smartphone Ultra,Acessórios,HP
40740,Teclado Pro,Informática,Logitech
40750,Teclado X,Acessórios,Asus
40760,Headset Plus,Informatica,Lenovo
40770,Monitor Ultra,Acessórios,LG
40780,Gabinete X,Acessórios,Lenovo
40790,Teclado X,Eletrodomésticos,Apple
40800,Headset Basic,Informática,Samsung
40810,Teclado V2,Informática,Sony
40820,Notebook X,Games,Samsung
40830,Mesa Digitalizadora Gamer,Informática,Asus
40840,Teclado Plus,Acessórios,Pichau
40850,Headset V2,Acessórios,Samsung
40860,Notebook X,Móveis,Asus
40870,Mouse Basic,Games,Logitech
40880,Notebook Basic,Acessórios,Apple
40890,Mouse Basic,Acessórios,Apple
40900,Webcam V2,Games,Apple
40910,Gabinete V2,Eletrônicos,Pichau
40920,Gabinete Ultra,Games,Asus
40930,Headset Gamer,Eletrônicos,Lenovo
40940,Notebook Ultra,Móveis,Pichau
40950,Mesa Digitalizadora Basic,Eletrônicos,Pichau
40960,Smartphone Basic,Eletrônicos,Dell
40970,Headset Plus,games,
40980,Cadeira Gamer V2,Eletrodomésticos,Samsung
40990,Headset X,Acessorios,Logitech
41000,Mesa Digitalizadora X,Acessórios,Lenovo
41010,Notebook Gamer,Acessórios,Pichau
41020,Gabinete Gamer,Móveis,Apple
41030,Headset Ultra,Informática,Dell
41040,Notebook Ultra,móveis,
41050,Gabinete Basic,Informática,Pichau
41060,Notebook X,Games,Pichau
41070,Headset V2,Eletrodomésticos,Dell
41080,Gabinete X,Acessórios,Asus
41090,Monitor Pro,Informática,Apple
41100,Webcam Plus,Acessórios,Logitech
41110,Webcam Plus,informática,HP
41120,Webcam Basic,Games,Apple
41130,Monitor X,Games,Pichau
41140,Mouse Gamer,Móveis,Samsung
41150,Notebook X,eletrônicos,
41160,Headset V2,Móveis,Asus
41170,Mouse Ultra,Games,Samsung
41180,Cadeira Gamer Gamer,Móveis,LG
41190,Gabinete V2,Informática,Dell
41200,Headset Basic,Acessórios,Logitech
41210,Mouse Pro,Móveis,Sony
41220,Headset Pro,Eletrodomésticos,Sony
41230,Cadeira Gamer Basic,Eletrodomésticos,Samsung
41240,Gabinete Gamer,Acessórios,Dell
41250,Headset Plus,Eletrônicos,Asus
41260,Smartphone Ultra,Acessórios,Samsung
41270,Monitor Basic,Acessórios,Pichau
41280,Mesa Digitalizadora Gamer,Acessórios,Sony
41290,Webcam Pro,Móveis,Dell
41300,Notebook Gamer,Games,Asus
41310,Cadeira Gamer Pro,Móveis,Apple
41320,Smartphone Plus,Eletrodomésticos,Asus
41330,Smartphone Basic,Games,HP
41340,Gabinete Ultra,Eletrônicos,Apple
41350,Notebook V2,Eletrodomésticos,Apple
41360,Gabinete Basic,Eletrônicos,Dell
41370,Notebook Ultra,Eletrodomésticos,Dell
41380,Cadeira Gamer Ultra,Eletrônicos,Pichau
41390,Webcam Basic,Informática,LG
41400,Notebook V2,Eletrodomésticos,Pichau
41410,Headset Pro,Acessórios,Asus
41420,Gabinete V2,Eletrônicos,Lenovo
41430,Smartphone Basic,Móveis,Asus
41440,Monitor V2,Eletrodomésticos,Dell
41450,Gabinete Gamer,Acessórios,Asus
41460,Mouse Ultra,Eletrônicos,Asus
41470,Mesa Digitalizadora Ultra,Informática,Sony
41480,Headset Ultra,Informática,Samsung
41490,Monitor Pro,Informática,Pichau
41500,Monitor X,Acessórios,LG
41510,Notebook Ultra,Informática,Asus
41520,Teclado Basic,Móveis,Asus
41530,Gabinete Plus,Acessórios,Samsung
41540,Gabinete Gamer,Acessórios,HP
41550,Mesa Digitalizadora Ultra,Móveis,Lenovo
41560,Webcam Pro,móveis,
41570,Notebook V2,Acessórios,Pichau
41580,Cadeira Gamer Ultra,Games,Pichau
41590,Mesa Digitalizadora Ultra,Móveis,Apple
41600,Headset Pro,Games,HP
41610,Mouse Gamer,Informática,Pichau
41620,Mesa Digitalizadora Basic,Eletrônicos,Sony
41630,Mouse Ultra,Informática,Pichau
41640,Headset Gamer,Games,HP
41650,Mesa Digitalizadora X,Eletrodomésticos,Lenovo
41660,Gabinete Plus,Acessórios,Samsung
41670,Mouse Gamer,Informática,Logitech
41680,Smartphone Gamer,Eletrônicos,Dell
41690,Smartphone V2,Eletrodomésticos,Logitech
41700,Teclado Plus,Acessórios,Lenovo
41710,Monitor V2,Móveis,Samsung
41720,Webcam Plus,Eletrônicos,Asus
41730,Notebook Basic,móveis,LG
41740,Smartphone Ultra,Eletrônicos,LG
41750,Mesa Digitalizadora V2,Informática,LG
41760,Headset Pro,Informatica,Samsung
41770,Gabinete Pro,Eletrodomésticos,Asus
41780,Smartphone X,Eletrodomésticos,LG
41790,Cadeira Gamer Gamer,Móveis,Sony
41800,Monitor Plus,Games,LG
41810,Teclado Plus,Informática,HP
41820,Monitor Gamer,Móveis,LG
41830,Cadeira Gamer Gamer,Móveis,Pichau
41840,Mesa Digitalizadora Ultra,games,
41850,Headset X,Móveis,Pichau
41860,Webcam Gamer,Acessórios,Asus
41870,Webcam Gamer,Móveis,Pichau
41880,Cadeira Gamer Plus,Informática,Logitech
41890,Cadeira Gamer Plus,Eletrônicos,Samsung
41900,Teclado X,Games,Lenovo
41910,Teclado Ultra,Eletrodomésticos,LG
41920,Mesa Digitalizadora Plus,Informática,Logitech
41930,Notebook Basic,Informática,Pichau
41940,Smartphone Gamer,Eletrodomésticos,Pichau
41950,Webcam V2,Móveis,Asus
41960,Smartphone Pro,Eletrodomésticos,Lenovo
41970,Cadeira Gamer Pro,Acessórios,Sony
41980,Gabinete X,Games,Pichau
41990,Teclado Ultra,Informática,Dell
42000,Notebook Plus,Informática,Samsung
42010,Webcam Gamer,Games,Samsung
42020,Headset Pro,Eletrodomésticos,Logitech
42030,Smartphone Gamer,Games,Dell
42040,Gabinete X,Acessórios,Samsung
42050,Cadeira Gamer Pro,Informática,LG
42060,Cadeira Gamer Pro,Eletronicos,LG
42070,Teclado Pro,Eletrodomésticos,Logitech
42080,Mesa Digitalizadora X,Eletrodomésticos,Dell
42090,Webcam Ultra,Informática,Apple
42100,Cadeira Gamer Plus,games,
42110,Gabinete Ultra,Informática,Logitech
42120,Webcam Ultra,Eletrônicos,Samsung
42130,Teclado V2,Informática,HP
42140,Headset Plus,Móveis,Lenovo
42150,Headset Basic,informática,Samsung
42160,Notebook Ultra,Games,LG
42170,Notebook X,Acessórios,LG
42180,Mouse Ultra,Acessórios,LG
42190,Smartphone Basic,Móveis,Logitech
42200,Monitor V2,Acessórios,Lenovo
42210,Cadeira Gamer X,Móveis,Logitech
42220,Mouse Ultra,Games,LG
42230,Mouse Pro,Informática,LG
42240,Mesa Digitalizadora V2,Móveis,Pichau
42250,Mesa Digitalizadora Basic,Informática,Samsung
42260,Smartphone Basic,Informática,HP
42270,Notebook Pro,Eletrônicos,Sony
42280,Mesa Digitalizadora Pro,Eletrodomésticos,HP
42290,Mouse X,Móveis,HP
42300,Gabinete Ultra,Móveis,Dell
42310,Teclado X,Eletrodomésticos,Dell
42320,Gabinete X,Informática,Pichau
42330,Headset Gamer,Informática,Dell
42340,Monitor Plus,Eletrônicos,Apple
42350,Cadeira Gamer Ultra,Móveis,Apple
42360,Teclado Basic,Acessórios,Samsung
42370,Monitor Pro,Eletrodomésticos,Sony
42380,Gabinete X,Eletrodomésticos,Lenovo
42390,Smartphone Plus,Móveis,Samsung
42400,Monitor X,Eletrodomésticos,Lenovo
42410,Teclado Pro,Eletrônicos,Lenovo
42420,Headset Basic,Informática,HP
42430,Mouse Plus,Games,HP
42440,Mouse V2,Games,Logitech
42450,Mouse Pro,Informática,HP
42460,Gabinete X,Eletrodomésticos,Apple
42470,Teclado V2,Móveis,Asus
42480,Mouse Gamer,Games,Logitech
42490,Headset V2,Games,Sony
42500,Notebook Gamer,Eletrodomésticos,Pichau
42510,Mouse Pro,Móveis,Dell
42520,Monitor V2,Games,Asus
42530,Headset X,Eletrônicos,Apple
42540,Gabinete X,Eletrônicos,Lenovo
42550,Gabinete Plus,Eletrodomésticos,HP
42560,Smartphone V2,Móveis,LG
42570,Notebook V2,eletrônicos,
42580,Webcam Basic,Games,Apple
42590,Headset X,Eletrodomésticos,LG
42600,Headset Plus,Informática,HP
42610,Mesa Digitalizadora Basic,Games,Logitech
42620,Cadeira Gamer Ultra,informática,Sony
42630,Webcam X,Acessórios,HP
42640,Smartphone X,Móveis,Lenovo
42650,Smartphone Plus,Informática,Pichau
42660,Smartphone Ultra,Games,Samsung
42670,Monitor Basic,Eletrodomésticos,Pichau
42680,Webcam X,acessórios,
42690,Cadeira Gamer V2,Informática,Samsung
42700,Mesa Digitalizadora Gamer,Acessórios,Samsung
42710,Mouse Pro,Acessórios,Logitech
42720,Mouse V2,Informática,Sony
42730,Monitor V2,Móveis,LG
42740,Cadeira Gamer V2,Informática,Dell
42750,Notebook Plus,Informática,Samsung
42760,Teclado Basic,Acessórios,Apple
42770,Smartphone Pro,Eletrônicos,Samsung
42780,Mesa Digitalizadora V2,Móveis,Asus
42790,Cadeira Gamer V2,Acessórios,Asus
42800,Notebook Ultra,Eletrodomésticos,Pichau
42810,Notebook X,informática,
42820,Mouse Ultra,Informatica,Lenovo
42830,Notebook X,Eletrônicos,Logitech
42840,Cadeira Gamer Ultra,Móveis,Lenovo
42850,Smartphone Basic,acessórios,
42860,Smartphone Gamer,Acessórios,Logitech
42870,Headset Plus,Eletrônicos,LG
42880,Headset Ultra,Eletrodomésticos,Pichau
42890,Gabinete Pro,Eletrodomésticos,LG
42900,Mesa Digitalizadora V2,Acessórios,Pichau
42910,Webcam Basic,Games,Samsung
42920,Smartphone X,Eletrodomésticos,Lenovo
42930,Mouse Ultra,Móveis,Samsung
42940,Cadeira Gamer V2,Eletrodomésticos,Logitech
42950,Notebook Plus,Móveis,LG
42960,Monitor Pro,Informática,Samsung
42970,Mesa Digitalizadora Ultra,Informática,Sony
42980,Cadeira Gamer Plus,Informática,Asus
42990,Notebook X,Acessórios,Lenovo
43000,Monitor Pro,Móveis,HP
43010,Gabinete Ultra,Acessórios,LG
43020,Webcam X,Eletrônicos,Samsung
43030,Notebook X,Móveis,Sony
43040,Teclado V2,Informática,Asus
43050,Cadeira Gamer Ultra,Móveis,Asus
43060,Gabinete V2,Informática,Pichau
43070,Headset X,Eletrodomésticos,Pichau
43080,Headset Gamer,Eletrodomésticos,Lenovo
43090,Smartphone X,Games,Lenovo
43100,Notebook Gamer,informática,
43110,Mouse Basic,eletrônicos,Sony
43120,Cadeira Gamer Gamer,Informática,LG
43130,Mesa Digitalizadora Basic,Games,LG
43140,Mouse Pro,Eletrônicos,Pichau
43150,Notebook Plus,Eletrodomésticos,HP
43160,Smartphone Gamer,Eletrodomésticos,Apple
43170,Cadeira Gamer Basic,Games,Asus
43180,Monitor Ultra,Eletrodomésticos,HP
43190,Webcam Basic,Eletrodomésticos,Logitech
43200,Smartphone Gamer,acessórios,Logitech
43210,Headset Pro,Acessórios,Apple
43220,Webcam Basic,Móveis,Pichau
43230,Smartphone Gamer,Eletrônicos,Logitech
43240,Notebook V2,Móveis,HP
43250,Mesa Digitalizadora Pro,Móveis,Sony
43260,Teclado Gamer,Games,HP
43270,Gabinete Gamer,Games,LG
43280,Notebook V2,Móveis,Logitech
43290,Webcam V2,Informática,Pichau
43300,Headset X,Acessórios,Dell
43310,Webcam V2,Informática,HP
43320,Teclado V2,Games,Logitech
43330,Webcam Gamer,Informática,Apple
43340,Teclado Gamer,Eletrodomésticos,Pichau
43350,Headset X,Games,Logitech
43360,Gabinete Ultra,Eletrodomésticos,HP
43370,Monitor Gamer,Informática,Apple
43380,Webcam Gamer,Acessórios,Sony
43390,Mouse Plus,Eletrônicos,Lenovo
43400,Headset V2,Eletrodomésticos,Pichau
43410,Webcam X,Móveis,Samsung
43420,Mouse Pro,Eletrodomésticos,LG
43430,Cadeira Gamer X,Eletrônicos,Lenovo
43440,Smartphone Plus,Informática,HP
43450,Webcam X,Informática,Sony
43460,Headset Gamer,Acessórios,Sony
43470,Webcam Basic,Acessórios,Dell
43480,Webcam X,Acessórios,Pichau
43490,Mouse X,Eletrônicos,Sony
43500,Smartphone X,Games,HP
43510,Mesa Digitalizadora X,Informática,Samsung
43520,Cadeira Gamer Pro,Games,Sony
43530,Headset V2,Acessórios,HP
43540,Teclado Ultra,Games,Logitech
43550,Smartphone X,Games,Logitech
43560,Teclado Pro,Móveis,Sony
43570,Teclado Pro,Eletrodomésticos,Apple
43580,Teclado Basic,Eletrodomésticos,Dell
43590,Teclado Plus,Informática,Logitech
43600,Headset Ultra,Acessorios,Logitech
43610,Mouse X,Eletrodomésticos,Asus
43620,Mesa Digitalizadora Ultra,Eletrônicos,HP
43630,Smartphone Gamer,Eletrodomésticos,Lenovo
43640,Mouse Plus,Informática,Asus
43650,Smartphone Plus,Games,LG
43660,Smartphone Plus,móveis,Sony
43670,Headset Plus,Eletrônicos,HP
43680,Webcam Ultra,Games,LG
43690,Gabinete Gamer,Eletrodomésticos,Sony
43700,Mesa Digitalizadora Ultra,Acessórios,Asus
43710,Mesa Digitalizadora V2,Eletrodomésticos,HP
43720,Headset Plus,Informática,LG
43730,Gabinete Pro,Games,Dell
43740,Notebook Plus,Eletrodomésticos,LG
43750,Monitor V2,Informática,Asus
43760,Mouse V2,Informática,HP
43770,Mouse Basic,Eletrônicos,Apple
43780,Webcam V2,Acessórios,Apple
43790,Smartphone Ultra,Informática,HP
43800,Teclado V2,Móveis,Apple
43810,Smartphone Basic,Eletrodomésticos,HP
43820,Mesa Digitalizadora Ultra,Eletrodomésticos,HP
43830,Teclado V2,Informática,Samsung
43840,Cadeira Gamer Plus,Acessórios,Apple
43850,Gabinete X,Eletrônicos,Samsung
43860,Mouse X,Eletrônicos,Apple
43870,Cadeira Gamer Plus,Moveis,Asus
43880,Gabinete Pro,Eletrônicos,LG
43890,Webcam Gamer,Acessórios,LG
43900,Mesa Digitalizadora Pro,Eletrônicos,HP
43910,Mesa Digitalizadora Pro,acessórios,
43920,Headset Ultra,Eletrônicos,Dell
43930,Mouse Pro,Móveis,Lenovo
43940,Teclado Pro,Eletrônicos,HP
43950,Smartphone Gamer,Acessórios,HP
43960,Monitor Plus,Eletrônicos,Pichau
43970,Webcam X,Games,Lenovo
43980,Gabinete X,Acessórios,Dell
43990,Headset X,Eletrônicos,Pichau
44000,Gabinete Pro,Acessórios,Apple
44010,Mouse Plus,Eletrodomésticos,Sony
44020,Cadeira Gamer V2,Eletrodomésticos,Pichau
44030,Gabinete V2,Eletrodomésticos,Samsung
44040,Notebook Ultra,Acessórios,Sony
44050,Notebook X,eletrodomésticos,Logitech
44060,Mouse X,games,
44070,Notebook X,Móveis,Sony
44080,Cadeira Gamer Basic,Games,Samsung
44090,Mesa Digitalizadora V2,acessórios,HP
44100,Monitor Basic,Eletrônicos,Logitech
44110,Gabinete Ultra,Games,Logitech
44120,Mesa Digitalizadora X,Móveis,Lenovo
44130,Monitor Pro,Eletrodomésticos,Apple
44140,Mouse Plus,Eletrônicos,HP
44150,Smartphone Pro,Eletrônicos,Dell
44160,Monitor V2,Informática,LG
44170,Smartphone Pro,Eletrônicos,HP
44180,Headset V2,Acessórios,Dell
44190,Gabinete Plus,Informática,Dell
44200,Teclado Pro,Informática,Asus
44210,Cadeira Gamer Ultra,Eletronicos,Dell
44220,Teclado Ultra,Games,Dell
44230,Monitor Plus,Games,Asus
44240,Gabinete Ultra,Eletrônicos,Lenovo
44250,Mouse X,Móveis,Asus
44260,Cadeira Gamer Gamer,Games,Lenovo
44270,Cadeira Gamer Ultra,Móveis,Asus
44280,Mesa Digitalizadora V2,Informática,Lenovo
44290,Webcam Pro,Informática,Samsung
44300,Monitor Ultra,Eletronicos,LG
44310,Monitor Ultra,Acessórios,Dell
44320,Notebook Basic,Móveis,HP
44330,Monitor X,Acessórios,Asus
44340,Gabinete X,Games,Lenovo
44350,Headset Plus,Games,Sony
44360,Headset Basic,Eletrodomésticos,Samsung
44370,Monitor Pro,Móveis,Logitech
44380,Gabinete Ultra,Móveis,Asus
44390,Mesa Digitalizadora Gamer,Acessórios,Apple
44400,Notebook X,Eletrodomésticos,Sony
44410,Notebook Plus,Games,LG
44420,Webcam V2,Informática,Lenovo
44430,Headset Pro,Eletrônicos,HP
44440,Cadeira Gamer Ultra,Informática,Lenovo
44450,Monitor X,Informática,HP
44460,Cadeira Gamer Ultra,Games,Apple
44470,Teclado X,Eletrônicos,Lenovo
44480,Mesa Digitalizadora X,Acessórios,Apple
44490,Teclado Ultra,móveis,Apple
44500,Cadeira Gamer X,Eletrônicos,LG
44510,Teclado V2,Eletrodomésticos,HP
44520,Webcam Pro,Móveis,Pichau
44530,Gabinete X,Informática,Sony
44540,Smartphone Gamer,Games,Pichau
44550,Monitor V2,Informática,Samsung
44560,Smartphone Pro,eletrodomésticos,Apple
44570,Mouse Basic,Eletrônicos,Sony
44580,Teclado Pro,Eletrônicos,Lenovo
44590,Notebook Plus,Acessórios,Lenovo
44600,Monitor Basic,Informática,Apple
44610,Gabinete Plus,Eletrodomésticos,Apple
44620,Gabinete V2,Games,Apple
44630,Webcam Plus,Informática,LG
44640,Mesa Digitalizadora Plus,Eletrônicos,Logitech
44650,Gabinete Basic,Acessórios,Lenovo
44660,Gabinete Gamer,Informática,Samsung
44670,Cadeira Gamer X,Eletrodomésticos,HP
44680,Monitor Pro,Informática,Sony
44690,Webcam Pro,Informática,Dell
44700,Gabinete Plus,Informática,Pichau
44710,Cadeira Gamer Gamer,Móveis,Apple
44720,Gabinete Gamer,Acessórios,HP
44730,Mesa Digitalizadora Basic,Móveis,Lenovo
44740,Headset Pro,Informática,Pichau
44750,Webcam V2,Móveis,Asus
44760,Mouse V2,Informática,Lenovo
44770,Cadeira Gamer Ultra,Móveis,Asus
44780,Mouse Plus,Informática,Samsung
44790,Mesa Digitalizadora Basic,informática,
44800,Mesa Digitalizadora Gamer,eletrodomésticos,
44810,Gabinete Ultra,Acessórios,HP
44820,Mouse Ultra,Games,Logitech
44830,Mouse X,Games,HP
44840,Cadeira Gamer Gamer,Games,Pichau
44850,Mesa Digitalizadora Pro,Eletrodomésticos,Logitech
44860,Mouse Gamer,Móveis,Asus
44870,Smartphone X,Eletrodomésticos,Dell
44880,Cadeira Gamer V2,Eletrônicos,Apple
44890,Monitor Basic,Informática,Asus
44900,Teclado Pro,Informática,LG
44910,Teclado Gamer,Móveis,Pichau
44920,Mouse V2,Informática,Pichau
44930,Notebook Basic,Eletrônicos,Lenovo
44940,Cadeira Gamer Plus,Eletrodomésticos,Logitech
44950,Cadeira Gamer X,Eletrodomésticos,Pichau
44960,Notebook X,Informática,Samsung
44970,Monitor Basic,Eletrodomésticos,Asus
44980,Cadeira Gamer V2,Eletrodomésticos,Lenovo
44990,Gabinete Ultra,Móveis,Pichau
45000,Gabinete Plus,Informática,Samsung
45010,Teclado Plus,Informática,Lenovo
45020,Monitor Plus,Móveis,Apple
45030,Headset Gamer,Eletrônicos,LG
45040,Headset Plus,Eletrodomésticos,Lenovo
45050,Cadeira Gamer Basic,Eletrodomésticos,Apple
45060,Mouse Basic,Móveis,LG
45070,Mouse Pro,Informática,Sony
45080,Gabinete X,Eletrodomésticos,Samsung
45090,Monitor X,games,
45100,Webcam Ultra,Games,Apple
45110,Smartphone Pro,Eletrônicos,Asus
45120,Smartphone X,Eletrodomésticos,Lenovo
45130,Mesa Digitalizadora Pro,Móveis,Logitech
45140,Gabinete Basic,Móveis,Pichau
45150,Monitor Basic,Eletrodomésticos,Pichau
45160,Smartphone V2,Acessórios,LG
45170,Headset Plus,Eletrônicos,Logitech
45180,Headset V2,Eletrodomésticos,Logitech
45190,Cadeira Gamer Gamer,Informática,Samsung
45200,Headset Plus,Games,Pichau
45210,Teclado Plus,Eletrodomésticos,Apple
45220,Monitor Pro,Eletrônicos,Pichau
45230,Mouse V2,Eletronicos,HP
45240,Teclado Gamer,Eletrodomésticos,HP
45250,Mouse Gamer,Informática,Asus
45260,Smartphone V2,Informática,HP
45270,Monitor Basic,Eletrodomésticos,Asus
45280,Webcam Gamer,Eletrônicos,Pichau
45290,Gabinete Plus,Acessórios,Asus
45300,Cadeira Gamer Pro,Eletrodomésticos,HP
45310,Webcam Pro,Acessórios,HP
45320,Gabinete Gamer,Eletrônicos,Pichau
45330,Monitor Ultra,Eletrônicos,Dell
45340,Smartphone V2,Games,Sony
45350,Cadeira Gamer Plus,Acessórios,Logitech
45360,Teclado Basic,Eletronicos,Samsung
45370,Notebook V2,Móveis,Pichau
45380,Monitor Pro,Informática,Pichau
45390,Gabinete Ultra,Móveis,Sony
45400,Gabinete Basic,Móveis,HP
45410,Mouse Basic,Eletrônicos,HP
45420,Mouse X,Games,Lenovo
45430,Mesa Digitalizadora V2,Eletrodomésticos,Lenovo
45440,Mesa Digitalizadora Gamer,Games,Asus
45450,Mesa Digitalizadora Ultra,Eletrodomésticos,Logitech
45460,Mouse Basic,Móveis,Samsung
45470,Mouse V2,Informática,Pichau
45480,Smartphone X,Informática,Logitech
45490,Teclado X,Eletronicos,Sony
45500,Webcam Basic,Eletronicos,Logitech
45510,Monitor X,Acessórios,Sony
45520,Webcam Ultra,Acessórios,Lenovo
45530,Monitor Basic,Informática,Logitech
45540,Gabinete Pro,Móveis,LG
45550,Gabinete Ultra,Eletrodomésticos,Asus
45560,Headset Gamer,Eletrodomésticos,Lenovo
45570,Notebook Ultra,eletrônicos,
45580,Webcam Ultra,Games,Sony
45590,Monitor Plus,Eletrônicos,Pichau
45600,Headset X,Games,Sony
45610,Mesa Digitalizadora Ultra,Eletrodomésticos,Pichau
45620,Smartphone Ultra,Informática,Sony
45630,Cadeira Gamer Gamer,Acessórios,Sony
45640,Mesa Digitalizadora Pro,Móveis,Sony
45650,Monitor Gamer,Games,Logitech
45660,Monitor Basic,Games,Pichau
45670,Mouse V2,Eletrodomésticos,Lenovo
45680,Monitor Pro,Eletrodomésticos,LG
45690,Gabinete Basic,Eletrodomésticos,LG
45700,Monitor X,acessórios,
45710,Gabinete Plus,Móveis,Logitech
45720,Cadeira Gamer Ultra,Games,Asus
45730,Monitor X,Eletrodomésticos,Pichau
45740,Gabinete Gamer,Acessórios,Asus
45750,Smartphone Basic,Eletrodomésticos,Apple
45760,Cadeira Gamer Plus,Eletrodomésticos,Samsung
45770,Teclado Pro,Móveis,Samsung
45780,Gabinete Gamer,Móveis,Logitech
45790,Smartphone X,Eletrônicos,Dell
45800,Monitor Basic,Eletrodomésticos,Dell
45810,Monitor Ultra,Games,Sony
45820,Mesa Digitalizadora Gamer,Eletrodomésticos,Pichau
45830,Smartphone Ultra,Eletrodomésticos,LG
45840,Teclado V2,Informática,LG
45850,Notebook Pro,Eletrodomésticos,Lenovo
45860,Cadeira Gamer Ultra,Eletrodomésticos,Logitech
45870,Webcam Pro,Acessórios,Pichau
45880,Teclado Pro,games,HP
45890,Notebook X,Eletrodomésticos,HP
45900,Webcam X,Eletrônicos,Samsung
45910,Gabinete Basic,Eletrônicos,Asus
45920,Mouse Gamer,Acessórios,Apple
45930,Monitor Gamer,Games,LG
45940,Mesa Digitalizadora V2,Móveis,Logitech
45950,Teclado Pro,Games,Apple
45960,Mesa Digitalizadora X,Acessórios,Apple
45970,Teclado Basic,Eletrodomésticos,Pichau
45980,Mesa Digitalizadora Pro,Games,Lenovo
45990,Monitor Pro,Móveis,Lenovo
46000,Headset Gamer,Informática,Dell
46010,Monitor X,Acessórios,Samsung
46020,Cadeira Gamer Basic,Eletrodomésticos,Pichau
46030,Headset Ultra,Móveis,Lenovo
46040,Cadeira Gamer Pro,Móveis,LG
46050,Webcam Plus,Eletrodomésticos,Logitech
46060,Webcam Ultra,Games,Lenovo
46070,Headset X,Informática,Asus
46080,Headset Ultra,Eletrônicos,Samsung
46090,Mesa Digitalizadora Basic,Acessórios,Asus
46100,Cadeira Gamer Ultra,Eletrodomésticos,Samsung
46110,Notebook X,Acessórios,LG
46120,Smartphone X,Games,Asus
46130,Headset V2,Móveis,Sony
46140,Headset Gamer,Acessórios,HP
46150,Webcam Gamer,Acessorios,Pichau
46160,Notebook Gamer,Acessórios,Lenovo
46170,Gabinete Gamer,Eletrodomésticos,Samsung
46180,Monitor Plus,Games,Apple
46190,Teclado Basic,Eletrônicos,Sony
46200,Cadeira Gamer Ultra,Eletrônicos,Asus
46210,Monitor V2,Móveis,Logitech
46220,Teclado V2,Móveis,Sony
46230,Monitor Basic,Eletrônicos,Dell
46240,Webcam Basic,Informática,Samsung
46250,Cadeira Gamer Gamer,Acessórios,Asus
46260,Headset Basic,Acessórios,Lenovo
46270,Smartphone Basic,Móveis,Lenovo
46280,Mesa Digitalizadora V2,Games,LG
46290,Teclado Gamer,Acessórios,Apple
46300,Monitor Ultra,Móveis,Logitech
46310,Mesa Digitalizadora Pro,Eletrônicos,Logitech
46320,Mesa Digitalizadora Ultra,Móveis,Asus
46330,Monitor X,Móveis,Samsung
46340,Monitor Basic,Games,Logitech
46350,Webcam Basic,Informática,Pichau
46360,Headset Gamer,Informática,HP
46370,Gabinete Pro,Eletrônicos,Samsung
46380,Webcam X,Games,HP
46390,Mesa Digitalizadora Ultra,acessórios,
46400,Mesa Digitalizadora Gamer,Acessórios,Lenovo
46410,Monitor Pro,Informática,Dell
46420,Webcam X,Eletrônicos,Pichau
46430,Mouse Ultra,Eletrodomésticos,Pichau
46440,Webcam Plus,Games,Asus
46450,Gabinete X,Móveis,LG
46460,Notebook V2,Eletrodomésticos,HP
46470,Headset Pro,Móveis,Asus
46480,Monitor Pro,Móveis,Dell
46490,Smartphone X,Acessórios,Asus
46500,Webcam Pro,Eletrônicos,LG
46510,Smartphone Plus,Games,Logitech
46520,Mesa Digitalizadora X,Games,Logitech
46530,Monitor Gamer,Informática,Logitech
46540,Webcam Basic,Games,HP
46550,Cadeira Gamer Pro,Informática,Logitech
46560,Webcam V2,Eletrônicos,Dell
46570,Smartphone Ultra,Eletrônicos,HP
46580,Teclado Ultra,Acessórios,LG
46590,Webcam V2,Acessórios,LG
46600,Notebook Gamer,Eletrônicos,Pichau
46610,Gabinete Gamer,Games,Pichau
46620,Headset Plus,Informática,Apple
46630,Headset Plus,Acessorios,Logitech
46640,Notebook Gamer,Informática,Samsung
46650,Monitor V2,Eletrodomésticos,Apple
46660,Mesa Digitalizadora Ultra,Acessórios,Lenovo
46670,Cadeira Gamer X,eletrônicos,Apple
46680,Webcam Pro,Acessórios,Lenovo
46690,Notebook Plus,Games,Logitech
46700,Teclado X,Eletrônicos,Samsung
46710,Notebook Pro,Eletrodomésticos,Sony
46720,Smartphone X,Games,Pichau
46730,Webcam Ultra,Acessórios,Dell
46740,Mouse V2,Acessórios,Pichau
46750,Headset V2,Móveis,Dell
46760,Headset Pro,Informática,Apple
46770,Teclado Basic,Informática,Samsung
46780,Smartphone V2,Games,Logitech
46790,Mouse Basic,Móveis,Logitech
46800,Cadeira Gamer Basic,Eletrônicos,Pichau
46810,Teclado X,Móveis,Sony
46820,Mouse Gamer,Games,Lenovo
46830,Mouse Gamer,Moveis,Apple
46840,Webcam V2,Móveis,Dell
46850,Mouse Plus,Eletrônicos,HP
46860,Mouse Ultra,Eletrodomésticos,Apple
46870,Gabinete Basic,Eletrodomésticos,Pichau
46880,Mouse Pro,Games,Samsung
46890,Notebook Basic,Moveis,Apple
46900,Webcam Pro,Games,LG
46910,Webcam Gamer,Eletrodomésticos,Dell
46920,Headset Basic,Informática,Samsung
46930,Mouse X,Eletrônicos,HP
46940,Mouse Ultra,Eletrônicos,Apple
46950,Headset Plus,Móveis,Dell
46960,Headset Ultra,Acessorios,Samsung
46970,Teclado X,Games,HP
46980,Smartphone Pro,Móveis,Samsung
46990,Mouse Gamer,Eletrônicos,Samsung
47000,Monitor Plus,informática,
47010,Gabinete Basic,móveis,
47020,Cadeira Gamer Ultra,Informática,Lenovo
47030,Monitor Plus,Informática,Dell
47040,Notebook X,Games,Logitech
47050,Cadeira Gamer Gamer,Moveis,Sony
47060,Notebook X,eletrodomésticos,
47070,Notebook Ultra,Informática,Asus
47080,Mesa Digitalizadora Gamer,Informática,Dell
47090,Headset Pro,Eletrônicos,Samsung
47100,Teclado Gamer,Eletrodomésticos,Dell
47110,Mouse Gamer,móveis,
47120,Webcam Pro,Móveis,Lenovo
47130,Webcam Ultra,Informática,HP
47140,Cadeira Gamer Ultra,Eletrônicos,Asus
47150,Teclado Plus,Eletrodomésticos,Apple
47160,Webcam Ultra,Informática,Asus
47170,Headset X,Eletrônicos,Dell
47180,Headset Basic,Móveis,Samsung
47190,Cadeira Gamer Plus,Móveis,HP
47200,Mouse Pro,Eletrônicos,LG
47210,Monitor V2,Eletrodomésticos,Samsung
47220,Cadeira Gamer Plus,Games,Samsung
47230,Webcam Ultra,Games,Logitech
47240,Smartphone X,Informática,Samsung
47250,Mesa Digitalizadora Pro,Acessórios,Apple
47260,Monitor X,Acessórios,Apple
47270,Gabinete Pro,Eletrodomésticos,HP
47280,Webcam V2,Móveis,LG
47290,Smartphone Gamer,Eletrodomésticos,Lenovo
47300,Smartphone Plus,Acessórios,Apple
47310,Notebook Gamer,Acessórios,Sony
47320,Headset Gamer,Games,Asus
47330,Teclado Plus,Eletrônicos,Logitech
47340,Smartphone V2,Informática,Dell
47350,Gabinete Plus,Móveis,Apple
47360,Mesa Digitalizadora V2,Móveis,Lenovo
47370,Mesa Digitalizadora Ultra,Eletrodomésticos,HP
47380,Cadeira Gamer Plus,Móveis,Sony
47390,Notebook Gamer,Games,Pichau
47400,Monitor Gamer,Eletrodomésticos,Pichau
47410,Monitor Gamer,Móveis,Samsung
47420,Teclado Gamer,Eletrônicos,Pichau
47430,Mouse Gamer,informática,
47440,Gabinete V2,Acessórios,Asus
47450,Cadeira Gamer Plus,Informática,Sony
47460,Cadeira Gamer Pro,Eletrodomésticos,Sony
47470,Notebook V2,Eletrodomésticos,Dell
47480,Monitor Pro,Eletrônicos,Pichau
47490,Monitor V2,Eletrodomésticos,Dell
47500,Smartphone Ultra,Games,Sony
47510,Headset Gamer,Acessórios,Logitech
47520,Teclado Basic,Games,Pichau
47530,Teclado V2,informática,
47540,Teclado X,Eletrodomésticos,Pichau
47550,Teclado Pro,Informática,LG
47560,Headset Basic,Acessórios,Samsung
47570,Monitor Pro,Móveis,Sony
47580,Cadeira Gamer Plus,Eletrodomésticos,Lenovo
47590,Mesa Digitalizadora V2,Eletrônicos,HP
47600,Notebook Basic,Informática,Pichau
47610,Cadeira Gamer X,Eletrônicos,LG
47620,Mouse Gamer,Móveis,Apple
47630,Headset Ultra,Acessórios,Logitech
47640,Teclado V2,Informática,Samsung
47650,Smartphone Pro,Acessórios,Pichau
47660,Mesa Digitalizadora Pro,Informática,Logitech
47670,Headset X,Eletrodomésticos,LG
47680,Gabinete Gamer,Games,Sony
47690,Mesa Digitalizadora X,Eletrodomésticos,Pichau
47700,Smartphone Ultra,Eletrônicos,Pichau
47710,Cadeira Gamer X,Informática,Pichau
47720,Webcam X,Informática,Pichau
47730,Mesa Digitalizadora Pro,Móveis,Apple
47740,Monitor X,Móveis,Pichau
47750,Mesa Digitalizadora Ultra,Informática,Apple
47760,Gabinete X,Móveis,LG
47770,Teclado Plus,Acessórios,Asus
47780,Monitor Basic,Eletrônicos,LG
47790,Mesa Digitalizadora Ultra,Moveis,Samsung
47800,Monitor Ultra,Acessórios,Asus
47810,Notebook Plus,Acessórios,Sony
47820,Smartphone Gamer,Games,LG
47830,Cadeira Gamer X,Games,Pichau
47840,Mouse Gamer,Informática,LG
47850,Notebook Basic,acessórios,HP
47860,Notebook Ultra,eletrônicos,
47870,Mesa Digitalizadora Gamer,Eletrônicos,Pichau
47880,Webcam V2,Eletrônicos,Asus
47890,Headset Gamer,Games,Logitech
47900,Notebook Gamer,Informática,Pichau
47910,Teclado Basic,Acessorios,Pichau
47920,Mesa Digitalizadora V2,Games,Asus
47930,Teclado Gamer,Acessórios,Samsung
47940,Mouse V2,Eletrodomésticos,Samsung
47950,Headset V2,Móveis,Apple
47960,Smartphone V2,Móveis,Pichau
47970,Headset Plus,Acessórios,Pichau
47980,Notebook X,Games,Logitech
47990,Monitor Basic,Informática,Logitech
48000,Mesa Digitalizadora X,Games,Logitech
48010,Notebook X,Móveis,Pichau
48020,Mesa Digitalizadora Pro,Móveis,Logitech
48030,Headset Basic,Informática,Lenovo
48040,Smartphone Basic,Eletrônicos,Samsung
48050,Smartphone Ultra,Eletrodomésticos,Pichau
48060,Headset Plus,Acessórios,Samsung
48070,Headset X,Eletrodomésticos,Sony
48080,Mouse Gamer,Games,Pichau
48090,Monitor Basic,eletrônicos,Logitech
48100,Webcam Gamer,Informática,Sony
48110,Headset X,Acessórios,HP
48120,Monitor Gamer,games,
48130,Mesa Digitalizadora Basic,Games,Pichau
48140,Notebook V2,Eletrodomésticos,Sony
48150,Monitor Basic,Informática,LG
48160,Smartphone X,eletrodomésticos,Logitech
48170,Gabinete Basic,Eletrônicos,Lenovo
48180,Notebook Plus,Móveis,Apple
48190,Monitor V2,Eletrônicos,Dell
48200,Teclado Ultra,Acessórios,LG
48210,Mouse Gamer,Móveis,Lenovo
48220,Smartphone V2,Games,Apple
48230,Monitor X,Móveis,Samsung
48240,Teclado V2,Eletrodomésticos,HP
48250,Webcam Gamer,Informática,HP
48260,Notebook Basic,Móveis,Pichau
48270,Webcam Plus,Eletrodomésticos,LG
48280,Teclado Plus,Acessórios,Samsung
48290,Gabinete Plus,Eletrônicos,Sony
48300,Monitor V2,Móveis,Pichau
48310,Monitor X,Games,Sony
48320,Headset Basic,Eletrônicos,Sony
48330,Smartphone V2,Informática,Samsung
48340,Mouse X,Eletrônicos,Samsung
48350,Headset Ultra,Eletrodomésticos,Lenovo
48360,Webcam Pro,Móveis,Asus
48370,Cadeira Gamer X,Informática,Asus
48380,Mesa Digitalizadora Gamer,Acessórios,Pichau
48390,Smartphone Gamer,Informática,Pichau
48400,Teclado Basic,Games,Dell
48410,Teclado Basic,Móveis,LG
48420,Gabinete Basic,Eletrodomésticos,Logitech
48430,Mouse Plus,Móveis,Dell
48440,Teclado V2,Informática,Pichau
48450,Webcam Basic,Acessórios,LG
48460,Webcam X,Móveis,Apple
48470,Mouse Plus,Eletrônicos,Lenovo
48480,Webcam Ultra,Games,LG
48490,Monitor Ultra,Eletrônicos,Samsung
48500,Smartphone Ultra,Eletrônicos,Lenovo
48510,Gabinete Basic,Móveis,Lenovo
48520,Gabinete X,Eletrodomésticos,Apple
48530,Notebook Pro,Móveis,Pichau
48540,Webcam Gamer,Eletrônicos,Apple
48550,Notebook Ultra,Games,Dell
48560,Mouse Ultra,Games,Lenovo
48570,Mesa Digitalizadora Gamer,Móveis,Pichau
48580,Mesa Digitalizadora Gamer,Informática,HP
48590,Notebook Pro,Móveis,Logitech
48600,Mouse Ultra,Móveis,HP
48610,Cadeira Gamer Plus,Informática,Dell
48620,Monitor Ultra,Móveis,Pichau
48630,Webcam V2,Eletrodomésticos,Samsung
48640,Webcam Ultra,Informática,Logitech
48650,Smartphone Gamer,Informática,Apple
48660,Mesa Digitalizadora Basic,Eletrodomésticos,Apple
48670,Webcam V2,Eletrodomésticos,Dell
48680,Mouse Gamer,Acessorios,Samsung
48690,Smartphone Ultra,Móveis,Samsung
48700,Gabinete Gamer,acessórios,
48710,Monitor Basic,Acessórios,LG
48720,Gabinete Plus,Eletrônicos,Asus
48730,Webcam Plus,Eletrônicos,Asus
48740,Headset Pro,Informática,Lenovo
48750,Smartphone Pro,Informatica,Lenovo
48760,Monitor Basic,Informática,HP
48770,Gabinete Basic,Móveis,Asus
48780,Teclado V2,Eletrodomésticos,Apple
48790,Mesa Digitalizadora Basic,Informática,Dell
48800,Gabinete Plus,Games,Dell
48810,Webcam Basic,Games,Pichau
48820,Mouse Plus,Eletrônicos,Asus
48830,Teclado Pro,Acessórios,LG
48840,Smartphone V2,Informática,Asus
48850,Teclado X,Eletrodomésticos,Lenovo
48860,Headset Pro,Acessórios,Pichau
48870,Headset Gamer,Games,HP
48880,Smartphone Basic,Móveis,Sony
48890,Mouse Ultra,Móveis,LG
48900,Notebook Gamer,Eletrodomésticos,LG
48910,Cadeira Gamer X,Games,Pichau
48920,Cadeira Gamer Pro,Móveis,Pichau
48930,Webcam X,Acessórios,Logitech
48940,Headset Gamer,Eletrônicos,Dell
48950,Smartphone Gamer,Games,Asus
48960,Webcam Ultra,Informatica,Logitech
48970,Smartphone X,Eletrodomésticos,Dell
48980,Notebook Pro,Móveis,Samsung
48990,Smartphone Ultra,Eletrônicos,Sony
49000,Headset Plus,Eletrodomésticos,Dell
49010,Webcam Ultra,Informática,LG
49020,Monitor Pro,Eletrônicos,Samsung
49030,Gabinete Basic,Informática,Asus
49040,Notebook Ultra,Eletrônicos,HP
49050,Mouse V2,Informática,Dell
49060,Mouse Pro,Acessórios,LG
49070,Smartphone Ultra,Games,Lenovo
49080,Cadeira Gamer Plus,Informática,Logitech
49090,Mesa Digitalizadora Pro,Acessórios,Apple
49100,Mouse Ultra,Eletrodomésticos,LG
49110,Gabinete Ultra,Games,Asus
49120,Smartphone X,Acessórios,Dell
49130,Notebook Basic,Acessórios,Lenovo
49140,Smartphone Ultra,informática,Logitech
49150,Headset Plus,Eletrônicos,HP
49160,Monitor Plus,Acessórios,Dell
49170,Mesa Digitalizadora V2,Games,Samsung
49180,Mouse X,Eletrônicos,Logitech
49190,Monitor Gamer,Games,Apple
49200,Mesa Digitalizadora Pro,Games,Lenovo
49210,Mesa Digitalizadora Pro,Móveis,HP
49220,Monitor Basic,Acessórios,Samsung
49230,Smartphone X,Móveis,Asus
49240,Notebook Gamer,Informática,LG
49250,Teclado V2,Móveis,Pichau
49260,Monitor Ultra,Games,Pichau
49270,Headset X,Eletrodomésticos,Lenovo
49280,Gabinete Plus,Acessórios,Asus
49290,Notebook V2,Móveis,Sony
49300,Notebook Pro,Eletrodomésticos,Asus
49310,Teclado V2,Informática,LG
49320,Mouse Gamer,Eletrônicos,Logitech
49330,Webcam Pro,Informática,Logitech
49340,Webcam X,Eletrodomésticos,Asus
49350,Mesa Digitalizadora Plus,Moveis,Dell
49360,Monitor Plus,Acessórios,Asus
49370,Teclado Gamer,Informática,Samsung
49380,Mesa Digitalizadora Ultra,Eletrodomésticos,Logitech
49390,Cadeira Gamer Pro,Eletrônicos,HP
49400,Webcam V2,Móveis,Samsung
49410,Mouse V2,Games,Lenovo
49420,Monitor Pro,Games,Dell
49430,Cadeira Gamer Pro,Eletrodomésticos,HP
49440,Mesa Digitalizadora Gamer,Eletronicos,LG
49450,Headset V2,Acessórios,LG
49460,Cadeira Gamer Pro,Eletrônicos,Logitech
49470,Smartphone X,Acessórios,Samsung
49480,Teclado Pro,Móveis,Logitech
49490,Monitor Pro,Games,HP
49500,Mesa Digitalizadora Plus,Acessórios,Pichau
49510,Headset Plus,Games,Lenovo
49520,Smartphone Basic,Eletrônicos,Sony
49530,Notebook Ultra,Eletrodomésticos,Pichau
49540,Smartphone Basic,Acessórios,HP
49550,Monitor X,Eletrônicos,Samsung
49560,Monitor X,eletrodomésticos,
49570,Teclado Plus,Games,Dell
49580,Gabinete X,Informática,Logitech
49590,Mouse Plus,Games,Dell
49600,Monitor Plus,Eletrônicos,LG
49610,Webcam Pro,Eletrodomésticos,Asus
49620,Mouse Plus,Games,Sony
49630,Teclado Gamer,Móveis,Sony
49640,Smartphone Pro,Informática,Sony
49650,Monitor Plus,Acessorios,Apple
49660,Teclado Pro,Acessórios,Logitech
49670,Webcam X,Eletrônicos,Sony
49680,Gabinete Gamer,Acessórios,Pichau
49690,Teclado Gamer,Games,Logitech
49700,Monitor Plus,Eletrodomésticos,Dell
49710,Teclado V2,Móveis,Sony
49720,Mesa Digitalizadora V2,eletrodomésticos,
49730,Monitor Plus,Games,HP
49740,Webcam Gamer,Eletrodomésticos,Apple
49750,Headset Gamer,Eletrônicos,HP
49760,Webcam Ultra,Eletrônicos,Lenovo
49770,Headset Ultra,Informática,Asus
49780,Headset Ultra,Acessórios,Dell
49790,Webcam V2,Móveis,Asus
49800,Teclado Ultra,Informática,Apple
49810,Cadeira Gamer Ultra,Acessórios,Lenovo
49820,Webcam Gamer,Móveis,Apple
49830,Headset X,Eletrodomésticos,Dell
49840,Headset X,Games,Sony
49850,Notebook Pro,Informática,Logitech
49860,Teclado Plus,Informática,Logitech
49870,Gabinete Basic,informática,
49880,Gabinete Plus,Informática,Apple
49890,Cadeira Gamer X,Games,Lenovo
49900,Monitor Basic,Eletrônicos,LG
49910,Smartphone Pro,Móveis,Logitech
49920,Smartphone V2,Móveis,Pichau
49930,Webcam Pro,Acessórios,Logitech
49940,Monitor Basic,Acessórios,LG
49950,Gabinete V2,Informática,Logitech
49960,Mesa Digitalizadora Gamer,Móveis,Pichau
49970,Cadeira Gamer Pro,Informática,Logitech
49980,Notebook X,Games,Apple
49990,Mesa Digitalizadora X,Games,Dell
999,Produto Desconhecido,, 
