id_venda,data,id_cliente,id_produto,quantidade,valor_unitario
1,2026-05-26,2795,7890,2,
2,15/06/2026,600,5080,6,150
3,2026-01-31,3090,5630,9,800
4,2026-02-23,2795,2870,3,2500
5,2026/05/10,1164,2740,8,R$ 35
6,19/02/2026,771,8910,1,2500
7,2026-02-07,1922,4740,10,2500
8,2026-03-24,899,4800,,800
9,2026/06/15,2678,7180,3,3000
10,2026-01-17,1606,3340,1,
11,08/02/2026,2896,1830,2,800
12,29/04/2026,899,1230,10,800
13,27/05/2026,606,7880,7,80
14,12-02-2026,913,1250,10,1200
15,09/02/2026,1701,1810,1,150
16,11-06-2026,1109,3530,6,1200
17,18/06/2026,1062,1520,8,500
18,18-02-2026,2572,6230,5,1200
19,26/06/2026,1010,8010,3,500
20,23/01/2026,243,4810,1,"3000,00"
21,2026-02-17,2140,8070,9,150
22,2026-02-21,505,150,3,R$ 2500
23,2026/06/15,2368,2280,9,150
24,07/05/2026,2682,4460,5,800
25,2026-05-03,1913,7720,3,500
26,25-02-2026,726,1460,9,35
27,2026-06-05,731,3550,10,150
28,20-06-2026,2686,8810,6,"2500,00"
29,2026/02/16,2632,3460,1,2500
30,2026/06/12,2062,8860,2,80
31,2026-03-11,2115,2830,4,35
32,2026-03-22,2390,9730,2,1200
33,2026-06-18,1679,1790,1,800
34,28/02/2026,3050,4850,7,80
35,2026/03/12,285,3710,10,80
36,10/06/2026,1609,890,5,"80,00"
37,2026-06-22,1855,2790,,80
38,07/04/2026,967,6060,9,3000
39,2026-02-17,103,8310,5,150
40,10/02/2026,392,6380,8,80
41,2026-06-19,1360,760,10,500
42,21-04-2026,2641,4140,10,3000
43,25-05-2026,2044,2210,7,3000
44,2026-03-01,2566,7890,8,2500
45,08/01/2026,1490,7130,9,3000
46,2026-04-18,2711,9590,10,800
47,2026-06-04,1666,3370,1,1200
48,2026-02-01,750,1240,6,35
49,2026/05/05,1216,2900,8,800
50,2026-01-13,1824,9920,7,800
51,2026/06/20,2134,4110,8,3000
52,2026-01-23,925,3950,7,35
53,2026-03-26,1766,2510,4,3000
54,2026/05/31,1216,5790,3,3000
55,29-01-2026,2417,6660,10,2500
56,2026-02-22,1620,6080,1,150
57,2026-01-29,760,4740,4,2500
58,21-01-2026,2616,2970,10,1200
59,31-03-2026,1796,6740,5,1200
60,2026/03/16,1360,7270,2,800
61,12/04/2026,2572,6040,10,500
62,2026-03-08,1947,2920,5,2500
63,2026/05/15,2793,7170,3,"500,00"
64,26/03/2026,626,6200,4,R$ 800
65,2026-02-10,133,9160,8,"150,00"
66,2026-02-14,2061,7800,-3,800
67,2026-05-13,1276,6460,7,1200
68,2026-05-30,615,390,1,800
69,2026/04/21,1663,9520,10,500
70,2026-01-08,1558,1100,2,500
71,2026-04-29,1712,8860,10,2500
72,2026-05-30,2876,8600,1,2500
73,21-01-2026,2597,2240,5,1200
74,2026-02-18,1441,4070,2,80
75,19/05/2026,297,9070,3,500
76,10-02-2026,656,350,4,800
77,2026-02-16,952,6720,5,500
78,2026-05-29,2940,6910,7,"35,00"
79,2026-06-16,3000,9190,5,2500
80,2026-01-13,2779,920,8,3000
81,17/01/2026,872,390,6,35
82,2026/05/18,1602,9700,-2,800
83,2026-03-28,1480,7480,3,500
84,14-05-2026,2655,8130,3,35
85,13/04/2026,542,2210,1,
86,2026-02-20,2019,4520,2,2500
87,04-04-2026,144,4490,3,3000
88,2026/03/30,1392,2560,1,150
89,2026-04-05,421,9650,4,800
90,2026-02-13,988,2780,3,35
91,17/03/2026,2482,8290,1,80
92,11-02-2026,2812,8170,1,"1200,00"
93,16-04-2026,1161,6770,8,80
94,02/05/2026,2931,5080,5,R$ 2500
95,03-06-2026,850,9480,7,1200
96,28/02/2026,1906,1580,8,150
97,2026-01-17,1398,6140,-5,1200
98,2026-05-17,1144,9370,3,500
99,2026-06-10,2449,7880,3,80
100,23-01-2026,589,5440,9,35
101,30-03-2026,2365,4260,10,35
102,19/01/2026,303,8840,5,35
103,27/02/2026,1544,1070,10,800
104,15/02/2026,549,5060,3,150
105,2026/04/10,1124,2260,3,
106,2026-03-16,563,3850,6,800
107,2026-06-15,888,9310,1,500
108,2026-03-16,1914,8990,1,800
109,13/05/2026,2555,5950,1,800
110,2026-02-12,1633,6290,9,"1200,00"
111,2026-03-22,2893,4590,10,150
112,12/06/2026,756,9710,6,2500
113,17/02/2026,2140,4860,3,150
114,2026-05-26,1814,830,6,80
115,2026-06-04,2780,3780,3,150
116,2026-01-30,1782,2240,-5,1200
117,2026/06/20,1748,2390,8,150
118,2026/02/14,3061,3040,3,35
119,2026-01-20,1162,6390,9,R$ 1200
120,2026/02/22,1014,6710,1,35
121,17-05-2026,1020,7220,2,80
122,2026-02-08,809,8010,5,80
123,2026-05-18,1884,5570,8,2500
124,2026-01-03,2488,1130,5,35
125,2026/03/20,2860,10,-4,150
126,09-05-2026,2140,4530,8,500
127,2026-05-14,1689,6540,7,800
128,31/01/2026,3067,1330,3,80
129,2026/04/22,834,770,1,800
130,2026-01-12,2606,2600,2,800
131,11-05-2026,2428,7920,2,80
132,2026-06-07,1765,6030,10,800
133,2026-05-15,759,5270,2,"35,00"
134,2026-04-21,186,7560,3,"35,00"
135,31-03-2026,761,5530,9,2500
136,2026-01-25,2688,480,3,800
137,16-05-2026,2353,7270,,1200
138,11-02-2026,2623,1760,10,"35,00"
139,12/04/2026,1871,1680,7,500
140,2026/02/15,948,9040,10,2500
141,2026-02-22,2082,4180,2,1200
142,11-06-2026,1749,1820,2,500
143,20-03-2026,546,10,4,150
144,2026-02-10,1025,7350,2,500
145,17/02/2026,2558,7460,9,3000
146,2026-06-29,2076,5050,1,2500
147,2026/04/05,785,70,9,80
148,2026-03-10,408,6370,10,3000
149,30/01/2026,2161,7120,10,2500
150,17/05/2026,2317,7100,8,150
151,05-01-2026,3098,1550,7,1200
152,13/04/2026,800,6270,10,80
153,2026-04-25,2627,5200,3,1200
154,2026-06-04,1883,6440,8,800
155,29-05-2026,193,4560,8,150
156,2026-04-16,1348,650,10,2500
157,2026-05-24,2539,4690,8,800
158,25/06/2026,2439,2920,2,500
159,2026/05/10,561,4210,5,3000
160,2026-06-11,1733,7510,9,80
161,2026/03/16,2287,290,6,35
162,12/02/2026,2209,8260,1,1200
163,2026/01/31,229,1680,8,35
164,16/03/2026,351,190,3,800
165,2026-03-06,528,7890,9,500
166,2026-01-11,1350,6830,9,500
167,2026-05-02,535,5670,4,35
168,2026/04/25,153,490,,35
169,2026/04/10,1752,1050,10,1200
170,05-01-2026,1565,3970,9,800
171,2026/02/19,2318,6810,5,2500
172,14/01/2026,2066,9360,1,80
173,2026-02-11,2733,8230,-1,500
174,2026-06-26,1046,2780,5,800
175,02-06-2026,1712,4960,6,2500
176,2026/04/13,1633,1690,1,2500
177,2026-02-02,1510,6260,8,150
178,2026/04/19,855,9620,2,35
179,25-02-2026,2753,6760,1,800
180,03-05-2026,1344,5550,6,1200
181,2026-06-03,800,990,4,500
182,2026/05/06,662,2950,6,R$ 500
183,2026/06/29,2541,580,,500
184,2026-06-18,475,9530,8,500
185,2026-06-13,1998,5070,5,500
186,2026-05-23,2866,3290,3,150
187,2026-03-20,1519,1440,6,80
188,2026-05-09,1609,6300,2,35
189,14/01/2026,2709,490,10,80
190,2026-04-27,2032,2360,4,1200
191,2026-03-18,2267,7500,5,80
192,2026-04-29,2479,3080,10,3000
193,2026/03/16,2571,2090,-2,3000
194,2026-01-08,612,5430,2,80
195,2026/03/03,2235,9410,3,2500
196,12/05/2026,2292,9110,9,80
197,14/02/2026,2047,2020,,2500
198,2026-06-25,844,1260,5,2500
199,2026-06-19,1442,7470,9,R$ 35
200,25-05-2026,1560,4360,4,800
201,08/04/2026,2063,4540,3,2500
202,17-01-2026,1020,2150,3,800
203,2026/06/11,1174,9950,1,35
204,2026-01-29,2540,5680,4,35
205,2026/03/01,2901,7260,2,80
206,15/04/2026,1290,9270,5,2500
207,2026/05/12,1319,6350,10,3000
208,2026-04-23,1620,8440,8,1200
209,2026-05-27,2230,1300,2,35
210,2026-01-19,2492,4740,10,80
211,18/03/2026,869,6550,8,80
212,2026/03/26,2268,3070,5,1200
213,2026/03/10,945,4360,3,2500
214,2026-01-27,3075,2230,4,1200
215,2026-05-18,436,5920,8,80
216,28/03/2026,193,7560,10,150
217,24/04/2026,293,3800,9,2500
218,2026-05-30,1631,920,6,35
219,29-04-2026,149,7880,6,500
220,2026-04-12,598,1250,10,
221,2026-05-17,2450,4860,6,1200
222,2026-04-20,342,7070,9,80
223,2026-02-01,1443,630,5,500
224,2026-02-22,1506,9560,9,3000
225,2026-04-13,1902,810,6,2500
226,2026-02-23,2635,620,6,1200
227,2026-04-21,2693,9790,4,80
228,2026/04/09,1081,5990,3,1200
229,2026-01-30,1289,2530,10,35
230,11-05-2026,2032,4980,1,150
231,18-04-2026,2764,3880,6,500
232,2026-05-14,1145,2630,7,"80,00"
233,27/01/2026,2954,4730,6,500
234,12-06-2026,1778,8490,6,"80,00"
235,21/06/2026,106,1390,4,35
236,2026-05-05,1830,1380,9,80
237,08/03/2026,1957,1190,10,500
238,24-02-2026,2457,4220,1,2500
239,08/03/2026,2801,8810,1,150
240,2026/05/18,1240,9620,8,800
241,2026-03-31,2996,2430,6,3000
242,2026-05-06,1190,9100,7,80
243,2026/04/09,1210,7950,1,500
244,23/02/2026,2242,9230,8,500
245,24/04/2026,1572,9850,4,500
246,2026-05-02,1129,970,1,35
247,29-01-2026,1530,1980,7,35
248,2026-02-02,1529,2710,1,"800,00"
249,13-02-2026,1053,9160,1,1200
250,2026-02-04,1245,680,,3000
251,2026-06-30,2415,2210,6,500
252,2026-06-14,2646,4950,5,80
253,2026-02-06,1235,5580,1,3000
254,10-04-2026,2453,4170,3,"1200,00"
255,2026/05/07,691,1900,5,500
256,2026-01-26,2648,530,-3,2500
257,26/01/2026,982,520,3,2500
258,2026-06-17,721,7980,-5,1200
259,2026-03-02,1797,7390,10,1200
260,20/05/2026,141,3480,10,"1200,00"
261,25/01/2026,660,3420,10,
262,2026-04-29,1991,920,1,3000
263,2026-01-24,2315,8330,1,3000
264,2026-06-17,684,1910,5,1200
265,2026/03/13,559,5080,3,80
266,02/01/2026,1355,2510,3,500
267,17-03-2026,640,1890,2,
268,2026-03-29,2508,2770,3,35
269,2026/03/20,1928,8170,3,2500
270,23/02/2026,1824,6570,6,80
271,03/02/2026,424,6680,5,35
272,2026-06-23,1513,8480,10,R$ 1200
273,2026-01-10,536,5890,6,80
274,21/04/2026,1758,7760,10,2500
275,2026-05-23,2205,6910,4,3000
276,16-01-2026,2149,5390,8,
277,2026-03-01,2793,5710,10,80
278,2026-05-06,2424,1340,5,"35,00"
279,2026/05/27,2268,9560,4,2500
280,2026-06-10,909,8050,4,800
281,2026-05-11,1940,9680,9,R$ 150
282,27-05-2026,1781,3270,3,150
283,2026-01-03,782,2050,8,150
284,02-04-2026,107,9000,4,"35,00"
285,05/01/2026,1644,2550,7,3000
286,29/01/2026,114,5290,10,80
287,2026-01-31,111,240,2,2500
288,2026-06-10,1063,1430,4,3000
289,29/05/2026,2465,7450,10,35
290,2026/05/19,1480,3080,2,2500
291,2026-03-08,267,520,,800
292,2026-03-05,497,7410,8,80
293,14-05-2026,1404,950,9,1200
294,26/03/2026,2449,9860,3,35
295,2026/03/08,2823,130,4,1200
296,2026-03-13,223,4580,10,800
297,2026-06-30,1757,4430,1,"80,00"
298,2026-02-05,2738,7390,,150
299,19-05-2026,2921,5200,3,500
300,02-06-2026,1284,9920,,2500
301,2026-05-16,387,5090,6,150
302,02/04/2026,890,4220,4,1200
303,2026-01-05,458,1640,9,150
304,2026-03-26,576,7040,2,150
305,2026-03-25,174,2940,7,80
306,16/01/2026,809,2250,-4,
307,2026-01-22,1093,5350,2,R$ 35
308,2026-02-14,621,5820,7,80
309,2026-02-02,1184,9700,6,35
310,2026-04-20,1432,2300,5,800
311,12-01-2026,1352,6710,3,3000
312,26-02-2026,1329,3930,1,80
313,2026-03-27,1599,5120,4,800
314,2026-02-08,1533,5720,2,3000
315,2026-05-17,1402,7760,3,3000
316,2026-02-16,116,5220,7,2500
317,2026/06/28,726,8770,2,3000
318,15-04-2026,1911,5230,5,800
319,21/01/2026,2469,620,6,"35,00"
320,2026/01/28,1343,5130,5,150
321,22-03-2026,959,3150,-4,2500
322,2026-01-29,1478,8100,5,1200
323,07/03/2026,805,180,5,800
324,2026/01/23,515,6870,8,500
325,21/01/2026,1999,2560,,2500
326,2026-02-27,2504,8080,9,150
327,16/05/2026,2504,8210,1,2500
328,2026-01-05,503,8370,1,R$ 150
329,2026-04-05,2790,7680,3,500
330,2026/01/31,309,3190,9,
331,03/03/2026,512,7310,9,"2500,00"
332,2026-01-15,356,7160,10,3000
333,01/06/2026,303,830,5,35
334,2026-02-23,2045,8330,2,3000
335,2026/05/31,2772,5690,2,2500
336,2026/02/09,1554,7010,1,R$ 800
337,2026-06-15,2706,4780,6,1200
338,2026-06-10,944,9820,4,1200
339,2026-06-30,2036,9450,9,3000
340,01/01/2026,2017,6140,4,R$ 3000
341,2026-04-17,213,5660,2,3000
342,2026-02-09,931,6940,10,2500
343,2026/05/06,2294,2030,4,35
344,18/04/2026,535,9220,3,800
345,2026/06/22,2349,3760,8,
346,2026-06-16,1301,1990,3,500
347,2026-02-17,598,4010,7,2500
348,2026-04-27,2830,4840,,3000
349,2026-04-02,2639,7070,10,1200
350,2026-02-06,325,7540,7,800
351,2026-04-10,2068,9510,,500
352,16/06/2026,1157,9150,5,500
353,2026-06-27,2305,8870,3,800
354,16/03/2026,1003,250,,80
355,2026/06/03,406,8340,,"500,00"
356,2026-01-26,392,3870,6,2500
357,2026/04/14,1104,2370,10,1200
358,2026-05-21,113,3340,,80
359,12-03-2026,1823,2660,3,3000
360,2026/05/30,601,3280,9,1200
361,2026-01-29,413,9280,8,1200
362,2026-02-04,1625,7840,9,80
363,2026-03-08,2720,470,10,3000
364,2026-04-09,1311,8060,6,800
365,29/04/2026,251,3670,2,35
366,2026/01/16,2000,1260,5,3000
367,2026/06/14,2071,6810,4,80
368,20-03-2026,2272,170,8,800
369,19/03/2026,1429,7230,3,"2500,00"
370,2026-05-25,1164,7900,9,2500
371,2026-04-26,2215,8540,1,3000
372,2026-03-06,1925,6690,4,150
373,18-01-2026,2994,2120,4,2500
374,2026-06-27,2573,1290,9,2500
375,02/05/2026,1765,9180,1,800
376,14-05-2026,2523,6960,1,1200
377,2026-03-02,1521,8080,,150
378,2026-05-28,444,9800,10,3000
379,2026/03/07,1388,1970,6,2500
380,02/05/2026,1998,5120,6,800
381,20/01/2026,214,2480,9,800
382,16/02/2026,1749,7680,8,500
383,2026-06-30,2736,1510,2,80
384,05/04/2026,2108,4370,8,80
385,2026/01/15,746,6320,6,80
386,2026-05-22,2367,2390,-2,80
387,2026-05-29,2495,8780,3,35
388,16-04-2026,2430,8140,2,800
389,2026-04-12,418,630,1,80
390,05-01-2026,430,4100,8,35
391,2026-06-25,235,2990,4,150
392,2026-04-28,1246,3860,2,3000
393,2026/03/13,1875,2480,1,500
394,2026/01/09,1432,2670,6,R$ 1200
395,2026-06-04,2577,2310,3,3000
396,2026-01-23,2446,1210,4,1200
397,18-03-2026,2407,8370,3,2500
398,2026-04-26,1457,8440,3,800
399,22/02/2026,1185,6390,10,
400,01/01/2026,2337,4460,1,2500
401,2026/04/04,189,1740,-1,80
402,13/02/2026,780,1910,6,800
403,02/03/2026,1245,2660,1,500
404,2026-02-10,889,2540,1,150
405,2026-01-18,1633,9280,6,1200
406,2026-01-16,3088,2320,5,1200
407,24-06-2026,1026,8760,9,800
408,23/02/2026,1106,1980,5,500
409,11/02/2026,642,80,1,1200
410,18-05-2026,1045,1260,5,R$ 800
411,2026-05-29,1466,7700,6,150
412,2026-01-31,2134,4120,8,3000
413,2026-04-06,369,9290,,150
414,10/03/2026,2420,2090,6,80
415,2026-02-16,412,7200,8,1200
416,2026-04-13,1835,8760,8,1200
417,11/05/2026,1733,2580,3,35
418,2026-04-19,1037,280,,150
419,17-05-2026,1392,8960,1,500
420,2026-01-28,2931,2360,6,35
421,2026-03-11,672,1030,2,800
422,13/01/2026,1909,4970,8,150
423,04-06-2026,1634,7100,3,150
424,09/05/2026,3001,8390,6,80
425,2026-01-02,2324,4950,7,3000
426,2026-05-28,956,9020,3,2500
427,02-04-2026,335,1700,9,800
428,2026-03-12,2229,3420,6,500
429,2026-05-19,1414,7170,8,150
430,2026-02-14,2181,2730,3,150
431,25-02-2026,2712,8960,6,80
432,2026-04-11,752,1770,6,35
433,2026-05-17,3088,8150,7,150
434,2026-03-18,2363,4220,5,150
435,24-01-2026,795,8120,5,80
436,2026-05-27,147,8070,,2500
437,2026-06-27,651,4200,5,1200
438,14-01-2026,1580,4410,2,3000
439,2026-06-15,3038,2380,1,80
440,2026-03-04,923,5520,3,150
441,2026-04-29,2525,2280,1,35
442,06-01-2026,689,4730,1,1200
443,2026-04-13,2907,7670,1,3000
444,2026-02-03,995,7260,6,
445,2026-03-25,811,2050,2,3000
446,2026-06-18,1014,6900,4,R$ 2500
447,14-06-2026,2629,2660,2,2500
448,2026/02/21,1694,3580,5,80
449,20/02/2026,2001,4820,7,1200
450,18-04-2026,230,4330,4,800
451,16/02/2026,285,8390,7,80
452,2026-03-29,2355,4520,,80
453,07/05/2026,2413,1940,3,35
454,15/03/2026,1924,3160,5,80
455,2026-02-13,1515,4390,4,2500
456,25/04/2026,145,1700,5,1200
457,2026/04/07,661,4290,1,800
458,2026-02-14,1878,7520,2,35
459,01/01/2026,1031,5130,6,3000
460,2026-03-10,1701,7440,6,35
461,09/01/2026,1003,4890,5,"2500,00"
462,2026/05/06,2702,4210,5,500
463,2026-05-14,970,4690,-4,80
464,2026/04/26,1540,9000,7,3000
465,2026/04/10,1756,5670,2,1200
466,2026-06-27,1627,8370,10,35
467,08/02/2026,2950,1710,2,35
468,2026-03-20,2957,4660,9,
469,2026-03-02,1855,350,1,500
470,2026-04-24,1841,6070,4,35
471,2026-06-15,965,230,8,80
472,2026-02-04,852,4310,8,800
473,2026-06-07,2197,4630,9,2500
474,2026/05/09,2870,6130,1,2500
475,22/02/2026,938,3120,3,3000
476,2026/01/07,1390,8180,6,35
477,2026-06-13,666,1430,8,35
478,2026-05-24,2968,7840,7,
479,2026-04-11,351,7810,3,35
480,29/05/2026,2185,8600,10,150
481,2026-05-24,2978,3310,4,500
482,2026/04/28,125,5470,5,800
483,2026-05-31,224,2120,10,500
484,23/01/2026,1073,9810,10,R$ 35
485,2026/04/02,2601,4290,7,"150,00"
486,2026/03/29,1899,1950,,800
487,2026-05-16,1213,2380,9,800
488,2026/03/04,2957,1510,2,3000
489,2026-01-29,2157,8810,7,2500
490,11/03/2026,2877,1170,9,R$ 35
491,16-06-2026,2480,9440,3,80
492,21-02-2026,290,1180,10,150
493,2026-03-18,297,2090,-5,35
494,17/01/2026,1748,1540,10,2500
495,16-06-2026,1313,8530,9,1200
496,08/01/2026,179,4690,9,1200
497,17/02/2026,2013,6470,2,2500
498,19-04-2026,2908,1160,7,80
499,2026-05-01,643,160,9,150
500,03/03/2026,1969,590,3,2500
501,2026-03-09,995,3340,7,150
502,27-03-2026,2888,8420,1,80
503,2026/03/17,2795,1470,6,500
504,05/01/2026,740,9800,6,
505,22-05-2026,2435,4630,1,500
506,2026/06/16,104,1360,5,500
507,2026/02/04,2926,3160,-3,500
508,2026-04-19,425,7170,8,1200
509,13/03/2026,1096,8950,5,R$ 150
510,26/05/2026,2142,2550,5,2500
511,20-02-2026,1046,4390,-4,3000
512,09-06-2026,1771,2910,3,1200
513,2026/05/26,2831,9270,1,800
514,2026-05-15,780,9850,10,
515,2026-04-17,1959,9720,10,2500
516,2026-03-30,2517,9310,10,150
517,2026/06/04,2346,2540,9,3000
518,13/04/2026,2001,7280,10,150
519,2026-04-22,598,2530,3,35
520,06-03-2026,1112,980,10,500
521,2026-06-03,617,4130,,35
522,2026-03-16,2773,6750,7,150
523,18-01-2026,1350,7590,4,35
524,2026-05-25,1331,1220,,3000
525,2026/06/12,2026,1360,-5,2500
526,2026-06-21,755,7610,3,800
527,26/03/2026,3006,6650,9,150
528,2026-03-01,2085,4370,2,800
529,2026-06-08,2429,9630,9,35
530,2026-04-05,640,9010,,3000
531,04/03/2026,112,4600,7,80
532,21/04/2026,2068,1570,5,35
533,20/03/2026,594,7280,4,80
534,04/05/2026,1394,8710,1,35
535,2026-05-07,795,760,6,35
536,2026/01/23,2817,1840,3,1200
537,30/05/2026,391,6050,8,500
538,2026-01-11,3098,1890,5,800
539,15/03/2026,101,7990,7,35
540,2026-05-17,628,7940,2,35
541,2026-05-01,413,7970,2,3000
542,26/06/2026,1564,920,4,150
543,2026-06-01,1198,3610,5,35
544,19/01/2026,1551,5220,,1200
545,2026/01/21,491,3290,8,800
546,2026-06-08,1599,2550,2,"2500,00"
547,2026/05/06,112,520,10,500
548,2026/01/04,1407,9150,9,800
549,05/03/2026,3016,5600,2,35
550,2026-05-31,757,7860,1,500
551,20/05/2026,2904,9720,1,3000
552,2026-01-04,1418,1620,6,80
553,2026-04-08,1892,7270,4,500
554,2026-04-17,328,9550,8,800
555,06/01/2026,2178,9220,-4,"3000,00"
556,04/06/2026,275,6110,2,80
557,27/06/2026,1256,8870,2,500
558,2026/02/07,1651,1030,9,800
559,2026-05-24,768,8200,3,R$ 80
560,2026-06-17,1310,4660,3,
561,27/02/2026,2027,6950,,3000
562,2026/04/04,1314,4920,1,150
563,2026-02-20,361,2970,2,1200
564,2026-05-28,2091,8240,7,150
565,2026-02-16,2980,7780,1,1200
566,2026-01-04,1675,760,5,35
567,2026/05/05,1937,70,7,"2500,00"
568,2026-01-14,271,4060,7,35
569,2026/02/03,2726,900,7,800
570,09/06/2026,595,120,10,35
571,2026-02-12,1072,6550,,1200
572,2026-06-05,748,7060,8,1200
573,28/06/2026,1048,8790,3,"2500,00"
574,2026/06/09,1863,450,8,1200
575,07-05-2026,2810,3300,5,"150,00"
576,2026/03/15,2578,2890,6,500
577,01/02/2026,2684,5750,9,2500
578,31/03/2026,1261,9080,5,1200
579,2026-04-14,788,6120,6,150
580,07/06/2026,1390,7170,1,500
581,2026-04-15,1821,8610,9,"2500,00"
582,2026-01-03,2723,1580,7,35
583,2026/04/01,358,3750,1,80
584,20/02/2026,378,4520,2,2500
585,2026-01-25,322,3560,10,35
586,2026-02-15,408,2150,6,800
587,2026-03-09,1638,9920,6,R$ 500
588,23/03/2026,2016,5980,-4,80
589,2026/01/21,2250,6530,7,2500
590,2026/03/18,1758,5950,6,2500
591,2026-05-22,1421,7310,5,3000
592,2026-01-02,2020,510,4,3000
593,23/01/2026,1101,8770,,80
594,2026-02-11,1575,4430,4,500
595,06/02/2026,2573,7160,3,500
596,2026-04-14,264,1910,3,1200
597,2026/02/11,1985,3860,10,150
598,23/04/2026,1070,6370,3,500
599,28/03/2026,292,1400,3,35
600,06/03/2026,101,670,4,500
601,14/02/2026,1302,1420,5,3000
602,04/06/2026,712,9110,8,1200
603,2026-01-22,1201,7070,7,35
604,2026-04-24,2429,7070,2,500
605,2026-02-26,116,7340,5,500
606,2026-02-09,1872,6410,3,150
607,30/04/2026,935,9620,9,35
608,13-04-2026,3091,4900,,
609,2026-05-23,1076,3880,6,1200
610,2026/05/09,655,6460,1,3000
611,2026/03/18,642,9200,1,2500
612,04/04/2026,1854,4650,6,35
613,2026/04/21,157,8630,-4,500
614,19-06-2026,2699,8680,7,800
615,2026-01-19,1935,2740,8,R$ 500
616,25-02-2026,2964,7890,8,800
617,2026/06/03,1156,6140,9,"2500,00"
618,08-06-2026,1385,150,10,500
619,2026/04/17,1888,3040,3,500
620,07-03-2026,516,1340,9,80
621,2026-01-27,1281,5760,4,
622,2026-06-29,2906,4620,3,150
623,01-06-2026,2981,9380,8,800
624,2026-06-13,1729,7330,9,"3000,00"
625,2026/05/12,2256,1450,3,500
626,14/06/2026,2079,600,9,"800,00"
627,2026-05-14,2958,790,4,800
628,2026-04-05,2016,7660,10,800
629,2026-06-23,1855,7040,5,2500
630,23/06/2026,116,8770,8,150
631,2026-01-31,2325,610,3,R$ 2500
632,2026-04-13,506,4290,6,3000
633,15-04-2026,1454,5120,9,2500
634,02-04-2026,1543,1030,3,800
635,2026-03-12,315,3960,6,2500
636,2026-02-03,336,3660,7,1200
637,2026-01-28,1152,8830,2,3000
638,2026-01-02,927,2070,9,
639,2026/03/01,2025,8890,-1,
640,2026-03-04,287,9040,5,150
641,12/05/2026,349,1780,-3,35
642,2026-05-17,2594,7960,2,500
643,2026-05-29,1875,6540,10,3000
644,28-05-2026,653,8610,3,R$ 800
645,2026-04-03,1208,5400,,1200
646,2026-04-29,1647,7700,5,35
647,08/05/2026,1013,5870,1,1200
648,2026/06/10,285,1440,7,35
649,2026-06-07,703,6670,1,500
650,01-04-2026,2560,9990,6,800
651,05/01/2026,1379,1580,-1,3000
652,2026-05-01,1890,4720,6,80
653,18/01/2026,1843,7560,9,150
654,09/05/2026,3066,1330,6,2500
655,2026-03-12,1822,1630,4,150
656,2026-04-20,2734,3700,7,800
657,2026/04/18,1299,9510,2,3000
658,2026-01-01,845,8640,2,R$ 1200
659,16-05-2026,470,4800,3,800
660,2026/04/08,1493,5770,10,35
661,2026-02-09,1985,7430,8,80
662,09-05-2026,211,1560,4,3000
663,2026-05-27,3002,8330,7,1200
664,19/05/2026,1936,570,9,800
665,25/04/2026,2981,2660,8,2500
666,2026-03-22,2250,800,9,35
667,23/02/2026,372,3620,6,3000
668,23/05/2026,1614,5230,7,150
669,2026-05-21,1180,5640,7,500
670,09-02-2026,2907,4910,3,500
671,2026-06-24,570,9590,10,35
672,2026/03/27,2342,9000,2,150
673,2026/06/15,2243,6600,2,150
674,07/01/2026,2101,80,7,35
675,13/01/2026,641,2250,3,150
676,05-06-2026,1018,2820,9,2500
677,05-06-2026,290,2490,1,2500
678,28/04/2026,1795,8830,4,500
679,2026-06-26,2095,4530,2,150
680,18-06-2026,994,1030,6,35
681,2026-03-23,235,3670,2,3000
682,22-06-2026,1012,5290,5,"800,00"
683,05-04-2026,2302,2150,2,"800,00"
684,04-05-2026,2769,9420,3,500
685,24-03-2026,913,4110,8,80
686,2026/04/11,2287,6170,1,3000
687,26/04/2026,2303,550,3,500
688,2026/03/19,2671,2740,9,800
689,02/05/2026,1302,260,4,2500
690,20-04-2026,189,680,3,1200
691,08/05/2026,954,8900,10,3000
692,30-06-2026,2564,9320,3,3000
693,2026-05-11,2392,7930,1,150
694,2026-01-23,1609,9440,5,150
695,2026-02-28,1330,930,6,80
696,2026/06/10,2302,2540,7,35
697,2026-02-23,1675,8670,5,2500
698,2026-02-01,2690,5870,5,80
699,2026-05-05,2598,1180,8,35
700,11-02-2026,416,5260,7,80
701,15-03-2026,506,2340,5,800
702,09/04/2026,340,7230,9,500
703,2026-04-26,627,6060,3,2500
704,13-06-2026,925,7900,3,2500
705,2026-06-12,222,5890,10,2500
706,2026-02-17,873,4260,8,80
707,07-04-2026,1796,4460,1,150
708,11-04-2026,1239,1790,1,150
709,2026-02-02,2963,2260,10,"35,00"
710,2026/02/23,1835,5680,7,3000
711,2026-01-05,1953,6300,3,800
712,2026-04-14,1304,280,4,500
713,2026-03-31,1346,8720,6,2500
714,05-02-2026,1644,8340,-5,2500
715,2026-02-02,373,5820,6,2500
716,2026-06-12,2487,7770,3,3000
717,07-04-2026,1177,8320,10,
718,2026-05-21,833,7610,6,80
719,2026/02/23,1211,7990,5,2500
720,16/02/2026,2296,2350,5,3000
721,2026-03-01,1580,2830,2,1200
722,16/03/2026,911,1530,2,800
723,31/05/2026,2218,4780,6,"500,00"
724,2026-06-26,158,5980,4,3000
725,2026-04-22,2205,1990,-5,1200
726,2026-01-16,2954,5490,4,80
727,2026-05-30,478,9610,4,2500
728,2026-04-16,526,9680,8,80
729,2026-01-25,2851,4160,6,2500
730,2026/03/26,317,4170,1,150
731,29/05/2026,1102,9470,2,1200
732,2026/02/15,904,130,1,150
733,17-02-2026,1869,8960,6,35
734,2026-02-05,492,990,3,35
735,2026-05-03,1391,780,10,
736,2026-04-13,1124,2110,9,150
737,2026-02-04,230,3280,10,150
738,2026-02-15,1648,1440,2,35
739,2026/01/30,1149,5480,4,80
740,2026-06-14,844,5300,2,500
741,2026-06-03,1787,6960,3,500
742,2026-05-09,1321,6250,1,150
743,2026-05-12,892,2750,1,1200
744,27/04/2026,2040,6410,4,800
745,21/05/2026,1577,1820,4,1200
746,2026-01-24,828,3930,7,1200
747,2026/05/25,1196,5000,7,150
748,05-03-2026,2193,630,7,2500
749,10/03/2026,1614,2250,10,1200
750,2026/04/24,1210,9460,7,1200
751,2026-03-28,2478,7160,7,150
752,28/05/2026,1489,7660,5,500
753,10/04/2026,2527,1550,6,R$ 3000
754,14/06/2026,2742,7150,4,500
755,24-02-2026,1274,4210,9,2500
756,2026-05-28,515,4030,3,800
757,01/06/2026,2623,6240,9,80
758,01-04-2026,2860,9700,2,2500
759,12/05/2026,2946,4730,4,35
760,23/02/2026,1655,610,3,35
761,12/03/2026,1836,8350,9,35
762,2026-02-05,1227,5880,3,80
763,2026/04/12,2526,7870,8,2500
764,2026-06-14,691,7670,3,2500
765,2026-03-17,1761,2110,4,80
766,30-05-2026,2512,6460,1,500
767,2026-05-27,2824,820,2,150
768,29-06-2026,3044,3000,2,2500
769,2026-06-22,2894,9110,4,1200
770,2026-01-29,1696,1110,10,R$ 35
771,05/03/2026,1215,7490,2,500
772,11-03-2026,983,4880,7,3000
773,22-02-2026,1221,5470,5,35
774,2026/05/20,1187,910,2,2500
775,2026-02-25,1129,9310,2,
776,14/03/2026,3010,6050,2,"35,00"
777,21/03/2026,762,9160,3,2500
778,2026-01-31,2330,340,2,35
779,2026-02-06,922,2650,6,800
780,09-02-2026,959,3270,7,35
781,25-05-2026,494,4980,10,80
782,2026-05-20,428,3320,2,80
783,2026-01-30,654,8020,10,800
784,05-01-2026,1343,9280,1,150
785,14/05/2026,2784,910,2,150
786,28-04-2026,1326,3250,8,80
787,2026-06-05,1887,4880,6,3000
788,2026-04-20,394,2450,2,35
789,2026-05-08,556,6740,2,800
790,2026-06-14,1527,2910,2,R$ 500
791,2026-03-27,311,4210,7,150
792,15/04/2026,1511,3460,6,150
793,2026/05/08,408,30,6,800
794,17-01-2026,2011,5980,10,800
795,2026-04-02,2577,2900,10,500
796,2026-01-08,2521,6440,6,2500
797,19-06-2026,953,3750,9,800
798,2026-02-17,3068,890,7,2500
799,2026-06-17,1604,270,1,
800,2026-01-11,2779,9440,4,35
801,07/04/2026,1825,8820,1,3000
802,27-01-2026,115,9920,7,2500
803,16/01/2026,511,4980,3,35
804,2026-02-13,3050,1140,3,150
805,2026-05-22,817,5700,1,800
806,09/02/2026,1567,6210,5,
807,2026-01-24,2371,2750,2,500
808,2026/01/27,1109,3560,6,500
809,24-04-2026,775,7850,10,150
810,2026/01/02,1889,2970,6,3000
811,11/01/2026,2003,5370,3,35
812,07-01-2026,520,6370,6,500
813,2026-06-06,618,8060,2,800
814,2026-05-23,1961,2950,3,35
815,14/06/2026,2376,9490,1,2500
816,30/03/2026,2391,6580,1,500
817,2026/05/30,2835,1500,10,3000
818,2026/03/03,1749,6110,6,1200
819,30-03-2026,1625,6070,1,800
820,2026/01/01,2569,9880,1,800
821,09/02/2026,2326,4400,,80
822,2026-04-10,1983,2470,5,1200
823,2026-01-12,1404,1480,2,500
824,2026-05-24,2508,9210,3,1200
825,06/01/2026,897,4910,10,150
826,2026-04-12,1335,4710,8,150
827,03/01/2026,2867,1890,3,800
828,19/03/2026,231,2810,3,R$ 800
829,2026-03-26,1732,6150,9,1200
830,2026/03/14,2496,9510,,150
831,2026/05/25,162,1670,6,"3000,00"
832,2026-02-24,692,6360,10,800
833,2026/02/26,1420,6560,3,2500
834,2026-03-13,673,6200,3,80
835,26/01/2026,743,6150,3,35
836,15/04/2026,825,9270,4,150
837,08/04/2026,2045,8800,1,2500
838,2026/02/02,236,9950,4,150
839,19/03/2026,1568,80,1,R$ 2500
840,2026-05-30,2462,2460,4,1200
841,06/05/2026,448,6190,1,35
842,29/05/2026,1863,1020,3,1200
843,2026-06-23,2117,660,6,1200
844,2026-03-21,1942,5940,3,
845,2026/03/30,990,1400,2,2500
846,30/04/2026,2290,7870,6,2500
847,2026/03/15,1919,140,2,800
848,2026-04-01,2617,7170,2,3000
849,20-04-2026,3015,4390,6,150
850,15-06-2026,1813,690,10,150
851,29/06/2026,2053,5610,-1,35
852,2026-03-04,567,4010,9,
853,2026/06/11,2692,4380,4,150
854,25/06/2026,2309,3650,2,150
855,12/06/2026,1266,6630,7,500
856,2026-01-22,724,6210,1,
857,04/03/2026,1479,7920,10,150
858,29/06/2026,949,1470,6,2500
859,2026-02-23,2061,7740,5,80
860,2026-05-22,2898,5090,10,80
861,29-03-2026,2246,1430,-1,800
862,2026/01/08,1547,1680,7,800
863,24-04-2026,1003,8930,2,150
864,2026-03-13,1515,2260,4,3000
865,04/04/2026,1387,9530,10,3000
866,08/03/2026,2195,3010,3,150
867,2026-05-28,1606,8510,5,2500
868,2026-03-22,1793,5930,10,2500
869,17-05-2026,550,1470,1,2500
870,25-04-2026,3013,5050,4,1200
871,2026-06-07,983,2640,5,"150,00"
872,2026-05-28,1891,8900,6,35
873,2026-02-20,2122,4730,1,800
874,2026/05/07,2000,8790,6,80
875,16/03/2026,313,4700,,500
876,2026-05-16,1299,4640,3,500
877,2026/06/15,740,7110,-5,800
878,12/04/2026,3090,4560,,500
879,26/02/2026,2231,4370,2,80
880,2026-02-08,301,9130,9,800
881,2026-03-10,1137,7920,9,500
882,2026-02-24,1949,6920,1,150
883,26/06/2026,1761,5110,2,500
884,27/03/2026,1138,6220,7,
885,05-04-2026,1247,5820,1,80
886,2026-02-07,1614,7820,10,500
887,17-06-2026,104,800,6,800
888,2026-05-02,2274,7330,1,35
889,2026/05/15,2464,6550,1,800
890,2026-01-18,352,2790,6,2500
891,2026-05-11,2915,2190,4,80
892,2026-06-15,1371,4700,9,35
893,09/06/2026,523,9450,6,2500
894,29/01/2026,1947,5630,2,35
895,2026/04/29,2792,1060,10,500
896,2026-01-27,538,3750,7,2500
897,13-05-2026,563,880,8,2500
898,2026/05/29,2236,2070,3,"2500,00"
899,2026/01/11,216,3410,9,500
900,2026-03-07,2309,690,7,1200
901,08/02/2026,1112,3740,4,150
902,2026-04-10,682,970,8,1200
903,18/01/2026,2310,8340,7,2500
904,04-06-2026,118,8350,4,35
905,2026-05-12,746,9230,3,3000
906,21/04/2026,2752,2280,2,1200
907,2026-01-16,616,8960,5,R$ 2500
908,2026-03-03,2330,4790,1,3000
909,03/01/2026,1017,5690,3,3000
910,01/05/2026,575,1240,9,800
911,02/02/2026,2070,6690,7,
912,2026-06-04,1913,9300,2,35
913,2026-03-13,1310,6920,4,35
914,18/06/2026,2934,6790,8,80
915,20-04-2026,2877,5940,8,80
916,2026-06-06,1734,4130,7,"800,00"
917,2026/06/06,1647,5370,4,800
918,2026-01-05,3023,3760,5,150
919,08/04/2026,1594,2010,10,500
920,2026-02-16,462,5940,5,500
921,2026-06-30,188,3710,8,500
922,2026-01-30,2724,6010,6,35
923,2026-01-25,1726,7260,3,
924,2026-05-10,1744,3580,4,800
925,28/03/2026,2379,9410,4,1200
926,2026/05/09,1568,5040,10,R$ 150
927,2026-05-27,2436,940,7,500
928,10-05-2026,2696,3970,4,
929,2026-02-23,2127,7100,7,2500
930,2026-05-13,1710,5520,10,150
931,08/05/2026,1289,30,-1,
932,11/04/2026,454,3120,7,35
933,2026-05-31,1485,2870,3,3000
934,13-04-2026,932,7480,-2,500
935,2026/04/18,990,3910,4,R$ 35
936,2026-01-15,255,6040,-5,"500,00"
937,24/04/2026,3079,40,5,35
938,14-06-2026,1045,3440,5,80
939,2026/06/03,2660,7000,-2,35
940,2026-06-30,1917,4280,4,2500
941,17-05-2026,202,5250,2,150
942,22/06/2026,2230,690,10,800
943,28-06-2026,1976,8680,,1200
944,2026-02-26,462,380,9,500
945,2026-03-04,2611,4440,4,3000
946,16-03-2026,488,5720,2,800
947,19/04/2026,2044,4180,6,35
948,2026-01-27,2090,4380,2,3000
949,02/02/2026,2323,8300,7,500
950,15-05-2026,2832,3670,,2500
951,2026-06-13,1745,1770,3,2500
952,24/04/2026,2931,5280,,500
953,2026-04-12,1719,8370,3,35
954,29/05/2026,1403,5800,3,1200
955,03/05/2026,724,4450,10,3000
956,07/01/2026,870,9350,9,35
957,19-01-2026,1292,1280,2,2500
958,22/05/2026,2442,720,3,1200
959,2026/03/31,2289,5460,2,800
960,2026-01-11,2769,3700,1,150
961,2026/06/02,842,5360,9,3000
962,29-04-2026,2666,2390,3,
963,2026/01/27,715,3490,2,2500
964,10/01/2026,801,5860,1,2500
965,2026-06-03,843,1660,4,2500
966,31/01/2026,165,3940,1,35
967,08/05/2026,182,9630,5,150
968,2026/06/16,669,2660,10,3000
969,01-05-2026,2702,2960,6,3000
970,2026-06-26,2730,7810,7,1200
971,2026/06/23,2132,2620,-4,3000
972,03/04/2026,1137,9630,5,1200
973,2026-03-13,1858,9180,9,2500
974,2026-05-12,1197,5190,5,500
975,01/04/2026,1858,6460,7,3000
976,2026/04/11,2221,3210,1,3000
977,15/05/2026,2181,9230,4,150
978,2026-06-16,2599,5750,5,800
979,21-04-2026,2929,3460,1,
980,2026-03-20,345,3700,1,150
981,13/04/2026,134,530,5,150
982,2026/06/04,2424,470,8,500
983,06-05-2026,2518,3230,6,35
984,2026-01-08,665,3440,6,80
985,2026-06-23,2956,6520,,
986,17-02-2026,486,3200,4,80
987,29/04/2026,2901,7040,4,500
988,08-06-2026,1455,1930,2,80
989,2026-06-18,220,2820,3,2500
990,2026/04/28,711,5650,7,150
991,2026-03-30,310,5370,4,500
992,2026-06-23,1299,3510,5,2500
993,2026/06/04,2664,830,6,"80,00"
994,20-06-2026,1347,3530,6,500
995,2026-06-28,1812,1390,9,80
996,2026-02-21,1125,3950,3,80
997,2026-05-02,1834,7370,3,2500
998,2026-01-26,1838,300,9,80
999,2026-06-17,755,150,1,2500
1000,22/01/2026,1868,2470,,500
1001,2026-06-03,403,4470,1,800
1002,2026/03/26,2518,5530,3,2500
1003,2026/06/23,810,9760,5,500
1004,16-05-2026,2274,9810,-5,1200
1005,24/01/2026,2764,1560,-3,500
1006,2026-04-04,2884,1490,4,80
1007,03/02/2026,1620,4530,3,R$ 80
1008,2026-03-26,200,7670,5,500
1009,14-05-2026,932,6630,7,1200
1010,22-01-2026,2909,6690,10,3000
1011,23/06/2026,1414,170,10,80
1012,30/04/2026,1697,9250,6,80
1013,24-02-2026,2186,1150,3,80
1014,09/05/2026,2634,1600,10,500
1015,2026/01/20,1914,2240,7,R$ 3000
1016,2026-01-07,2414,5270,8,35
1017,2026-03-16,2537,7590,2,1200
1018,2026-01-15,1402,530,,
1019,2026-06-15,2233,2500,9,35
1020,21/03/2026,327,1750,9,2500
1021,2026-04-12,2757,7980,-1,500
1022,25/06/2026,2883,3570,2,150
1023,19/04/2026,495,460,4,150
1024,2026-01-19,1385,1030,5,"2500,00"
1025,2026-05-20,710,30,9,150
1026,2026-03-02,2354,7580,2,2500
1027,2026-06-13,1802,8620,,80
1028,29/06/2026,1106,7560,1,3000
1029,2026/06/01,2755,4980,3,"35,00"
1030,2026-04-01,1153,7160,1,3000
1031,2026-04-27,1089,2760,1,R$ 1200
1032,25/02/2026,2268,3810,2,80
1033,2026-06-14,1164,9580,10,3000
1034,2026-04-12,1696,8430,3,3000
1035,2026-01-21,1928,7520,2,2500
1036,2026-04-19,1552,4110,7,2500
1037,23/04/2026,204,3820,4,R$ 3000
1038,2026/05/20,2250,4900,1,150
1039,25/02/2026,3039,7800,7,80
1040,11-04-2026,821,5070,4,35
1041,2026-06-24,1973,4270,5,150
1042,2026-01-27,1311,5240,10,2500
1043,2026-04-18,1803,2690,5,2500
1044,18-05-2026,1688,6080,8,35
1045,22/05/2026,1048,40,,500
1046,04-06-2026,1034,4120,2,1200
1047,2026/02/16,694,7990,10,80
1048,12/02/2026,337,3930,4,"800,00"
1049,2026-03-09,2909,1490,2,3000
1050,2026-05-12,2066,1280,1,80
1051,25/04/2026,1741,6680,-4,1200
1052,15/05/2026,3079,5340,10,3000
1053,29/05/2026,2658,6150,-2,R$ 150
1054,2026-02-01,2338,8750,6,2500
1055,25/01/2026,2290,6790,1,"2500,00"
1056,24/02/2026,2905,8750,6,2500
1057,25-01-2026,920,8490,10,3000
1058,2026/04/04,1938,8380,7,80
1059,20/03/2026,993,5000,9,R$ 80
1060,24/02/2026,2926,7280,10,35
1061,12/02/2026,567,7820,1,"3000,00"
1062,2026-05-07,2899,7130,7,500
1063,2026-06-26,594,8220,2,3000
1064,2026-05-15,2470,380,1,800
1065,2026-01-15,2855,1680,5,1200
1066,27/03/2026,1500,7120,4,80
1067,13-03-2026,993,6190,3,1200
1068,2026-03-29,1216,720,3,1200
1069,18/01/2026,1141,8530,7,150
1070,2026/01/28,847,7240,1,80
1071,2026-04-12,2551,2680,2,500
1072,2026-05-23,1058,970,4,35
1073,03-01-2026,2027,6130,6,35
1074,20/04/2026,1353,3720,10,3000
1075,13-03-2026,232,5760,10,150
1076,28/04/2026,871,3370,2,2500
1077,2026-01-17,945,2210,8,500
1078,2026-04-26,2937,1400,4,800
1079,30-06-2026,1352,1360,3,R$ 800
1080,07/06/2026,3057,2360,1,2500
1081,2026-03-04,1062,4450,1,80
1082,26/01/2026,1370,2980,5,800
1083,2026-06-21,2940,2870,6,35
1084,2026-03-20,1538,7190,2,80
1085,2026-05-12,367,3450,5,35
1086,2026-05-28,1366,5070,10,80
1087,2026-04-30,1375,8510,5,1200
1088,25/06/2026,329,5210,3,2500
1089,20-06-2026,390,280,6,2500
1090,2026-03-10,2468,6080,1,150
1091,2026/04/08,1873,5980,7,150
1092,2026-05-26,1050,5510,10,R$ 800
1093,17/01/2026,2320,8020,10,35
1094,2026/03/01,1352,1300,3,
1095,19/04/2026,2199,7630,7,500
1096,18/03/2026,2307,6200,4,800
1097,2026-04-05,2258,3910,10,800
1098,2026-05-10,1583,8320,5,500
1099,2026-02-15,2641,9680,6,
1100,2026-03-10,189,5920,3,1200
1101,2026/05/03,134,2550,10,2500
1102,2026-02-23,494,8600,7,"1200,00"
1103,2026-04-28,2351,5360,1,1200
1104,21/05/2026,1966,2180,5,2500
1105,13-05-2026,1861,4610,10,800
1106,2026/04/15,1975,7180,1,2500
1107,2026/01/22,2645,4510,2,35
1108,2026/02/25,1168,8160,8,80
1109,2026/05/03,1816,4430,1,"1200,00"
1110,2026-05-10,182,7030,8,800
1111,2026-06-24,1264,7110,6,2500
1112,2026-03-25,1240,3320,1,1200
1113,15-04-2026,2462,8100,8,1200
1114,2026/02/04,1183,9230,9,"2500,00"
1115,29/06/2026,788,9220,8,80
1116,2026/01/09,1454,580,4,1200
1117,2026-05-06,807,7740,5,80
1118,05/03/2026,1278,5870,7,35
1119,2026-02-20,1537,2270,,
1120,21-01-2026,679,4500,7,R$ 1200
1121,06/06/2026,107,7780,9,1200
1122,06/05/2026,2248,3860,1,500
1123,2026-04-17,896,7660,5,800
1124,24/02/2026,1158,4130,10,2500
1125,2026-03-04,2301,740,3,500
1126,23/04/2026,464,4890,1,3000
1127,01-02-2026,1335,2870,8,3000
1128,14/02/2026,657,3980,7,3000
1129,2026-06-28,2616,9240,10,3000
1130,2026/03/09,1634,6280,5,500
1131,2026/05/09,667,6020,4,3000
1132,06-03-2026,213,9860,4,3000
1133,18/04/2026,1253,260,3,35
1134,2026-05-03,1553,830,8,1200
1135,2026-01-23,2030,7850,4,35
1136,2026/01/15,2736,7350,-3,35
1137,2026-04-06,3074,5190,5,800
1138,15-05-2026,1467,6710,6,500
1139,16-02-2026,2873,1340,7,35
1140,2026/06/21,251,2670,10,"80,00"
1141,2026/03/04,2496,7720,7,"80,00"
1142,2026/06/26,2156,5820,7,1200
1143,23/01/2026,2897,9090,4,3000
1144,2026-03-12,414,3200,8,3000
1145,24/01/2026,2754,4190,1,800
1146,2026-05-30,2850,6670,7,150
1147,2026/01/05,3017,1370,6,
1148,14/06/2026,1232,7360,4,
1149,16/02/2026,862,5090,5,35
1150,04/05/2026,2653,5480,3,80
1151,2026-04-01,462,5450,1,800
1152,26-04-2026,974,5660,2,800
1153,2026-05-09,1170,4670,5,
1154,25/03/2026,1256,1060,,150
1155,2026/02/27,2070,6610,6,80
1156,24/06/2026,1765,4240,8,3000
1157,2026-02-22,934,9410,9,
1158,01/04/2026,902,2740,7,1200
1159,2026-01-21,2648,9590,9,1200
1160,2026-06-27,2355,6170,10,35
1161,2026-05-14,2875,8130,3,2500
1162,2026/05/13,554,3860,10,150
1163,22-02-2026,498,6020,9,80
1164,2026/01/11,904,9840,5,2500
1165,2026/02/02,809,3200,2,1200
1166,03-03-2026,314,8610,2,"150,00"
1167,2026-03-22,892,3030,2,800
1168,2026-01-23,444,3410,6,1200
1169,14-01-2026,1414,2290,-1,800
1170,2026-04-26,461,6880,1,2500
1171,2026-05-21,1382,3280,7,500
1172,2026-03-20,1344,1230,3,80
1173,07-06-2026,2550,2740,1,2500
1174,22-01-2026,522,240,2,2500
1175,08/04/2026,483,180,-5,150
1176,2026-03-06,606,4150,7,150
1177,22/01/2026,2145,3650,7,150
1178,2026/04/08,2429,7980,3,35
1179,2026-06-11,2447,8190,2,
1180,2026-05-26,2812,8190,6,3000
1181,03/02/2026,1968,510,3,"150,00"
1182,15/06/2026,1195,5730,8,150
1183,18/02/2026,601,1490,2,800
1184,2026-01-12,2197,9060,1,150
1185,2026-05-13,1657,450,1,150
1186,2026-02-16,1815,8020,5,3000
1187,13/04/2026,2587,9900,10,35
1188,22/01/2026,3085,5990,7,2500
1189,2026-03-08,485,9230,6,2500
1190,26/02/2026,2116,5440,9,3000
1191,2026-04-08,2956,9340,10,"500,00"
1192,10/04/2026,315,4270,3,35
1193,2026/01/26,893,5700,5,3000
1194,12/03/2026,1932,9250,10,35
1195,2026-01-05,597,7790,5,1200
1196,2026-05-24,3042,5840,2,80
1197,2026/05/25,1582,2390,3,500
1198,24-01-2026,1775,4860,1,1200
1199,02/02/2026,1714,5060,,800
1200,2026-05-13,2668,5420,7,1200
1201,2026-06-19,784,3770,9,150
1202,10/02/2026,775,7350,1,80
1203,2026-02-09,959,430,9,1200
1204,18/03/2026,1831,4970,8,35
1205,2026-04-13,2360,2250,5,800
1206,28/05/2026,701,820,4,80
1207,24-03-2026,2901,8070,10,150
1208,29/06/2026,1225,5510,5,80
1209,2026/01/17,1293,9950,3,2500
1210,2026/01/31,2771,1210,10,3000
1211,2026-03-27,2612,4170,6,80
1212,2026-06-14,558,6270,9,2500
1213,03-01-2026,305,5800,6,"150,00"
1214,2026-01-29,886,8580,-3,3000
1215,2026-02-09,1251,1490,5,500
1216,19/06/2026,2065,3910,1,800
1217,2026-06-27,440,8240,9,35
1218,2026-02-22,1329,5670,,1200
1219,2026/04/23,1635,8140,7,2500
1220,2026-05-05,1517,3350,7,35
1221,2026-05-30,1710,420,7,3000
1222,14/04/2026,665,5080,6,500
1223,28-06-2026,1325,6400,2,150
1224,2026-03-31,2667,9480,9,1200
1225,13-02-2026,1564,9940,4,500
1226,22/06/2026,1494,8960,3,80
1227,2026-04-09,1165,2230,6,2500
1228,2026-05-12,1720,30,10,35
1229,2026-03-29,2405,7140,2,80
1230,2026-04-06,728,5870,5,R$ 800
1231,20/03/2026,777,3480,2,2500
1232,08/06/2026,2230,7780,4,1200
1233,2026-05-02,1923,4450,6,35
1234,2026-04-03,3071,6280,4,800
1235,21/04/2026,2793,5050,7,150
1236,2026/01/01,1189,7870,1,3000
1237,2026-06-27,562,3550,10,3000
1238,14/01/2026,550,1270,5,3000
1239,2026/02/28,2618,9850,2,800
1240,2026-05-04,1544,9660,9,1200
1241,2026-01-27,1208,6640,8,R$ 800
1242,2026-05-17,2758,3840,10,1200
1243,07/02/2026,1628,3580,10,1200
1244,2026-06-03,2099,3710,2,2500
1245,2026/02/09,2275,7920,2,500
1246,2026-03-03,2784,8060,5,
1247,05/01/2026,1131,4110,8,80
1248,07/05/2026,2104,7380,4,800
1249,2026/03/31,2443,3490,9,500
1250,2026-03-14,1749,380,1,500
1251,2026-04-10,419,4720,1,35
1252,2026/04/23,1670,4720,5,35
1253,2026/04/21,830,9670,6,80
1254,2026-06-30,1596,5930,4,2500
1255,2026-06-23,911,8100,4,1200
1256,2026/04/02,2535,4180,-1,3000
1257,17/05/2026,1207,7980,4,500
1258,2026/01/28,2608,80,4,35
1259,2026-03-21,2702,3180,4,2500
1260,22-06-2026,1385,4920,10,2500
1261,17-01-2026,1198,5330,4,35
1262,27/04/2026,1036,8240,7,1200
1263,2026-02-09,204,5260,6,150
1264,2026-06-21,3088,4830,5,80
1265,10-05-2026,2243,4000,10,R$ 80
1266,02/02/2026,904,8160,2,800
1267,2026-02-12,752,8250,2,3000
1268,20/05/2026,702,8640,10,800
1269,23/03/2026,1182,6450,7,1200
1270,2026-02-16,1399,2870,2,80
1271,26/06/2026,2952,3510,7,3000
1272,05/01/2026,692,600,9,80
1273,2026-02-25,3059,4400,2,800
1274,2026-01-21,2848,1380,2,800
1275,2026-03-04,1426,2740,2,80
1276,13/02/2026,1695,120,9,3000
1277,12-04-2026,2020,9300,10,35
1278,19/06/2026,1884,1120,4,3000
1279,2026-06-04,2080,4320,2,2500
1280,25/01/2026,272,2890,9,2500
1281,2026-06-18,2153,4000,4,35
1282,2026-06-21,1319,6710,7,800
1283,2026-04-30,2512,6280,1,1200
1284,2026/06/25,2596,6990,,800
1285,2026-05-26,2413,7370,8,35
1286,2026-02-03,2812,1180,10,3000
1287,01/02/2026,1631,5730,4,2500
1288,06/02/2026,2003,9780,,800
1289,27-03-2026,375,6130,7,150
1290,29-03-2026,1745,8150,,R$ 150
1291,2026/05/27,203,5640,8,1200
1292,2026-05-12,2572,2380,6,500
1293,2026-03-18,2646,6550,7,1200
1294,25-03-2026,2067,3190,5,2500
1295,2026/06/26,601,270,2,"800,00"
1296,2026-01-23,2325,2510,10,1200
1297,12/06/2026,2076,5800,4,1200
1298,04/06/2026,2119,9520,8,35
1299,2026-03-30,1951,9300,-5,"800,00"
1300,06-03-2026,2962,3920,,80
1301,06/03/2026,1050,7800,9,1200
1302,2026-04-25,1161,1190,8,2500
1303,2026-06-20,349,100,4,800
1304,2026/06/17,2505,8190,4,80
1305,2026/05/01,283,2340,5,2500
1306,2026-04-26,2148,9180,6,80
1307,19/03/2026,2285,8800,-3,3000
1308,2026/02/25,2318,950,7,35
1309,2026-03-16,311,4660,10,1200
1310,2026/03/18,1794,8520,2,35
1311,28/05/2026,1357,9030,5,1200
1312,2026-04-29,2416,8100,3,2500
1313,2026-02-23,1484,2750,1,500
1314,05/06/2026,2907,3900,6,
1315,2026-04-22,2518,7470,7,80
1316,03-02-2026,2345,4880,-4,3000
1317,23/04/2026,2019,420,4,2500
1318,27/02/2026,2514,1890,8,80
1319,2026-01-22,1894,7780,6,80
1320,2026-06-02,868,6770,7,150
1321,2026-02-11,2904,9650,1,150
1322,31-05-2026,1134,2870,7,35
1323,07/04/2026,1160,7250,1,2500
1324,2026-06-17,1497,4490,7,1200
1325,2026-06-03,660,5180,8,"35,00"
1326,08-04-2026,1186,2600,9,1200
1327,2026/05/03,1496,2520,10,35
1328,2026-04-03,1374,9270,1,1200
1329,2026-04-24,1340,9940,6,35
1330,19/04/2026,2712,9840,7,35
1331,2026-01-11,2518,9740,2,500
1332,2026-05-04,482,6370,6,2500
1333,23-02-2026,2463,6780,8,3000
1334,13/05/2026,2966,790,3,800
1335,2026-04-15,564,4860,10,2500
1336,2026-01-30,1061,2000,9,35
1337,2026-01-05,2974,430,8,800
1338,2026-01-21,187,1510,1,80
1339,2026-05-06,1602,9700,7,800
1340,2026-06-08,2952,700,-3,2500
1341,2026-04-30,174,7990,3,2500
1342,2026-05-27,1230,1750,4,"2500,00"
1343,17-05-2026,1500,3000,4,
1344,06/04/2026,2122,1460,9,500
1345,2026-06-14,301,8150,5,1200
1346,2026-06-02,652,4110,5,1200
1347,26/01/2026,1986,80,1,80
1348,08/05/2026,2080,6860,10,150
1349,2026-05-27,589,8690,9,1200
1350,2026/02/28,2415,4610,5,500
1351,2026-05-30,762,6080,6,1200
1352,2026-02-01,965,8220,8,80
1353,12-02-2026,2012,3430,8,800
1354,29-01-2026,1369,9370,9,3000
1355,2026-05-30,1679,1340,2,500
1356,2026-02-15,2456,9760,8,3000
1357,2026-06-15,1989,4920,5,800
1358,2026-03-20,1504,8810,8,3000
1359,2026-04-07,552,3460,5,500
1360,23/06/2026,742,6290,1,500
1361,17/05/2026,2725,3040,8,2500
1362,2026-06-10,305,5820,10,80
1363,01/04/2026,2058,4260,3,2500
1364,2026/06/27,616,3750,3,35
1365,2026-06-03,2539,7790,5,35
1366,2026-06-23,2012,2480,2,3000
1367,2026-02-16,370,2650,6,2500
1368,04-01-2026,2698,680,3,500
1369,26/03/2026,1218,4600,3,150
1370,2026-06-13,2752,7810,7,2500
1371,2026/05/04,438,3620,10,35
1372,2026-02-12,770,7600,4,2500
1373,2026/01/11,687,6200,10,35
1374,2026-06-12,1332,8630,2,800
1375,26/04/2026,1122,8630,6,1200
1376,2026/01/14,1264,1810,2,2500
1377,2026-06-03,2990,7680,7,3000
1378,10-03-2026,1021,6370,4,2500
1379,2026-03-12,969,7580,10,150
1380,2026-06-26,2203,4810,4,1200
1381,2026/03/05,2193,1010,4,35
1382,2026-03-01,1119,6450,4,35
1383,2026-02-28,516,8660,5,3000
1384,06/01/2026,2307,3840,8,"150,00"
1385,2026-02-28,1428,9380,1,150
1386,2026-02-03,217,5000,6,1200
1387,2026-05-08,2508,9790,1,800
1388,2026/06/15,2866,3070,7,"800,00"
1389,01/06/2026,1621,8330,2,150
1390,2026/05/11,246,9640,9,80
1391,2026/03/05,1515,9260,,500
1392,21/03/2026,1141,9540,2,R$ 3000
1393,27/06/2026,1387,3670,2,2500
1394,2026-03-01,2210,6470,5,2500
1395,2026-04-21,1782,1380,2,1200
1396,2026-04-21,639,100,1,3000
1397,2026-01-19,1285,1580,-5,2500
1398,02/04/2026,1821,6100,2,800
1399,25/02/2026,1831,250,9,35
1400,2026-06-01,281,810,7,80
1401,25/02/2026,2089,8520,9,80
1402,2026-02-23,1701,6730,4,80
1403,11/05/2026,2295,7520,9,1200
1404,2026-06-02,1536,6430,-5,2500
1405,2026/04/13,2297,7770,8,150
1406,04/01/2026,740,7320,1,80
1407,2026-03-16,2690,1980,6,2500
1408,30/04/2026,3079,7420,1,"500,00"
1409,13/04/2026,2232,7790,10,R$ 1200
1410,2026-03-07,1264,6230,7,3000
1411,2026-03-08,1180,5780,-4,2500
1412,2026-04-17,381,8900,8,R$ 80
1413,2026-03-19,287,3600,6,2500
1414,2026-03-19,467,5160,-4,500
1415,2026-02-07,233,1380,6,2500
1416,2026-02-24,2024,7210,4,35
1417,2026-01-26,2917,5710,10,150
1418,2026-01-28,2343,4930,1,80
1419,2026-06-20,1636,9790,6,
1420,15-01-2026,1312,6050,9,35
1421,31-05-2026,956,5820,7,3000
1422,11/05/2026,1370,3870,4,35
1423,2026-03-14,1001,7910,1,35
1424,2026-03-16,745,6300,4,35
1425,2026-03-13,2428,5800,7,1200
1426,2026/04/16,726,5250,4,R$ 1200
1427,2026/06/05,743,1490,8,1200
1428,2026-01-15,622,2560,-2,"800,00"
1429,2026/04/08,1950,8740,2,150
1430,2026-06-18,2410,7550,-3,80
1431,2026-06-11,2177,9040,6,80
1432,2026-04-21,2322,8210,3,500
1433,05/05/2026,1304,7900,10,35
1434,2026/04/08,1806,850,8,2500
1435,2026/05/22,1255,3110,1,150
1436,08/03/2026,712,2580,7,500
1437,04-03-2026,1062,4740,6,35
1438,2026/01/19,551,9360,3,2500
1439,11/06/2026,599,9430,2,500
1440,2026-04-15,450,260,2,80
1441,2026/05/29,2622,1290,7,150
1442,2026-05-05,2362,6860,5,80
1443,2026-02-26,1251,960,2,R$ 80
1444,24/05/2026,1379,100,6,80
1445,2026-03-01,2706,1190,10,35
1446,2026-04-26,1580,4250,,800
1447,09/04/2026,1313,6770,8,"500,00"
1448,2026-02-20,1549,7820,5,1200
1449,09/02/2026,2810,4840,1,3000
1450,2026-01-07,1943,2720,10,
1451,2026-02-28,537,7260,10,R$ 800
1452,2026-06-11,1331,730,,
1453,2026-02-12,1947,3600,2,35
1454,2026-04-12,2908,8570,-1,2500
1455,2026-03-17,488,1700,7,35
1456,2026-03-15,1251,4520,9,2500
1457,18-03-2026,1651,7940,10,800
1458,2026-05-13,150,9200,7,
1459,14-01-2026,1968,8180,2,3000
1460,26/02/2026,1383,5880,10,500
1461,2026-01-10,523,1140,2,R$ 3000
1462,2026/06/30,314,380,1,150
1463,2026-03-10,453,9680,6,1200
1464,2026-04-19,1032,2380,9,800
1465,15-04-2026,1503,3840,4,80
1466,2026-06-24,965,7450,4,35
1467,2026-01-15,2946,8170,3,2500
1468,2026-03-31,1681,7350,10,3000
1469,2026-04-27,1962,2220,5,2500
1470,2026-02-09,2129,7350,4,1200
1471,07-04-2026,2809,2500,3,3000
1472,10/04/2026,2819,950,2,500
1473,2026/02/21,2073,9400,8,35
1474,2026-04-04,2726,1040,4,1200
1475,2026-02-02,3038,1250,6,35
1476,31/05/2026,870,9570,5,2500
1477,2026/02/23,2292,7110,1,80
1478,19-06-2026,2746,3360,1,500
1479,2026-03-02,642,4870,2,2500
1480,30-05-2026,1584,3300,1,
1481,2026-02-14,320,80,-1,80
1482,2026-01-15,1439,4350,2,3000
1483,2026/03/08,2654,6420,3,80
1484,2026-01-01,2378,5250,4,800
1485,2026/04/07,2658,530,9,2500
1486,20/02/2026,994,760,5,80
1487,30-04-2026,1104,6440,6,1200
1488,18/01/2026,618,740,9,150
1489,2026-01-06,435,5390,7,800
1490,2026-04-09,2680,6430,4,35
1491,2026-04-16,577,7070,10,500
1492,2026-02-18,2663,6250,7,3000
1493,2026/01/04,704,2310,2,500
1494,2026-03-29,2286,1530,7,3000
1495,2026-02-14,2568,2470,5,1200
1496,12-02-2026,1383,1900,7,800
1497,25/06/2026,1118,8210,7,2500
1498,2026-01-30,1012,2270,-3,35
1499,2026-05-14,2402,5120,6,1200
1500,02/06/2026,2944,580,7,150
1501,16/05/2026,2598,540,6,80
1502,2026/01/05,1192,9780,4,3000
1503,2026-04-16,3068,9900,1,500
1504,24/03/2026,397,5490,3,1200
1505,08/06/2026,2106,4800,8,500
1506,02-04-2026,2472,3240,2,150
1507,2026-04-26,450,760,4,2500
1508,2026-04-27,3011,5410,6,2500
1509,29-04-2026,527,1060,9,800
1510,2026-02-11,226,8160,,35
1511,2026-03-05,2182,7170,3,800
1512,2026-05-24,2011,2290,3,"80,00"
1513,01/05/2026,2237,5380,3,3000
1514,20-04-2026,1291,5580,3,35
1515,2026-01-02,1940,8660,,800
1516,2026-05-01,2859,720,3,3000
1517,2026/04/21,958,6450,2,150
1518,2026-03-25,475,7010,1,1200
1519,09/01/2026,2634,3110,5,150
1520,2026-02-14,296,140,1,3000
1521,2026-03-03,729,7640,4,35
1522,18/02/2026,2897,1460,5,500
1523,2026/03/26,2453,1180,10,150
1524,2026-05-24,2583,1150,7,500
1525,20/04/2026,2387,4830,5,35
1526,2026-01-01,1241,9320,1,R$ 2500
1527,2026-04-11,2002,50,-5,800
1528,26/03/2026,509,3380,2,3000
1529,06/02/2026,1792,8510,9,35
1530,2026-03-17,1570,70,1,2500
1531,2026-06-30,3094,7370,2,1200
1532,2026-03-26,2960,2510,3,35
1533,2026-05-21,1968,6640,5,500
1534,2026/03/11,2965,8720,8,2500
1535,2026/03/29,2871,2040,1,R$ 80
1536,2026/03/26,1430,3280,7,150
1537,30/06/2026,2305,1820,4,80
1538,12/03/2026,177,9930,5,1200
1539,17-05-2026,2179,80,10,R$ 3000
1540,2026-05-20,1368,8470,3,500
1541,2026-06-29,2935,7870,6,"150,00"
1542,01/04/2026,1915,3290,10,R$ 80
1543,2026/02/18,2527,8170,1,800
1544,2026-04-30,685,4530,6,R$ 80
1545,2026-04-10,2435,9140,9,3000
1546,2026/01/10,547,9000,3,R$ 150
1547,2026-02-22,3006,5350,7,
1548,2026-05-12,1979,4440,2,150
1549,12/06/2026,2215,6010,4,35
1550,2026-05-07,534,7590,4,3000
1551,2026-06-02,531,6490,6,2500
1552,2026-02-26,2873,4980,9,1200
1553,07/02/2026,2733,9870,10,2500
1554,27/01/2026,1158,7950,10,3000
1555,2026-03-04,2429,90,8,500
1556,14/03/2026,2606,8710,5,800
1557,25-06-2026,2802,2590,5,R$ 800
1558,12/01/2026,2482,9280,7,150
1559,2026-03-29,1052,3050,6,80
1560,08-01-2026,1162,2560,9,500
1561,2026-05-13,2667,6530,10,35
1562,2026/06/05,2445,9900,9,1200
1563,27-02-2026,2136,3380,9,80
1564,2026-05-15,994,3140,8,"500,00"
1565,24/04/2026,501,8260,8,3000
1566,25-01-2026,2911,6530,6,35
1567,01/01/2026,2290,2240,3,150
1568,2026-05-09,156,2420,7,1200
1569,2026-05-22,278,7460,2,150
1570,2026/06/24,1391,2010,4,1200
1571,2026/03/26,1267,6390,5,35
1572,2026-02-02,2075,4990,7,1200
1573,2026-05-30,1563,3220,8,35
1574,2026-02-08,1784,1170,2,500
1575,2026-03-21,1577,5780,8,R$ 2500
1576,2026-02-10,2409,2560,10,80
1577,07/02/2026,3100,7740,7,
1578,2026-04-14,731,1730,9,500
1579,2026-06-11,1682,3040,9,1200
1580,02-01-2026,1620,3790,6,"1200,00"
1581,2026-04-15,1464,4390,,3000
1582,18/05/2026,2854,3200,4,500
1583,2026-05-05,886,5910,1,800
1584,2026-04-16,2229,1830,4,2500
1585,19-06-2026,683,9710,10,35
1586,2026-06-25,355,5780,6,35
1587,2026/04/28,253,4430,8,35
1588,18-01-2026,2878,1110,1,500
1589,2026-02-23,2606,340,10,3000
1590,2026-01-30,3083,760,4,500
1591,01/03/2026,2702,8760,10,150
1592,2026/04/07,2597,1510,6,
1593,2026-01-22,1812,440,9,150
1594,2026-05-11,1998,4560,3,3000
1595,2026-03-22,2393,3320,9,3000
1596,21-05-2026,355,4100,3,35
1597,2026-02-12,2464,5670,-3,800
1598,2026-04-18,2475,3320,5,3000
1599,2026-05-26,2937,8420,,2500
1600,2026-03-09,2946,6430,6,150
1601,25/02/2026,2008,7120,8,
1602,2026/01/01,2964,6210,6,3000
1603,14-01-2026,454,1460,9,3000
1604,09/02/2026,736,4090,10,150
1605,07-02-2026,2915,7370,7,R$ 800
1606,2026-01-07,903,8870,9,"2500,00"
1607,2026/04/10,1730,5560,4,80
1608,2026-06-14,1352,4840,10,1200
1609,06/02/2026,2246,1960,3,800
1610,2026-06-25,1629,6890,2,2500
1611,22/01/2026,451,6320,5,35
1612,01-01-2026,586,4830,,2500
1613,2026-01-27,262,4920,2,35
1614,2026-03-15,1027,2310,9,1200
1615,2026-06-02,2965,1560,5,R$ 2500
1616,2026-01-14,376,940,-5,"35,00"
1617,2026-05-01,535,5090,6,35
1618,2026-01-04,709,3570,10,3000
1619,2026-06-10,2897,6330,2,35
1620,14/02/2026,2028,3740,10,3000
1621,28/04/2026,2779,6800,6,500
1622,2026-04-19,1949,7670,3,1200
1623,19/06/2026,2622,7820,3,35
1624,2026-04-14,1531,7980,8,"800,00"
1625,24-06-2026,481,9230,4,500
1626,2026/06/06,1920,8090,7,3000
1627,2026/01/30,1644,7860,9,1200
1628,2026/01/23,1976,3090,1,1200
1629,2026/06/07,2215,5220,5,35
1630,24-02-2026,1483,5160,5,35
1631,2026-04-24,1455,280,10,2500
1632,2026-03-08,1098,3250,8,R$ 80
1633,2026-01-30,333,9330,6,80
1634,2026-03-06,1838,9190,9,1200
1635,2026-02-12,1563,8470,2,"500,00"
1636,18/06/2026,2945,2040,9,35
1637,11-01-2026,706,6730,5,150
1638,07/05/2026,650,90,6,800
1639,2026/02/11,2218,8910,8,80
1640,06-02-2026,1255,4820,5,800
1641,2026-04-09,815,5980,8,80
1642,21-05-2026,2895,4860,3,80
1643,21/01/2026,2145,3450,5,1200
1644,2026/06/09,842,4340,7,3000
1645,19/05/2026,2028,3390,6,800
1646,17-03-2026,1066,2850,,150
1647,29-05-2026,973,4260,1,1200
1648,2026-04-22,1959,3410,2,500
1649,05/03/2026,212,1140,5,800
1650,03/05/2026,1829,7370,6,R$ 2500
1651,18-01-2026,1778,5680,3,150
1652,03-03-2026,355,9900,8,35
1653,27/03/2026,2224,310,4,80
1654,2026/02/03,1942,6510,4,"500,00"
1655,23-04-2026,822,8280,8,80
1656,12/06/2026,1265,3060,6,2500
1657,2026/01/17,531,1340,4,35
1658,17/02/2026,2100,5530,1,2500
1659,23/03/2026,1324,3560,9,1200
1660,2026-04-07,1874,3340,5,80
1661,2026-01-08,2357,6970,6,"150,00"
1662,13-02-2026,2244,7220,7,35
1663,2026/03/22,2613,2800,10,800
1664,09-05-2026,2938,8610,5,3000
1665,2026-03-26,1094,820,3,R$ 3000
1666,2026-02-12,753,9400,,2500
1667,2026-05-14,1301,1300,8,2500
1668,2026/05/19,1485,1910,9,3000
1669,2026/01/08,713,70,8,3000
1670,2026-03-10,428,9800,7,150
1671,2026/02/28,1190,6540,6,3000
1672,2026-04-19,2764,1330,8,3000
1673,2026-01-10,1455,2190,6,3000
1674,2026/02/02,1004,7640,3,150
1675,25-04-2026,193,3200,5,35
1676,2026-02-09,1484,2980,9,500
1677,26-04-2026,1977,6650,-1,80
1678,23/05/2026,384,3690,7,800
1679,15/06/2026,2262,4010,6,2500
1680,18-03-2026,1241,5280,5,2500
1681,2026-02-28,3016,1830,2,150
1682,2026-06-04,2290,4770,8,
1683,19-04-2026,1080,6940,6,800
1684,2026-04-18,2100,4230,,1200
1685,2026-01-22,3043,490,4,35
1686,2026/03/03,2167,5110,7,150
1687,2026-03-05,2352,6400,-5,"80,00"
1688,2026-06-22,580,3750,4,3000
1689,2026-02-20,1978,220,8,3000
1690,2026-04-28,1406,9490,10,2500
1691,05/04/2026,2482,6840,6,3000
1692,29/03/2026,1620,999,6,1200
1693,03/03/2026,1685,1380,2,R$ 3000
1694,2026-05-12,1273,9200,4,1200
1695,2026-06-26,2815,9190,1,3000
1696,16/05/2026,2151,1680,2,2500
1697,25-01-2026,2600,6450,2,800
1698,06/04/2026,3011,3030,1,"500,00"
1699,2026-06-20,2684,3950,5,3000
1700,2026/05/12,2341,1450,1,500
1701,03/04/2026,1092,1770,2,150
1702,14-03-2026,1271,100,3,500
1703,2026-04-22,2738,8560,1,R$ 800
1704,2026/01/23,259,3710,3,1200
1705,23/03/2026,351,7250,,3000
1706,2026-03-06,2785,2430,6,800
1707,23/01/2026,2535,900,2,500
1708,2026-03-01,2158,7280,2,500
1709,25/06/2026,2935,1810,7,R$ 2500
1710,2026-05-07,627,1190,3,35
1711,2026-06-08,2951,7250,2,"500,00"
1712,16/03/2026,1351,5740,-5,35
1713,15/06/2026,388,5930,7,800
1714,2026-02-10,2445,1110,10,35
1715,18/01/2026,888,3290,9,R$ 500
1716,2026-02-08,1866,9030,7,"3000,00"
1717,18-03-2026,3015,9020,2,R$ 3000
1718,2026-06-17,2345,9240,10,80
1719,2026-05-03,1416,8330,2,500
1720,2026-02-10,1120,2790,5,1200
1721,2026-05-07,2227,4870,6,35
1722,07/05/2026,2981,1580,8,150
1723,2026/04/07,956,1210,4,3000
1724,2026/05/09,481,6680,1,1200
1725,2026/06/26,227,9780,10,2500
1726,2026-02-22,1735,8910,1,1200
1727,2026-03-13,2547,8840,7,2500
1728,04-03-2026,661,7850,8,
1729,2026/01/28,1404,5360,1,3000
1730,2026-01-17,299,5730,4,150
1731,2026/02/25,1764,3460,8,800
1732,28/06/2026,2256,5660,3,500
1733,2026/06/03,2467,5050,9,1200
1734,2026-06-27,1632,5640,5,1200
1735,2026-01-29,569,9160,7,35
1736,21/03/2026,777,7970,7,3000
1737,22/02/2026,2104,2010,10,500
1738,03/03/2026,234,2650,7,800
1739,2026-05-13,1825,9210,9,2500
1740,2026-03-10,1046,5030,3,35
1741,28/01/2026,1514,9120,8,3000
1742,2026-02-01,2203,3100,,R$ 80
1743,2026-03-10,426,3790,9,80
1744,2026/02/24,381,750,7,R$ 80
1745,09-04-2026,913,8990,2,150
1746,2026/01/06,1500,3480,5,2500
1747,2026-03-08,1732,5130,7,800
1748,01/03/2026,467,2740,4,800
1749,2026-06-23,2910,3230,6,1200
1750,2026-04-19,1046,80,2,2500
1751,2026-02-05,714,9800,9,2500
1752,01-05-2026,2914,1290,8,500
1753,2026-05-16,1606,6740,1,1200
1754,11/06/2026,2499,1990,10,80
1755,2026-04-03,565,720,5,35
1756,16/05/2026,2402,2790,8,"3000,00"
1757,2026-06-26,2095,9510,10,1200
1758,2026-02-01,843,6090,5,800
1759,2026-04-10,1449,3010,2,3000
1760,28-06-2026,1883,1340,3,35
1761,2026-01-29,3043,8860,8,500
1762,29/04/2026,1266,7140,10,150
1763,2026-06-22,1777,7290,4,150
1764,12/05/2026,3043,940,1,R$ 35
1765,04/01/2026,524,1290,10,800
1766,2026-03-28,407,7560,1,800
1767,2026-05-25,1255,930,5,150
1768,2026/06/13,1105,3210,3,500
1769,2026-05-04,2291,8300,6,2500
1770,27-05-2026,611,6760,3,2500
1771,2026-04-07,1970,9740,2,80
1772,2026-05-24,3086,7470,9,3000
1773,22-06-2026,2536,2850,1,3000
1774,2026-01-31,1807,1230,7,800
1775,2026-06-16,523,5970,4,35
1776,2026-04-28,1343,1770,5,3000
1777,21/06/2026,2339,8790,6,150
1778,21/06/2026,1298,5730,8,
1779,01/05/2026,596,6480,4,150
1780,2026-01-25,2762,7450,1,150
1781,14/04/2026,2499,620,7,2500
1782,07/02/2026,1577,9330,4,500
1783,15-06-2026,1982,650,7,150
1784,2026/01/01,874,7000,8,35
1785,2026/06/01,187,4580,-2,3000
1786,16/01/2026,2198,7700,7,500
1787,2026/05/08,2994,360,9,500
1788,11/03/2026,2855,7120,8,800
1789,15-04-2026,821,6310,1,3000
1790,22-06-2026,1494,4050,3,2500
1791,03/04/2026,468,7920,3,80
1792,2026-05-31,2053,5920,1,500
1793,2026/02/03,350,1910,3,2500
1794,2026-02-27,613,8660,5,1200
1795,06-04-2026,1013,2480,,35
1796,2026/04/29,1157,7950,7,500
1797,21/04/2026,701,6630,8,2500
1798,2026-04-05,1504,7260,8,"35,00"
1799,2026/04/02,960,4100,7,500
1800,2026-05-07,990,2650,9,1200
1801,2026/02/10,2229,2370,4,3000
1802,2026-02-17,2475,2130,4,500
1803,2026/06/28,318,80,10,800
1804,2026-02-23,240,2100,1,800
1805,01-03-2026,906,7000,9,500
1806,2026-04-04,438,1310,8,35
1807,2026-02-26,2527,5370,6,80
1808,18/04/2026,1680,5540,,2500
1809,2026-06-30,1339,7460,3,80
1810,20/06/2026,1012,4750,3,2500
1811,2026-03-24,696,6450,4,2500
1812,03/04/2026,1178,7440,9,500
1813,2026-05-27,2571,4680,10,3000
1814,23/06/2026,992,6940,6,35
1815,25/01/2026,1633,7760,7,1200
1816,21/01/2026,3080,310,1,2500
1817,16/06/2026,2713,6880,7,3000
1818,18/03/2026,2030,960,10,2500
1819,24/05/2026,3067,6310,1,500
1820,2026-02-17,2024,3910,2,1200
1821,2026-04-13,2874,4530,10,2500
1822,2026-06-04,1480,9390,1,500
1823,2026-03-31,1272,4250,6,"500,00"
1824,15/01/2026,990,330,-1,35
1825,30-04-2026,1658,6880,3,1200
1826,2026/06/18,940,7380,3,150
1827,2026-02-22,2169,4630,4,80
1828,2026-04-11,494,5950,10,35
1829,2026-05-13,3050,9940,8,500
1830,2026-02-09,1347,9470,9,500
1831,2026-05-12,1588,6460,2,3000
1832,2026/01/15,2625,6870,,500
1833,2026-04-17,2997,6730,9,
1834,2026/03/31,1112,7330,7,800
1835,2026/05/07,2921,9840,9,3000
1836,2026/01/15,3015,3340,10,35
1837,2026-04-10,460,5670,9,800
1838,2026-04-24,2266,9450,9,500
1839,2026-03-12,1182,3640,-4,1200
1840,2026-05-09,747,7650,3,"500,00"
1841,27/05/2026,2857,4000,10,150
1842,2026-02-26,1052,3670,7,1200
1843,2026-01-29,519,7030,1,500
1844,2026-01-17,2337,470,5,2500
1845,2026-04-08,1328,6020,4,3000
1846,2026-04-23,1863,7530,2,80
1847,2026-02-17,1485,460,4,2500
1848,31/03/2026,1775,7280,2,"35,00"
1849,2026-03-19,2235,6170,4,1200
1850,2026-05-20,3030,6780,2,500
1851,2026/03/22,207,1720,8,500
1852,2026-01-03,228,710,5,1200
1853,25-01-2026,480,9340,1,2500
1854,2026/06/17,2549,3030,10,80
1855,13/04/2026,3066,3830,-3,1200
1856,25/01/2026,2530,2280,10,2500
1857,21/01/2026,2805,5050,1,35
1858,06-06-2026,2548,8720,3,
1859,2026-06-29,1831,860,10,500
1860,2026-02-05,898,2870,3,"150,00"
1861,2026-03-09,314,9670,4,3000
1862,19-01-2026,2030,5080,9,1200
1863,2026-04-25,129,3980,2,150
1864,2026/02/03,2762,2360,7,1200
1865,2026-04-20,2860,960,2,"2500,00"
1866,2026-06-14,436,9210,3,500
1867,2026/06/07,1008,2010,-3,1200
1868,2026/05/11,2479,7380,1,2500
1869,2026-02-26,1266,8360,10,2500
1870,26/06/2026,2580,8670,1,2500
1871,2026/05/27,2343,500,6,35
1872,2026-01-23,301,8630,7,35
1873,2026/04/14,523,9650,9,35
1874,2026/04/15,2317,7190,10,3000
1875,2026-03-07,2361,8610,7,1200
1876,25-05-2026,223,8400,10,1200
1877,2026-05-09,640,7090,5,1200
1878,02/06/2026,2903,6340,6,35
1879,06/02/2026,1224,810,10,35
1880,02/04/2026,2765,4540,3,1200
1881,2026/06/22,2286,2950,7,80
1882,2026-03-30,493,4010,5,3000
1883,2026-06-11,2023,3010,7,1200
1884,2026-01-04,2912,3970,8,R$ 2500
1885,2026-04-10,3046,5540,1,500
1886,2026-05-14,1739,8980,7,3000
1887,2026-02-01,1651,1620,8,"800,00"
1888,17-01-2026,2137,9750,2,150
1889,2026-03-12,932,3490,7,
1890,2026/03/24,2241,8580,10,2500
1891,2026-04-26,1583,9790,6,
1892,03-04-2026,1033,3390,2,500
1893,2026-05-12,1795,180,10,500
1894,2026-02-08,620,7440,2,35
1895,07-02-2026,2471,2780,4,80
1896,12-03-2026,2725,8180,1,3000
1897,09/03/2026,907,6980,8,3000
1898,2026-05-20,1345,470,2,80
1899,2026-05-16,480,2230,10,80
1900,2026-06-17,275,8240,7,150
1901,11-02-2026,1509,4750,10,2500
1902,2026-06-23,2165,4850,5,1200
1903,2026-04-17,2977,3080,9,150
1904,2026/05/07,711,3230,3,150
1905,2026-02-21,377,9210,9,150
1906,2026-03-26,1123,2580,4,150
1907,2026-05-01,1174,4520,7,2500
1908,12/01/2026,2314,5600,5,1200
1909,2026-05-09,3062,6820,8,1200
1910,2026/06/25,982,7340,9,1200
1911,2026-01-27,3006,1400,2,35
1912,2026/03/17,437,2640,5,
1913,2026-02-01,1688,840,5,1200
1914,2026-06-02,1353,3610,5,800
1915,2026-02-24,2609,8710,2,1200
1916,04-03-2026,2479,9560,10,2500
1917,2026-04-30,204,7690,-2,800
1918,19/03/2026,2133,3740,9,1200
1919,16/04/2026,2274,5370,8,"2500,00"
1920,2026-02-03,2446,6050,10,800
1921,22-04-2026,1000,5280,5,35
1922,2026-02-23,757,1720,10,1200
1923,11-01-2026,1899,150,4,80
1924,2026-05-15,1724,5690,8,3000
1925,2026-05-08,1981,190,7,2500
1926,2026-04-01,116,6890,7,150
1927,21-05-2026,593,8870,9,150
1928,24-02-2026,2163,4260,9,150
1929,2026/03/08,648,4370,4,500
1930,03-01-2026,3057,7980,10,2500
1931,2026/06/19,1748,4110,7,35
1932,2026-05-20,1049,970,5,800
1933,29/03/2026,3078,2840,9,R$ 80
1934,14/05/2026,1874,3600,5,R$ 150
1935,2026/04/10,2016,5710,8,35
1936,2026/02/27,1134,6410,2,80
1937,28/03/2026,1581,7560,9,1200
1938,2026-03-08,2651,2530,4,80
1939,2026-04-15,2924,4040,8,150
1940,2026-04-29,2117,4880,10,500
1941,2026-05-24,955,8540,2,3000
1942,2026-06-02,1518,2260,9,35
1943,17/06/2026,1320,1840,8,150
1944,05/06/2026,2884,8310,7,80
1945,2026-01-08,408,840,2,1200
1946,2026-01-01,852,7680,5,3000
1947,2026-01-20,2497,6190,,35
1948,15-05-2026,499,8200,5,3000
1949,2026-01-05,2676,8200,10,80
1950,2026-05-04,2810,9450,,3000
1951,2026-05-27,2830,2370,3,35
1952,2026-04-11,843,7800,3,2500
1953,2026-06-22,1591,5220,10,3000
1954,10-03-2026,2642,4810,6,1200
1955,24/04/2026,743,7870,8,R$ 35
1956,2026-06-24,2877,6340,8,3000
1957,2026/02/16,1795,50,10,2500
1958,15/04/2026,2918,5490,9,2500
1959,09-01-2026,2246,3520,8,500
1960,2026-05-09,2062,8830,10,800
1961,28-06-2026,1783,2810,8,35
1962,2026-02-21,1721,8600,7,1200
1963,2026/03/09,2223,4560,7,2500
1964,30/05/2026,1913,7630,6,500
1965,24-04-2026,1410,6640,-2,
1966,2026-04-04,2129,1740,1,800
1967,15/05/2026,1390,9000,10,800
1968,2026-01-07,1532,2870,1,3000
1969,2026-04-06,985,2040,6,2500
1970,2026/02/17,596,2540,7,800
1971,2026-05-15,1234,8310,8,500
1972,15-01-2026,1226,900,7,500
1973,2026-06-30,221,3220,3,2500
1974,28-02-2026,1952,6470,4,500
1975,12/04/2026,2754,4380,7,2500
1976,2026-03-05,660,9260,10,3000
1977,27/03/2026,320,7260,10,800
1978,2026-01-18,464,220,8,"2500,00"
1979,2026-05-17,2543,3360,5,800
1980,29/04/2026,2697,4810,4,500
1981,2026-01-06,1180,2580,6,3000
1982,2026-04-06,2038,5410,6,35
1983,30/03/2026,2727,7030,1,150
1984,2026/01/08,2263,4820,8,35
1985,2026/06/12,2966,5550,2,150
1986,03-03-2026,1735,9450,4,80
1987,06/05/2026,1591,6130,9,800
1988,27/01/2026,949,9320,8,2500
1989,2026-04-25,2941,5180,1,3000
1990,12/01/2026,1757,8660,2,35
1991,2026-03-10,247,9890,4,800
1992,10/03/2026,904,8250,,800
1993,31/03/2026,1873,9530,5,35
1994,09/03/2026,2063,1900,10,35
1995,26/04/2026,2173,2510,7,800
1996,2026-01-22,2227,3340,9,800
1997,10-03-2026,2357,5760,6,
1998,17-02-2026,238,4730,6,
1999,2026-03-29,2637,6400,2,1200
2000,2026-06-16,634,6220,10,2500
2001,2026-02-26,2560,8430,4,1200
2002,2026-04-13,114,2510,,80
2003,2026/03/12,347,8240,8,500
2004,2026-01-07,2673,6240,2,
2005,2026-03-16,422,6810,3,35
2006,27-06-2026,2219,1300,1,800
2007,2026/02/01,234,5810,1,1200
2008,2026/03/15,991,9380,8,3000
2009,22/02/2026,2253,9640,5,1200
2010,2026-03-25,530,3840,9,150
2011,2026-06-23,2211,8920,5,150
2012,26/01/2026,857,8920,8,2500
2013,15/05/2026,425,3450,10,35
2014,2026-05-12,1834,7460,10,1200
2015,2026/03/09,1958,3970,6,35
2016,17/03/2026,1254,6000,6,35
2017,04/02/2026,1281,4170,1,500
2018,2026-01-07,1792,6100,6,1200
2019,2026-02-23,1463,5210,1,150
2020,2026-04-25,1451,3080,8,3000
2021,2026-03-11,837,3790,2,150
2022,2026-04-25,1282,7550,4,3000
2023,2026-06-07,2122,640,6,1200
2024,14/03/2026,1372,5830,7,3000
2025,2026-01-28,644,2030,6,2500
2026,2026-05-06,1452,3730,6,35
2027,2026-04-26,1180,6400,1,2500
2028,09-02-2026,727,5030,8,2500
2029,17-01-2026,1607,9720,4,R$ 800
2030,2026/06/13,329,3480,6,1200
2031,2026-03-16,2650,9870,6,2500
2032,2026-02-01,2387,9800,4,500
2033,18/06/2026,1799,4250,9,1200
2034,19-03-2026,2478,940,,2500
2035,2026-01-14,426,4860,6,3000
2036,2026-02-10,3042,5930,4,500
2037,09-04-2026,2624,6990,2,"2500,00"
2038,28-05-2026,2221,5190,1,"80,00"
2039,2026/04/06,2361,2020,2,80
2040,2026-02-22,763,4160,1,500
2041,2026/03/02,2438,4440,10,35
2042,01/01/2026,1068,5570,8,150
2043,17/01/2026,2619,2170,5,3000
2044,2026/04/16,1871,4140,5,150
2045,2026-05-20,2200,7170,5,150
2046,2026-04-14,2070,2850,7,800
2047,2026-01-08,2756,5730,3,3000
2048,2026-04-22,1912,6090,6,80
2049,21/05/2026,1339,2800,3,800
2050,25/04/2026,1354,9550,7,500
2051,26/05/2026,1472,2560,6,1200
2052,2026-04-14,691,2010,1,150
2053,2026/05/30,2376,9620,7,800
2054,2026-05-31,1814,6840,9,80
2055,01/02/2026,2303,1870,10,150
2056,16/06/2026,2745,1400,9,3000
2057,2026-01-14,952,2360,9,"800,00"
2058,10/04/2026,364,2090,8,800
2059,14-05-2026,2131,5140,5,1200
2060,09/04/2026,1434,6920,7,1200
2061,28/04/2026,2401,6940,,1200
2062,03-02-2026,2710,7670,7,800
2063,2026-06-04,1797,9380,8,35
2064,2026-01-28,1880,3640,5,800
2065,2026-01-16,460,7020,8,800
2066,26-01-2026,663,520,2,80
2067,2026-05-16,2793,230,7,1200
2068,2026-03-02,2342,3280,-1,800
2069,2026/02/17,3007,5770,8,2500
2070,2026-02-22,2107,6880,1,800
2071,22/02/2026,107,4120,-5,80
2072,2026-05-06,1590,1550,2,800
2073,2026/06/17,1311,5950,7,1200
2074,2026-01-06,644,4850,,150
2075,2026-06-08,564,8220,6,"500,00"
2076,02/01/2026,2063,7500,6,80
2077,2026-04-20,2539,7700,3,80
2078,31/05/2026,1490,8230,8,80
2079,2026-04-25,735,450,2,150
2080,2026/03/05,836,4240,6,2500
2081,2026-02-14,1746,890,6,1200
2082,2026/04/18,1127,4650,6,150
2083,05-02-2026,2863,2480,8,35
2084,2026-03-22,132,9110,7,"3000,00"
2085,2026-05-29,1994,9800,2,R$ 150
2086,2026-05-14,1670,4650,10,500
2087,2026-03-03,869,5890,4,35
2088,2026-04-05,1255,7520,6,80
2089,2026-04-18,330,9180,5,500
2090,2026/01/28,1031,330,3,2500
2091,2026/04/16,1470,6440,6,80
2092,2026/02/06,1348,710,2,1200
2093,20/05/2026,1395,1010,-2,500
2094,2026/04/04,1019,4270,4,35
2095,05/04/2026,893,4770,1,35
2096,19-05-2026,590,4160,5,500
2097,2026-04-25,2750,1510,8,35
2098,2026-03-11,556,8390,10,150
2099,2026/06/24,1018,8840,10,R$ 3000
2100,2026/06/14,2309,3840,2,3000
2101,2026-04-24,1553,6190,4,"500,00"
2102,2026-06-29,335,7030,6,80
2103,2026/06/05,875,2540,2,3000
2104,2026-04-07,2147,290,5,"800,00"
2105,2026/03/31,2679,3040,6,150
2106,27/03/2026,1610,4790,,3000
2107,08-04-2026,128,5910,3,35
2108,2026-06-15,703,6690,3,R$ 3000
2109,2026/06/19,1783,270,7,80
2110,22/04/2026,182,7580,10,500
2111,01/01/2026,379,6040,10,35
2112,18/01/2026,301,510,3,3000
2113,2026-06-20,199,3530,9,3000
2114,06-05-2026,304,870,10,3000
2115,09/04/2026,512,1080,7,2500
2116,08-01-2026,1942,2080,10,1200
2117,25/05/2026,2529,8380,1,1200
2118,31-01-2026,1609,4110,10,3000
2119,2026/05/16,2598,1790,1,3000
2120,19/04/2026,1189,9010,9,2500
2121,2026-02-18,595,5650,2,3000
2122,09/03/2026,1256,5120,4,1200
2123,07-06-2026,2831,6950,9,800
2124,2026-03-02,2576,5930,2,150
2125,2026/01/10,2606,2050,7,800
2126,2026-05-28,1663,8300,10,80
2127,30/05/2026,964,3790,1,500
2128,2026/03/04,2060,5710,6,2500
2129,2026/05/12,3065,8020,4,500
2130,2026-03-26,2925,1760,-5,800
2131,2026-05-06,2166,1270,9,150
2132,20/06/2026,1290,7640,8,500
2133,2026/02/12,663,5930,8,3000
2134,27-03-2026,134,8130,5,3000
2135,14/06/2026,1396,3340,8,3000
2136,2026-05-25,1332,2090,3,800
2137,2026-06-14,1533,2540,2,80
2138,2026-05-07,2507,1450,8,"150,00"
2139,11/03/2026,871,3900,6,3000
2140,2026-04-17,2606,2630,10,80
2141,07-04-2026,1987,999,,1200
2142,13/04/2026,1216,2340,10,800
2143,2026-01-28,3037,700,,150
2144,01/06/2026,2649,1980,10,R$ 150
2145,2026-01-01,2249,8190,9,2500
2146,09/06/2026,978,9830,10,500
2147,2026-03-24,1357,8160,2,R$ 80
2148,2026-05-08,873,3070,7,35
2149,2026-04-16,2915,1660,5,1200
2150,2026-03-14,767,40,2,500
2151,2026/03/06,2652,7270,3,500
2152,02/01/2026,442,7690,5,500
2153,09-04-2026,2657,9490,5,3000
2154,2026-06-19,308,8160,10,"80,00"
2155,28-05-2026,1565,1110,6,"150,00"
2156,2026/06/11,450,7580,3,150
2157,28/01/2026,1736,690,1,1200
2158,2026/06/20,2266,7500,6,800
2159,25/02/2026,1881,4020,1,150
2160,2026/06/02,376,3370,6,80
2161,2026-06-06,1629,7450,3,35
2162,2026/02/15,1346,6070,2,80
2163,27/01/2026,756,5850,10,800
2164,2026-03-16,129,7700,9,1200
2165,12-04-2026,2481,1950,5,150
2166,2026-02-09,595,8490,1,80
2167,2026-01-11,2637,9240,5,800
2168,09/05/2026,2233,4010,10,800
2169,26/06/2026,1998,1920,10,80
2170,09/04/2026,2837,3350,2,2500
2171,11/03/2026,2463,1270,6,500
2172,30/01/2026,205,9140,4,35
2173,2026-02-05,1572,4130,9,150
2174,2026-03-02,2325,2570,1,150
2175,2026-03-06,1710,4890,4,
2176,2026-02-05,1137,1630,7,3000
2177,25/04/2026,222,3190,10,500
2178,12-06-2026,2807,6050,8,2500
2179,2026-05-01,2309,7180,8,3000
2180,2026-01-20,2764,3470,5,
2181,25/02/2026,1618,8750,10,3000
2182,2026-02-07,1993,8240,6,800
2183,2026-03-30,366,4480,9,500
2184,05-05-2026,1880,7710,4,1200
2185,26/02/2026,524,8250,9,500
2186,2026-06-15,2847,6420,8,2500
2187,03-05-2026,263,2810,4,1200
2188,2026/04/27,1047,810,10,1200
2189,2026/01/19,3072,4370,10,150
2190,2026-06-16,1122,3200,1,
2191,01-05-2026,2785,40,6,35
2192,22-05-2026,1319,5800,10,2500
2193,30/03/2026,2167,4270,7,150
2194,02/03/2026,148,8320,10,"1200,00"
2195,07/03/2026,1571,2850,3,1200
2196,2026-03-28,874,7250,-3,80
2197,25/01/2026,953,6760,2,
2198,16/04/2026,1504,1100,7,500
2199,2026/04/02,141,9660,1,"800,00"
2200,02/03/2026,684,1450,3,2500
2201,2026/05/05,2010,8900,1,500
2202,2026-06-23,2695,8460,3,80
2203,2026/05/15,2779,7430,4,1200
2204,20/03/2026,2894,8730,3,"80,00"
2205,2026-02-11,1400,9710,4,3000
2206,2026-02-25,1353,6210,4,500
2207,27-01-2026,2292,5160,4,35
2208,2026/03/27,2482,9100,1,35
2209,2026-05-17,177,2500,5,1200
2210,2026-06-23,283,1330,3,"800,00"
2211,2026-03-06,458,4590,-5,800
2212,2026-01-17,2354,4820,4,150
2213,14/03/2026,2451,4900,1,500
2214,2026-01-06,2739,3190,5,500
2215,2026-03-20,528,450,2,35
2216,2026/03/17,108,680,,R$ 800
2217,2026-02-01,1601,3420,8,800
2218,2026/05/01,702,7020,4,1200
2219,27/06/2026,2791,880,2,3000
2220,27/04/2026,2051,7540,6,80
2221,03/05/2026,414,1320,10,80
2222,2026-05-27,1970,6590,3,35
2223,2026-05-02,1227,3700,5,1200
2224,2026-05-09,2189,8280,8,500
2225,18/05/2026,2909,320,10,2500
2226,2026-06-23,2666,6490,6,3000
2227,2026-05-11,890,9290,9,1200
2228,2026/04/11,236,3710,5,500
2229,2026-05-30,433,6910,5,35
2230,28/02/2026,1823,9180,3,35
2231,2026-06-12,1555,2020,5,"150,00"
2232,2026-03-30,2758,3570,4,1200
2233,10/01/2026,2215,7260,7,3000
2234,09-05-2026,2304,9960,3,150
2235,2026/01/28,229,7590,-2,35
2236,2026/01/06,2634,3180,2,80
2237,2026-03-17,2919,4550,8,35
2238,2026-03-13,195,9760,5,2500
2239,21/01/2026,1154,9740,7,150
2240,2026/03/18,2139,610,10,2500
2241,2026/01/30,582,5150,1,500
2242,25/03/2026,293,7100,5,500
2243,08/01/2026,652,3160,7,3000
2244,07/03/2026,2883,620,1,800
2245,28/02/2026,515,8230,10,150
2246,2026-05-27,2014,230,9,R$ 80
2247,2026-06-24,482,5240,5,500
2248,2026/01/22,1564,7060,6,80
2249,2026-02-01,1605,6090,8,
2250,2026-03-11,1986,2780,3,1200
2251,24/06/2026,217,9960,6,500
2252,2026-03-22,2760,6880,2,80
2253,2026-03-08,373,1170,1,
2254,03/01/2026,1116,7550,10,"500,00"
2255,2026-01-09,627,1810,5,800
2256,2026/04/19,1893,6700,4,1200
2257,2026-05-24,658,3240,2,80
2258,28-01-2026,1381,6850,10,800
2259,2026-02-06,2975,880,6,1200
2260,23/03/2026,732,4120,10,"1200,00"
2261,2026-01-28,2607,5950,5,35
2262,2026-02-19,1523,5690,4,1200
2263,2026-06-27,2843,7550,6,150
2264,2026-01-08,2131,3240,-4,80
2265,2026/06/11,968,3700,5,150
2266,2026/03/13,2039,5050,5,800
2267,12/03/2026,1184,8140,1,800
2268,2026-01-14,136,3960,9,150
2269,2026-05-20,2851,4690,6,500
2270,2026-06-01,2404,3610,5,
2271,2026-01-26,191,9080,1,3000
2272,2026-04-03,1551,7490,7,R$ 35
2273,2026-04-22,2617,8750,4,150
2274,06/03/2026,1904,5780,3,1200
2275,2026/01/27,1316,2070,7,35
2276,2026-04-06,1047,7680,10,800
2277,12/06/2026,2276,2650,3,3000
2278,2026-04-02,1095,4380,8,800
2279,2026-03-09,1355,6200,6,1200
2280,10-05-2026,810,4600,2,3000
2281,15/03/2026,2799,8210,2,500
2282,07-02-2026,1247,9240,,500
2283,2026-02-23,2827,9370,7,80
2284,2026/03/11,2830,2840,5,2500
2285,2026-04-04,770,5660,9,80
2286,2026-01-05,657,7250,3,"150,00"
2287,2026-06-16,2707,3470,3,150
2288,18/04/2026,1218,1870,4,1200
2289,25-02-2026,1039,8400,8,500
2290,2026/02/04,2231,9870,7,"150,00"
2291,2026-03-30,149,1420,8,3000
2292,2026-01-18,2673,6420,9,2500
2293,26/05/2026,1668,9950,6,500
2294,2026-01-18,1561,4880,1,1200
2295,24/05/2026,897,680,4,35
2296,26-05-2026,312,4880,4,3000
2297,2026-02-28,634,6270,4,800
2298,21/03/2026,312,9160,3,3000
2299,06/04/2026,2954,280,7,
2300,16/01/2026,808,290,8,80
2301,01/02/2026,1244,3560,10,1200
2302,2026-01-10,959,780,10,3000
2303,30/01/2026,1925,8090,4,150
2304,22/05/2026,333,8140,1,800
2305,2026-04-30,794,9780,5,80
2306,2026-01-07,2203,6410,8,1200
2307,2026-05-05,2897,5550,1,1200
2308,2026-01-25,277,3040,8,150
2309,2026-04-11,1294,6940,8,150
2310,2026-03-28,612,2950,3,35
2311,27/02/2026,1208,7840,1,800
2312,2026-02-07,1682,2680,5,500
2313,2026-03-15,3029,7710,8,800
2314,24/04/2026,2881,5740,7,1200
2315,2026-04-25,409,9810,1,2500
2316,22/04/2026,720,4400,2,3000
2317,17/06/2026,2304,6260,4,3000
2318,19-01-2026,1242,5890,2,2500
2319,02/04/2026,2548,5350,5,500
2320,23/04/2026,1208,4510,,35
2321,2026-05-31,1512,700,8,1200
2322,2026-05-29,1870,9220,10,150
2323,26/02/2026,3071,1630,4,1200
2324,2026-01-31,1695,9130,3,80
2325,2026-03-05,2364,8000,9,1200
2326,2026-01-30,682,7230,6,2500
2327,02/01/2026,3066,8750,,1200
2328,2026-05-18,2777,6210,-2,35
2329,2026-03-10,1108,8420,6,500
2330,2026-05-12,3100,9590,10,3000
2331,2026/04/23,214,7550,1,"2500,00"
2332,2026-05-08,1646,1020,4,500
2333,09-01-2026,1238,7510,8,800
2334,2026-03-14,2394,4490,7,500
2335,29/06/2026,864,8960,6,3000
2336,2026/03/19,1432,2620,9,2500
2337,2026-05-15,2309,7420,2,800
2338,2026-05-10,1058,6430,2,3000
2339,2026/02/23,2911,5860,3,150
2340,26/02/2026,2498,8550,3,80
2341,2026-01-07,2962,8420,3,35
2342,11-03-2026,1160,9460,7,3000
2343,2026-05-04,2832,2730,8,2500
2344,2026-03-17,2345,6040,10,80
2345,13/04/2026,1371,3800,7,3000
2346,20-06-2026,1737,9550,8,2500
2347,06/03/2026,1715,480,3,35
2348,2026/03/29,673,6010,6,1200
2349,19/01/2026,355,2950,9,3000
2350,01/06/2026,2098,1480,5,800
2351,2026-01-02,2914,7170,1,2500
2352,13/02/2026,2297,4790,4,2500
2353,2026-03-12,1657,8200,5,2500
2354,2026-04-21,254,2520,2,800
2355,2026-02-19,2953,1950,4,500
2356,2026-01-21,559,8210,5,35
2357,06/03/2026,1425,3520,6,1200
2358,2026-03-16,2433,4030,2,800
2359,05/06/2026,1137,3550,9,500
2360,26-04-2026,2338,2050,8,80
2361,2026-03-26,1728,9790,10,2500
2362,05/03/2026,933,8280,10,1200
2363,2026-05-18,1126,700,9,150
2364,2026-06-24,289,7100,10,80
2365,2026-04-21,1840,9570,8,2500
2366,13/02/2026,1712,8210,9,800
2367,15-05-2026,579,4970,8,500
2368,2026/05/25,2584,9080,2,35
2369,2026/05/07,2586,7780,-5,1200
2370,23-06-2026,137,1930,8,R$ 150
2371,2026-02-02,1597,6530,1,800
2372,2026-04-08,1349,8360,5,2500
2373,2026-02-08,1701,3450,4,500
2374,2026-06-23,2238,1600,3,2500
2375,03/03/2026,475,9780,4,35
2376,2026-03-22,2539,7750,5,80
2377,2026-02-10,1260,5420,6,35
2378,2026-04-05,2559,2180,4,150
2379,30/05/2026,2415,6230,1,150
2380,2026-01-02,929,890,,35
2381,25/01/2026,813,2420,4,150
2382,06/05/2026,2735,2260,6,1200
2383,2026-04-12,622,4550,4,1200
2384,23-05-2026,1281,4800,3,2500
2385,2026-01-28,2899,2530,10,150
2386,15/02/2026,309,8530,2,"1200,00"
2387,2026-06-14,1144,8510,4,35
2388,01/05/2026,2311,9960,6,150
2389,25/04/2026,982,7220,10,80
2390,04-06-2026,278,2270,2,80
2391,2026-04-24,1093,5810,6,1200
2392,23-01-2026,841,870,2,2500
2393,17-02-2026,238,8540,7,1200
2394,2026-01-12,1231,8550,7,800
2395,2026-04-11,1129,2160,10,2500
2396,2026-03-06,2927,7790,1,35
2397,2026-02-08,1909,4080,4,1200
2398,2026-05-11,2670,5200,8,1200
2399,2026-01-28,995,1930,6,"500,00"
2400,12/01/2026,346,6820,3,1200
2401,19/04/2026,2050,9550,6,800
2402,2026-05-22,2064,1700,5,3000
2403,2026-03-03,1826,6540,3,800
2404,01/04/2026,2845,4240,9,800
2405,2026-01-17,1783,7530,2,3000
2406,2026-02-22,379,8380,6,80
2407,2026-05-08,2864,3960,10,1200
2408,2026-04-15,1787,130,-2,500
2409,2026-03-22,2433,8640,5,800
2410,2026-01-23,755,1890,3,R$ 1200
2411,2026-03-09,2066,9400,6,500
2412,2026-02-03,1725,4240,-1,800
2413,2026-04-20,336,1900,8,35
2414,2026/02/26,736,1840,3,
2415,2026-02-21,709,3190,4,150
2416,2026-06-13,457,7340,5,2500
2417,2026-05-23,1988,8250,10,1200
2418,14-01-2026,2017,5520,5,3000
2419,25/06/2026,307,9740,9,150
2420,2026-04-13,1707,3870,9,500
2421,2026/06/25,2886,9910,5,500
2422,2026-05-10,2895,7620,1,1200
2423,2026-02-16,2694,4380,8,150
2424,2026/05/25,700,2160,3,1200
2425,10/02/2026,2689,9690,7,150
2426,2026/01/15,1208,4790,4,800
2427,2026-04-21,532,480,5,R$ 2500
2428,13-01-2026,2203,4060,9,2500
2429,14/05/2026,2029,9660,3,800
2430,04-06-2026,1144,9110,,500
2431,16/06/2026,2651,3690,7,1200
2432,2026-01-23,1328,2800,-5,500
2433,02-03-2026,2331,2540,2,2500
2434,2026-02-18,1824,6000,3,500
2435,07/05/2026,1115,6470,9,R$ 35
2436,22-06-2026,756,9530,2,2500
2437,2026/05/09,839,320,,150
2438,2026-01-26,986,750,4,2500
2439,2026-06-25,373,2990,10,"150,00"
2440,2026-05-05,1102,1260,7,3000
2441,2026-01-29,1525,6190,,R$ 500
2442,27/04/2026,1412,4090,1,35
2443,2026-06-26,2484,6550,2,3000
2444,2026/03/29,971,8410,5,800
2445,07-03-2026,2191,9320,2,1200
2446,2026-03-22,2119,3120,2,80
2447,2026-06-10,3031,7070,1,150
2448,17-05-2026,236,8650,1,500
2449,2026-05-14,2334,9560,5,80
2450,2026-02-22,1659,6830,1,1200
2451,2026-02-24,2959,780,3,1200
2452,2026-04-26,1579,1520,1,R$ 150
2453,2026-01-29,2015,5780,5,150
2454,2026-02-25,1683,5060,2,80
2455,2026-05-10,1874,9460,9,2500
2456,2026-06-03,1411,990,9,2500
2457,2026-02-13,1058,7990,,"150,00"
2458,2026-05-27,2080,7030,6,500
2459,2026-01-06,2860,130,4,80
2460,2026/03/13,349,6810,8,1200
2461,01/01/2026,2156,3280,5,2500
2462,2026-04-25,2134,5170,8,"3000,00"
2463,02/01/2026,3075,2330,8,2500
2464,2026/03/17,1492,9570,6,1200
2465,2026-01-02,770,4530,10,3000
2466,05/02/2026,2414,270,9,500
2467,2026-04-03,746,650,5,35
2468,2026/02/20,2288,320,10,35
2469,2026-02-15,1744,3230,8,800
2470,2026/05/02,3046,910,7,800
2471,23/04/2026,2190,5700,4,80
2472,2026/03/07,1935,7560,1,800
2473,20/05/2026,1110,5560,9,80
2474,2026-02-01,1224,8410,7,3000
2475,13/04/2026,1805,9240,6,150
2476,2026/04/13,495,4960,-2,80
2477,2026-03-20,2080,8910,1,150
2478,2026-06-20,118,2580,6,500
2479,10-05-2026,1904,4720,6,500
2480,16/01/2026,1548,6520,3,800
2481,23/05/2026,1066,3700,8,150
2482,13/02/2026,879,2210,6,3000
2483,2026-06-10,2968,9230,10,500
2484,13/04/2026,901,7320,9,800
2485,15/03/2026,1192,1390,4,500
2486,2026/04/11,1521,1350,10,80
2487,2026-05-22,1960,4150,3,3000
2488,2026/02/27,1377,9170,,2500
2489,15-01-2026,1784,4350,5,R$ 35
2490,26-06-2026,477,3840,4,800
2491,2026-03-29,1803,2170,9,2500
2492,2026-02-25,1982,330,5,1200
2493,2026/01/31,2773,9660,5,800
2494,2026-01-22,2014,3480,10,800
2495,2026-05-26,2728,2960,2,800
2496,2026/06/10,1651,2440,6,80
2497,2026-01-29,1771,2800,10,150
2498,2026-06-19,830,6010,9,3000
2499,2026/04/23,1424,2200,10,3000
2500,15/06/2026,585,3690,1,35
2501,2026-01-31,2767,780,4,800
2502,2026-05-26,2916,9200,6,3000
2503,2026-05-23,1429,7580,2,35
2504,2026-01-24,1757,3080,4,3000
2505,2026/06/24,1673,9630,4,35
2506,2026-06-12,1201,6480,7,2500
2507,2026-06-01,3072,280,10,2500
2508,25-04-2026,2587,1050,3,80
2509,06/05/2026,2968,6440,-3,35
2510,2026-03-10,1534,5960,,80
2511,2026-03-23,3079,1960,1,35
2512,2026-01-14,2069,1700,10,2500
2513,11-05-2026,2717,1370,3,35
2514,2026-01-21,2976,6320,3,"1200,00"
2515,29/04/2026,1660,6330,8,800
2516,16/01/2026,1272,870,5,150
2517,04/01/2026,1013,8630,4,"2500,00"
2518,01/04/2026,795,5320,6,800
2519,24/03/2026,2958,4480,8,150
2520,2026-01-08,2144,4900,10,500
2521,2026-04-22,1378,7380,1,1200
2522,2026-06-04,2856,5490,1,800
2523,28/02/2026,1069,3500,7,35
2524,2026-05-16,2360,6480,7,2500
2525,2026-06-08,1564,3150,7,35
2526,2026/03/25,803,900,-5,800
2527,12/02/2026,1656,3190,5,80
2528,03-02-2026,1515,5970,9,1200
2529,05/06/2026,1418,4160,6,150
2530,2026-06-14,1957,7830,10,"1200,00"
2531,2026/04/25,1810,9440,6,1200
2532,27/02/2026,1133,5740,6,150
2533,2026-02-13,1456,9610,9,800
2534,2026/06/01,311,850,6,150
2535,03/05/2026,2700,9300,5,2500
2536,2026-02-11,2657,4070,10,35
2537,27/02/2026,1491,2760,-1,35
2538,2026-01-23,3027,850,5,150
2539,23/03/2026,1412,2270,9,"1200,00"
2540,21/02/2026,2592,8920,4,1200
2541,2026-03-14,1380,1340,3,35
2542,2026-05-11,192,4080,4,800
2543,2026-01-20,2553,5110,4,3000
2544,15/02/2026,1531,6180,4,500
2545,2026-01-11,3016,9780,8,80
2546,2026-04-09,1105,2080,4,35
2547,2026-04-06,456,5420,4,2500
2548,2026-04-21,841,6940,,R$ 500
2549,01-05-2026,2314,500,2,35
2550,17/04/2026,3063,9550,8,3000
2551,2026-04-17,1969,3870,6,800
2552,2026-01-15,2166,1140,5,500
2553,2026-01-29,307,1440,4,1200
2554,2026/03/02,2302,6340,3,500
2555,18/02/2026,437,2110,2,800
2556,2026-05-14,217,4760,,2500
2557,2026-04-21,1831,150,5,80
2558,2026/02/01,1317,3140,8,2500
2559,18-04-2026,2404,2510,5,150
2560,29/05/2026,324,1790,1,2500
2561,03-05-2026,1513,1720,3,500
2562,03/04/2026,945,4650,2,150
2563,16/02/2026,2274,7850,2,800
2564,02-04-2026,1674,6950,10,80
2565,29/06/2026,1385,8570,5,800
2566,2026-03-24,2493,70,-1,1200
2567,09-02-2026,2256,3850,6,1200
2568,2026/01/03,2157,6030,8,1200
2569,01-02-2026,1334,3850,1,500
2570,2026/02/06,1508,9260,-2,"35,00"
2571,2026-06-26,415,4730,1,3000
2572,29-06-2026,276,6900,7,80
2573,2026-03-18,2097,6020,2,2500
2574,31/03/2026,827,5000,3,500
2575,2026/05/24,2107,7040,6,80
2576,2026-06-24,1703,5340,2,1200
2577,2026-04-30,1432,3740,7,80
2578,17/04/2026,2485,9130,1,500
2579,2026-03-03,1769,6550,,1200
2580,2026-06-28,394,2250,6,2500
2581,2026-02-17,1622,9540,3,1200
2582,2026-04-14,627,840,7,3000
2583,21/03/2026,2967,8990,8,800
2584,2026/05/27,2179,6430,7,R$ 500
2585,19-04-2026,340,3560,1,800
2586,10/04/2026,851,1850,10,80
2587,2026-02-04,594,1380,7,R$ 35
2588,2026-04-10,543,7720,10,2500
2589,24/06/2026,2247,3720,4,
2590,2026-02-08,150,4240,7,3000
2591,01/04/2026,1631,4010,5,150
2592,2026-05-14,366,20,1,35
2593,10/02/2026,176,2240,5,150
2594,19-03-2026,1661,2120,6,150
2595,2026/02/28,1793,830,9,
2596,2026/03/04,2313,40,7,1200
2597,16-04-2026,2809,690,4,80
2598,25/01/2026,771,5150,8,3000
2599,2026/01/08,957,6530,7,2500
2600,2026/06/16,2626,3120,9,80
2601,2026-02-10,1437,5960,6,35
2602,25/06/2026,302,7350,10,800
2603,2026/01/08,2110,3700,4,80
2604,2026/02/09,1505,1300,8,1200
2605,26/01/2026,1503,490,4,35
2606,09/05/2026,353,4680,3,2500
2607,2026/03/14,2651,3000,10,80
2608,2026/02/10,2556,9800,9,150
2609,2026-01-19,1233,6020,8,2500
2610,2026-01-23,3074,870,6,3000
2611,2026-03-30,783,9820,7,80
2612,2026-06-17,1202,7260,1,150
2613,24-05-2026,2478,7980,5,1200
2614,15-04-2026,415,7400,9,2500
2615,2026-03-29,240,7250,2,1200
2616,2026/04/13,2212,1930,4,1200
2617,2026/06/01,1672,8270,,80
2618,2026-03-14,2710,4710,-4,80
2619,25/03/2026,1779,360,8,35
2620,2026-04-23,2840,1440,,500
2621,24/02/2026,2350,1030,3,35
2622,28/05/2026,1723,8730,4,3000
2623,2026-01-05,1918,2290,5,500
2624,2026-04-07,2079,10,2,35
2625,18-06-2026,2109,8250,4,2500
2626,2026-01-09,1702,8390,10,"500,00"
2627,2026/03/06,124,6050,6,800
2628,21/05/2026,2129,7650,1,1200
2629,2026-05-09,611,600,6,500
2630,04-02-2026,822,4330,7,150
2631,2026/05/07,300,7030,-3,35
2632,2026/01/24,1682,1260,10,3000
2633,2026-01-04,389,9390,1,35
2634,13/05/2026,1412,2640,4,800
2635,2026-03-14,1747,7720,10,35
2636,2026-03-12,540,5890,10,2500
2637,2026-05-15,548,2060,6,800
2638,19/06/2026,1137,6710,3,1200
2639,2026-01-27,2488,6720,-3,800
2640,04/01/2026,781,6780,2,150
2641,25/04/2026,2516,380,4,150
2642,2026/05/19,2883,4290,7,"2500,00"
2643,2026-06-11,778,8620,10,1200
2644,19-01-2026,1369,180,10,3000
2645,17/05/2026,1289,6860,4,35
2646,2026-05-11,1079,1650,10,500
2647,2026/06/25,2991,90,7,500
2648,02/01/2026,1527,9560,2,R$ 1200
2649,2026/02/27,532,800,9,"2500,00"
2650,2026/04/23,1763,8630,2,150
2651,20/06/2026,2586,1390,4,35
2652,16-05-2026,1919,3280,5,35
2653,2026/06/09,861,2440,1,500
2654,2026-04-07,2271,4940,3,800
2655,01/05/2026,817,3880,8,80
2656,2026-04-14,1797,4890,6,80
2657,2026-03-21,1954,3650,6,3000
2658,18/03/2026,2223,5450,6,150
2659,2026/06/17,2573,5880,2,1200
2660,2026/01/27,1389,7540,4,500
2661,2026-03-30,1984,4390,7,3000
2662,2026-06-16,2808,4240,9,35
2663,2026-05-20,959,700,4,800
2664,2026-06-29,2087,3280,7,35
2665,2026-06-10,1510,3860,4,500
2666,2026-05-28,1332,6390,6,150
2667,24/03/2026,1489,790,6,3000
2668,2026-06-13,888,5490,4,150
2669,2026/06/23,696,4760,2,2500
2670,26/06/2026,2689,3870,8,800
2671,16-02-2026,984,6480,4,1200
2672,13/03/2026,1919,7710,3,2500
2673,27-05-2026,876,9410,10,150
2674,27-05-2026,470,7910,3,500
2675,2026-06-28,1705,1900,10,800
2676,25-01-2026,1577,2820,5,80
2677,2026-06-06,2307,9200,4,80
2678,2026-01-01,1052,3560,1,500
2679,10/02/2026,1866,4870,5,35
2680,25/04/2026,2340,9750,8,80
2681,09/05/2026,1889,6700,4,150
2682,2026-04-04,1812,1770,7,1200
2683,2026-06-10,1896,3960,-5,150
2684,2026-05-28,1581,5580,9,800
2685,2026-06-20,958,800,4,35
2686,2026-03-17,523,4810,7,150
2687,2026-01-04,950,7180,5,35
2688,2026/03/14,2835,5120,2,80
2689,2026-03-03,2771,7250,1,500
2690,2026/01/16,2925,1010,4,2500
2691,06/02/2026,1587,8580,2,800
2692,17/05/2026,1959,6310,7,150
2693,2026-05-28,527,6500,,800
2694,2026-01-21,3095,7930,1,35
2695,10-04-2026,1314,4290,2,3000
2696,2026-06-18,2194,8500,2,2500
2697,04-02-2026,1237,750,7,2500
2698,20/05/2026,1409,4820,4,150
2699,2026-04-21,828,9340,3,500
2700,2026-05-27,1190,7610,1,"3000,00"
2701,18/01/2026,163,7040,3,
2702,04/03/2026,205,3550,1,2500
2703,2026-01-25,1492,2400,4,80
2704,2026-01-21,2455,7790,5,80
2705,22/05/2026,1299,7720,3,
2706,16/02/2026,2851,9230,6,"150,00"
2707,31-05-2026,2886,3630,8,2500
2708,31-01-2026,747,4280,3,1200
2709,2026/03/25,2055,7550,3,800
2710,2026-06-03,2561,3030,4,150
2711,13/02/2026,2560,4070,4,500
2712,2026-03-14,2882,8600,7,1200
2713,02/06/2026,1190,1590,9,1200
2714,2026-01-05,208,5360,5,80
2715,16/04/2026,625,6050,9,1200
2716,27-03-2026,1216,9600,8,80
2717,2026/01/08,583,5710,4,3000
2718,2026-01-27,313,4950,5,3000
2719,01/03/2026,2934,740,8,800
2720,2026-01-03,3009,2630,9,800
2721,2026-05-16,2862,9560,4,3000
2722,13/03/2026,1759,3870,8,150
2723,2026/04/07,1297,8720,8,R$ 800
2724,02/01/2026,2326,20,9,500
2725,2026-02-09,644,8100,10,
2726,25/02/2026,1596,1200,3,2500
2727,26/03/2026,1907,3830,7,2500
2728,24-05-2026,989,6830,7,500
2729,2026-05-14,1391,1540,9,80
2730,04/03/2026,1197,1610,9,500
2731,2026-02-26,2657,7820,4,1200
2732,28-06-2026,1727,430,9,1200
2733,2026/06/03,2017,9010,1,R$ 80
2734,2026/06/08,2103,8560,8,1200
2735,2026-05-06,2780,4610,1,800
2736,2026-06-07,1809,4700,10,800
2737,10-04-2026,1478,5890,8,500
2738,2026/01/25,229,6800,5,35
2739,22-02-2026,1745,5550,10,80
2740,13-05-2026,183,3010,8,1200
2741,2026-06-13,979,330,3,80
2742,09/05/2026,2174,4680,2,2500
2743,28/05/2026,1686,3280,3,500
2744,2026/03/20,587,330,6,3000
2745,2026-04-18,553,9640,6,3000
2746,2026/05/21,2367,9930,10,80
2747,2026/05/06,2656,6570,9,1200
2748,2026-02-12,2860,5970,7,35
2749,2026-03-16,2950,3570,9,1200
2750,19/02/2026,1030,640,5,500
2751,2026-04-17,2270,3290,7,
2752,2026-02-01,2649,8550,9,80
2753,2026-03-20,343,7650,1,3000
2754,2026-01-12,604,530,5,35
2755,05/06/2026,2494,4210,3,150
2756,09/05/2026,1453,7680,3,3000
2757,2026-03-10,2512,7290,10,150
2758,2026-04-06,2730,9420,4,2500
2759,24-03-2026,1925,7510,9,3000
2760,29-06-2026,2833,9910,8,80
2761,2026-06-29,2505,7630,6,35
2762,2026/06/27,1983,1240,4,
2763,2026-06-12,1286,9510,1,"800,00"
2764,2026-02-10,342,480,4,80
2765,2026/04/12,2005,3610,1,R$ 3000
2766,09-02-2026,2458,7240,8,80
2767,2026/02/24,1435,100,5,150
2768,2026-04-28,3052,6230,5,500
2769,2026-06-11,3047,4170,3,150
2770,2026-04-23,1525,3200,2,2500
2771,01/03/2026,1405,5230,7,800
2772,2026-02-02,322,8460,8,150
2773,12/01/2026,1886,6360,,80
2774,2026-06-29,2817,8330,2,500
2775,29/06/2026,2031,2320,3,150
2776,2026-06-22,3018,4430,7,2500
2777,15/03/2026,1429,2400,3,800
2778,2026-06-16,1788,5790,6,500
2779,2026/05/09,401,4780,1,1200
2780,2026-01-18,2228,330,8,500
2781,2026-02-27,1917,8780,9,2500
2782,2026/03/27,647,4190,2,35
2783,31/03/2026,2139,90,3,"1200,00"
2784,13/04/2026,1194,2970,4,1200
2785,31/05/2026,2962,5600,3,1200
2786,2026-06-02,1735,2530,1,35
2787,2026-02-17,1517,650,8,3000
2788,2026-04-03,2497,2060,9,800
2789,2026-02-25,808,4660,5,800
2790,27/03/2026,182,6860,8,2500
2791,2026-01-29,1202,4270,7,800
2792,2026-01-20,2967,8240,6,500
2793,2026-02-06,2866,8100,8,35
2794,2026-05-11,110,1100,2,150
2795,2026-04-24,2388,5490,9,800
2796,19/03/2026,2754,7450,2,150
2797,2026-05-12,2564,2560,,35
2798,2026-01-05,2320,8260,1,1200
2799,2026-05-11,595,2750,,500
2800,2026-01-07,237,5670,2,35
2801,2026-02-26,2728,5310,7,35
2802,2026/01/28,381,1000,7,800
2803,05-02-2026,408,1650,5,2500
2804,2026/04/19,691,5180,6,500
2805,2026-02-10,1196,6370,9,800
2806,2026/06/26,2553,770,7,35
2807,2026-02-08,1018,810,5,2500
2808,2026-06-25,3031,9240,7,2500
2809,12/05/2026,965,240,10,1200
2810,2026-03-19,2154,5840,7,800
2811,2026-04-12,262,5420,10,1200
2812,2026/02/03,1027,240,3,800
2813,22-05-2026,1680,2610,3,R$ 2500
2814,25/02/2026,2429,3730,6,3000
2815,2026-05-20,2165,7640,,1200
2816,21/02/2026,1380,9060,9,500
2817,2026/06/12,1244,8610,8,1200
2818,2026-05-11,805,160,7,1200
2819,2026-02-20,2821,9380,3,3000
2820,2026-02-11,1798,5520,3,3000
2821,2026-03-07,944,6280,6,1200
2822,2026/05/01,235,1650,3,R$ 35
2823,27/04/2026,2877,9970,,150
2824,03-04-2026,173,1370,10,800
2825,2026/02/27,2832,2190,5,500
2826,2026/01/08,863,9730,2,2500
2827,20-04-2026,2448,6530,-4,2500
2828,07/03/2026,2746,6500,1,"80,00"
2829,2026-01-16,2359,2360,4,3000
2830,2026-02-14,448,6580,8,3000
2831,30/03/2026,872,8880,5,150
2832,24/02/2026,2623,1330,3,1200
2833,07/05/2026,844,4670,6,3000
2834,2026-01-13,537,6750,9,1200
2835,26-01-2026,1255,5390,1,500
2836,18/02/2026,2486,8470,9,3000
2837,10-05-2026,823,8310,5,3000
2838,26/06/2026,2508,7910,6,800
2839,2026-05-02,1671,5910,4,150
2840,2026-03-03,2718,560,6,800
2841,2026/04/18,2984,6610,5,2500
2842,24/04/2026,2252,6810,9,2500
2843,2026/04/17,422,8950,10,1200
2844,2026/03/16,1444,8050,2,80
2845,2026/03/27,809,2360,6,R$ 35
2846,13/03/2026,2125,5000,3,2500
2847,10-05-2026,2490,3890,6,800
2848,25-05-2026,2122,6960,2,3000
2849,2026-06-11,654,210,-1,35
2850,2026/01/25,829,5170,7,35
2851,2026-03-23,2101,3320,2,800
2852,11/01/2026,1729,4560,1,
2853,09/03/2026,1547,5280,3,800
2854,14/02/2026,2859,9220,10,2500
2855,30/06/2026,2637,3050,4,35
2856,2026-03-30,610,6010,6,80
2857,25-02-2026,1149,2110,4,1200
2858,21/04/2026,2867,4590,8,3000
2859,2026-02-03,1472,5450,6,35
2860,2026-01-18,3004,6630,10,80
2861,01-05-2026,408,6450,3,35
2862,2026-04-16,2805,5910,8,800
2863,11-04-2026,1789,6190,5,3000
2864,24/01/2026,798,2970,6,2500
2865,2026/06/18,307,2240,4,2500
2866,2026-05-27,692,9050,9,3000
2867,08/04/2026,1412,7470,,80
2868,19/06/2026,2241,7060,10,800
2869,2026-04-09,3074,4260,2,150
2870,2026-01-23,2958,6550,4,2500
2871,2026-03-02,2448,4050,8,1200
2872,2026-03-18,2477,8890,10,"1200,00"
2873,2026/06/04,1711,9110,4,"35,00"
2874,2026-04-11,695,7290,1,1200
2875,2026-04-10,1925,5230,1,800
2876,2026-05-09,938,7590,4,3000
2877,21/06/2026,2576,4260,3,3000
2878,2026/02/11,2540,3250,9,2500
2879,01/05/2026,1471,3700,10,35
2880,16/02/2026,2579,3940,10,80
2881,30/06/2026,2059,100,-2,500
2882,2026/06/28,969,1320,10,500
2883,2026-03-09,742,660,9,"800,00"
2884,08/05/2026,2940,1390,2,800
2885,10/06/2026,359,7400,7,80
2886,20-06-2026,1594,3450,3,150
2887,2026-04-05,632,7080,9,3000
2888,2026-04-22,2832,1550,9,150
2889,2026/02/27,1562,9740,8,R$ 3000
2890,2026-02-19,2552,6650,8,150
2891,2026-06-20,2144,2730,6,"1200,00"
2892,2026-06-25,2230,2520,1,80
2893,2026/04/01,302,5390,9,3000
2894,2026/03/21,1537,7690,,1200
2895,2026-06-16,2270,110,9,2500
2896,2026/05/06,1165,2600,2,500
2897,21-05-2026,1644,1990,5,2500
2898,04-03-2026,1059,3080,8,800
2899,15-04-2026,914,9760,3,150
2900,2026-06-27,798,5150,2,
2901,25/02/2026,947,5630,8,500
2902,2026-03-22,775,1190,1,1200
2903,2026-01-01,635,7700,10,3000
2904,14/06/2026,772,6100,6,3000
2905,2026-04-15,2444,5460,6,80
2906,2026-01-24,1321,4970,4,2500
2907,22/02/2026,2745,5420,9,3000
2908,2026/05/10,2898,6970,6,R$ 3000
2909,2026/01/29,2608,5490,5,800
2910,03-06-2026,365,9410,10,1200
2911,2026-05-03,2053,4950,8,"150,00"
2912,26/02/2026,2211,4670,7,80
2913,2026-06-08,2346,7750,9,3000
2914,07/05/2026,2840,5510,4,150
2915,2026-06-02,217,9410,-5,35
2916,2026/03/31,1895,2360,9,1200
2917,2026/03/24,376,5860,5,150
2918,02-02-2026,2023,1060,4,500
2919,2026/01/15,1765,3450,6,500
2920,05/04/2026,2035,3220,10,35
2921,10/02/2026,3092,7210,7,35
2922,24/05/2026,2678,3340,9,150
2923,02-05-2026,2005,8730,4,35
2924,01/05/2026,2480,6570,4,2500
2925,2026-04-16,2147,6740,8,1200
2926,2026/01/03,327,7030,5,1200
2927,2026/04/24,2561,4100,10,35
2928,05-01-2026,2608,2370,3,2500
2929,25/04/2026,1516,2970,1,1200
2930,2026-06-21,1539,4360,2,3000
2931,22/02/2026,3070,9690,3,800
2932,22/03/2026,3036,9010,9,3000
2933,10/05/2026,1346,80,6,500
2934,2026-01-01,1706,3470,8,150
2935,25-02-2026,1620,350,1,R$ 1200
2936,18-02-2026,1775,6210,3,80
2937,2026-05-17,1690,5610,8,35
2938,16/02/2026,2233,9600,8,R$ 150
2939,2026-05-27,446,2290,8,
2940,20/04/2026,2420,370,9,1200
2941,2026-01-09,1169,7000,4,2500
2942,13-05-2026,1835,4540,9,2500
2943,2026-06-20,1735,4870,6,1200
2944,2026/03/04,1440,2980,1,1200
2945,13/06/2026,1911,4930,3,1200
2946,2026-03-17,1445,7050,9,
2947,19-05-2026,1433,5420,4,1200
2948,2026/03/16,2036,6450,9,35
2949,2026-01-30,1273,880,8,800
2950,2026-01-30,157,5360,7,R$ 80
2951,2026-06-12,1667,9930,4,
2952,2026-03-12,2781,3650,-1,800
2953,2026-03-19,2725,5680,3,
2954,27/05/2026,253,9500,5,800
2955,2026-03-27,1527,7570,9,35
2956,2026/02/27,1713,2170,7,800
2957,2026-02-12,1433,7900,2,"3000,00"
2958,2026-02-26,365,8020,5,150
2959,15/06/2026,2610,6460,7,2500
2960,21/06/2026,267,7480,-3,500
2961,2026-05-21,2974,9970,9,2500
2962,2026/02/12,528,3090,,R$ 2500
2963,2026-04-23,2474,5150,4,80
2964,04-01-2026,2153,9920,7,2500
2965,2026-05-24,173,2360,9,800
2966,28/01/2026,2351,990,2,2500
2967,08-03-2026,1678,1580,4,80
2968,2026-03-31,543,1310,10,3000
2969,2026/02/11,2493,3640,10,800
2970,2026-04-04,346,6470,9,R$ 3000
2971,01/03/2026,467,7770,8,80
2972,10-01-2026,807,3920,2,800
2973,2026-03-06,1810,3410,-3,800
2974,2026-04-05,1171,2910,9,150
2975,2026/04/17,1271,7460,5,80
2976,2026/05/27,570,8560,8,35
2977,10/05/2026,1856,1390,,500
2978,2026-02-19,2534,4020,3,800
2979,02/05/2026,110,7220,5,80
2980,2026/03/08,1207,40,7,80
2981,2026-02-18,1434,3620,2,500
2982,2026/04/21,462,2130,2,1200
2983,03/01/2026,1541,2800,6,150
2984,2026-03-28,1747,9250,1,800
2985,15-05-2026,2956,140,8,80
2986,2026-02-18,234,7090,10,500
2987,2026/01/27,1117,1560,3,3000
2988,09-02-2026,614,4600,7,3000
2989,2026-06-07,2176,8130,2,800
2990,18-05-2026,2723,7240,5,150
2991,2026-03-16,2601,1990,4,2500
2992,13-06-2026,744,8880,7,2500
2993,04-06-2026,119,9320,4,2500
2994,23/04/2026,958,7820,4,80
2995,22-02-2026,2082,4610,6,500
2996,23/02/2026,2288,2270,2,1200
2997,20-06-2026,3083,990,2,2500
2998,2026/05/19,746,2560,9,35
2999,2026-06-02,2265,8570,10,1200
3000,2026-01-19,1231,7940,4,3000
3001,2026-01-25,1108,2670,6,
3002,2026/04/07,151,5130,3,500
3003,2026-04-01,1727,390,7,150
3004,21-03-2026,2126,5660,3,150
3005,2026-03-28,2354,7140,7,80
3006,2026-03-04,1804,1290,9,"800,00"
3007,24-03-2026,2614,9120,1,2500
3008,07-06-2026,364,390,10,3000
3009,17-02-2026,1832,5440,6,35
3010,2026-02-24,481,7820,3,80
3011,24-04-2026,2030,2010,-4,80
3012,20/02/2026,899,6340,,
3013,2026-01-14,2824,4010,1,
3014,15-02-2026,1266,5050,6,3000
3015,2026/05/17,2624,1760,3,3000
3016,31-01-2026,814,1570,4,150
3017,27/04/2026,816,9880,5,R$ 35
3018,01/06/2026,2869,2550,5,3000
3019,2026-04-05,2726,880,7,800
3020,10/03/2026,314,590,10,150
3021,2026/03/11,988,4100,10,500
3022,2026-03-31,2716,6660,1,800
3023,28/03/2026,2311,5050,1,3000
3024,09/01/2026,323,7500,8,R$ 150
3025,2026/01/20,1586,6020,1,800
3026,2026-03-02,1636,6900,7,
3027,2026-01-13,1762,320,10,500
3028,2026-02-23,130,8700,3,150
3029,2026-04-09,2423,2130,7,800
3030,2026-04-09,1029,2370,2,"800,00"
3031,21-05-2026,880,1080,,R$ 3000
3032,2026-04-25,2485,3030,5,35
3033,29/01/2026,2709,5870,9,80
3034,2026-01-03,1463,4230,4,1200
3035,17-04-2026,1595,6130,8,2500
3036,2026-02-16,1083,6680,3,150
3037,2026/05/15,1642,4910,1,2500
3038,2026-04-19,1308,5960,4,1200
3039,2026-04-23,433,6810,1,1200
3040,2026-05-08,720,1320,10,3000
3041,2026/06/23,769,4040,6,3000
3042,14/05/2026,2247,6100,2,2500
3043,22-05-2026,505,4890,6,R$ 80
3044,2026-03-08,1178,1190,9,800
3045,20-03-2026,1901,2230,4,"3000,00"
3046,01-05-2026,3025,2710,1,2500
3047,2026-03-24,1401,6710,-3,3000
3048,2026-01-02,131,9150,2,3000
3049,23/01/2026,1685,1070,1,R$ 80
3050,02/02/2026,2281,2270,9,80
3051,08-01-2026,1403,4820,6,2500
3052,2026-01-08,362,6820,6,800
3053,2026/04/13,3007,9160,9,150
3054,2026-01-20,1248,2110,3,800
3055,2026/01/18,1139,9000,6,800
3056,2026-04-22,2264,1500,1,2500
3057,2026-03-17,401,8160,9,800
3058,27/02/2026,2548,8290,6,150
3059,2026-06-26,1405,1510,8,800
3060,2026-03-25,1057,1010,5,
3061,2026/01/09,2745,8420,2,500
3062,2026-06-17,1017,6580,7,500
3063,2026-06-25,2134,5570,1,3000
3064,2026/05/28,1416,4640,1,80
3065,2026-05-15,157,2810,6,800
3066,2026-05-06,2142,2470,4,1200
3067,17-06-2026,2021,2550,10,"3000,00"
3068,2026-06-20,1576,1600,6,"500,00"
3069,29/06/2026,1410,500,1,500
3070,22-01-2026,574,5310,7,3000
3071,2026/01/05,1569,1740,6,"1200,00"
3072,31/03/2026,2437,1570,9,800
3073,2026-02-09,2170,510,4,150
3074,20-04-2026,489,930,5,35
3075,2026/06/12,1662,1820,9,35
3076,17-05-2026,2788,560,4,80
3077,08-02-2026,583,4720,6,150
3078,2026/02/08,757,2150,2,150
3079,05/05/2026,1519,30,4,1200
3080,2026-04-20,817,7060,2,R$ 800
3081,2026/03/13,2135,6690,4,150
3082,16/06/2026,2966,5020,3,80
3083,2026/03/21,149,6240,1,3000
3084,2026-05-04,1614,6660,2,800
3085,13-01-2026,2814,3380,3,1200
3086,2026/06/14,109,8850,6,1200
3087,25/06/2026,2125,6230,10,500
3088,2026/06/21,2102,2160,6,3000
3089,2026/05/14,508,4330,2,150
3090,2026-01-22,525,1050,2,500
3091,2026-01-13,2048,3370,1,150
3092,14-04-2026,1243,9780,5,80
3093,2026/02/05,617,1860,3,35
3094,05/03/2026,1418,9080,8,35
3095,2026-05-28,2496,8510,4,
3096,15-05-2026,2402,9000,9,500
3097,2026-02-13,558,4350,9,150
3098,2026-06-16,127,6330,10,500
3099,2026-04-06,1050,770,9,800
3100,03/06/2026,1110,5540,,3000
3101,2026-06-16,1048,5570,4,500
3102,2026-06-21,1192,4060,6,1200
3103,23-04-2026,163,160,4,1200
3104,10/05/2026,938,9400,2,80
3105,08/01/2026,834,5790,4,"1200,00"
3106,2026/02/04,2292,2880,10,150
3107,12/05/2026,1551,2250,6,2500
3108,2026-01-26,1062,2220,8,35
3109,17/04/2026,2122,630,7,500
3110,2026-03-01,2448,8080,7,80
3111,2026-06-01,1003,270,8,500
3112,2026-02-18,334,2360,10,80
3113,2026/01/03,981,4980,4,35
3114,18/05/2026,309,9180,,1200
3115,12/01/2026,496,4010,5,3000
3116,2026-03-18,1868,5730,8,500
3117,2026-03-24,1840,9680,3,35
3118,2026-02-26,1907,6400,3,35
3119,10-02-2026,3083,360,8,35
3120,22/03/2026,2975,3290,,80
3121,17/04/2026,1178,2850,6,3000
3122,2026/06/28,426,8450,5,800
3123,09-01-2026,1167,570,6,80
3124,05-04-2026,2828,3340,5,35
3125,2026-02-14,3088,4040,6,"500,00"
3126,2026-01-07,1155,8850,5,35
3127,11/06/2026,1688,6460,10,80
3128,11-03-2026,1572,3170,1,
3129,2026-03-17,1300,7310,6,800
3130,09/04/2026,965,3030,9,3000
3131,2026-04-03,1256,9170,10,150
3132,2026-04-12,1396,4550,2,500
3133,28/06/2026,1458,7570,9,80
3134,2026/01/28,1674,3620,6,35
3135,2026-01-31,1452,6170,,R$ 500
3136,2026-01-06,390,7950,2,2500
3137,04-05-2026,2084,8780,7,500
3138,26/01/2026,2930,9860,3,500
3139,2026-04-28,338,1670,7,80
3140,07-03-2026,1239,3890,5,1200
3141,14/06/2026,838,2580,2,500
3142,18-01-2026,1092,8850,3,800
3143,24/06/2026,2120,9560,3,3000
3144,25-03-2026,479,7350,5,
3145,02/01/2026,1368,3940,9,800
3146,02-03-2026,2476,1590,5,3000
3147,14-06-2026,1100,4900,8,2500
3148,27/05/2026,943,4640,6,500
3149,2026-02-07,2406,1030,8,80
3150,18/05/2026,1356,4530,8,2500
3151,2026/04/13,2935,6260,2,500
3152,2026-02-11,1137,1300,10,R$ 500
3153,22-04-2026,2133,8660,1,1200
3154,2026-04-25,579,270,7,500
3155,01/06/2026,1803,4970,-3,800
3156,03-05-2026,555,2790,-4,3000
3157,2026-01-15,1596,9750,2,1200
3158,2026-03-14,1256,370,10,1200
3159,2026-03-24,1696,6460,5,800
3160,2026-05-21,1479,7510,8,2500
3161,2026-06-22,1092,8480,5,
3162,2026-03-27,2416,9210,4,35
3163,11/02/2026,2026,1340,3,3000
3164,25/03/2026,2379,5100,9,800
3165,2026/02/10,2743,4370,1,500
3166,2026/04/19,2314,320,3,3000
3167,2026-03-20,807,6570,10,800
3168,2026-04-03,2075,6180,2,2500
3169,03/05/2026,2013,6980,3,800
3170,18-04-2026,2412,670,7,500
3171,20/04/2026,189,8760,8,150
3172,2026-02-15,506,3980,6,2500
3173,2026-05-16,2660,5220,1,3000
3174,06/01/2026,906,2210,5,35
3175,2026-05-03,829,8520,10,150
3176,13/03/2026,501,5660,,2500
3177,2026-06-13,2602,6280,3,800
3178,2026-03-09,380,1100,9,3000
3179,2026-01-25,1564,6050,2,
3180,2026/02/18,2406,8340,1,1200
3181,09-04-2026,2886,4440,5,150
3182,2026/03/16,2385,6920,8,1200
3183,2026/06/23,1276,9080,9,800
3184,2026/05/02,1089,3140,6,35
3185,2026/01/03,3095,1840,8,150
3186,21-01-2026,2458,2100,7,150
3187,2026-03-26,747,4350,10,150
3188,17/06/2026,2868,7930,4,3000
3189,2026/05/23,2998,5000,4,800
3190,2026/01/21,2257,9910,3,3000
3191,2026/05/08,1672,9420,1,
3192,2026/04/08,778,6120,10,2500
3193,2026-03-14,1398,4980,9,35
3194,2026-03-15,418,7220,8,80
3195,04/02/2026,1247,2560,4,"3000,00"
3196,2026-02-16,1894,5420,5,2500
3197,2026-04-02,424,5970,4,80
3198,08-01-2026,3047,3320,6,2500
3199,27-02-2026,476,8330,1,35
3200,17-01-2026,2939,4730,4,80
3201,2026-04-26,214,8220,4,35
3202,2026/01/27,2969,8710,4,3000
3203,02/06/2026,2696,6750,-1,80
3204,16/03/2026,1795,1610,9,150
3205,10-02-2026,2875,9180,1,"2500,00"
3206,2026-05-15,1206,8670,7,"2500,00"
3207,2026-06-16,449,999,4,1200
3208,2026/01/11,2030,860,9,35
3209,09-01-2026,1489,540,6,500
3210,29/01/2026,1444,6260,7,35
3211,08/02/2026,2560,8000,5,3000
3212,2026-06-05,304,8680,9,1200
3213,23/03/2026,134,8580,3,800
3214,2026/03/08,1685,6050,9,2500
3215,2026-05-06,1157,9010,9,150
3216,2026-05-08,575,3080,2,"2500,00"
3217,2026-05-23,410,5820,6,1200
3218,11/01/2026,1745,5040,7,1200
3219,2026-03-09,1287,940,5,150
3220,2026/03/08,1757,5060,1,35
3221,2026-01-12,608,2330,9,2500
3222,2026-02-15,1133,8990,8,35
3223,2026-03-07,3073,5770,2,800
3224,2026-01-02,1666,6760,8,"35,00"
3225,2026-05-17,1185,2260,10,3000
3226,27/02/2026,2765,8060,7,80
3227,2026-03-22,1981,8030,1,35
3228,2026-04-21,2918,8520,6,80
3229,18-05-2026,123,9210,8,800
3230,14-03-2026,1586,4680,9,2500
3231,2026/05/04,1876,4390,2,150
3232,15/02/2026,1053,3070,2,800
3233,12/06/2026,719,1140,8,150
3234,09/06/2026,1010,2010,8,800
3235,14-01-2026,2877,5910,1,1200
3236,2026/03/10,2919,4770,7,R$ 35
3237,2026/06/21,1502,7740,3,35
3238,2026-04-17,160,8810,1,150
3239,2026-06-18,387,8710,3,35
3240,2026/04/12,1975,640,6,1200
3241,2026-06-09,605,4010,7,80
3242,2026-04-16,2446,4160,6,2500
3243,2026-02-19,323,1360,4,2500
3244,18-02-2026,349,6340,6,800
3245,21-05-2026,181,3970,1,3000
3246,2026/04/29,2761,8830,2,500
3247,15-03-2026,330,530,7,2500
3248,16/03/2026,1087,8730,10,500
3249,2026-01-02,354,2310,6,
3250,17/05/2026,2676,5090,7,800
3251,2026-06-24,1628,6390,5,800
3252,06-06-2026,2703,8510,9,"500,00"
3253,2026-05-01,2102,6710,1,150
3254,2026-04-19,566,1930,,35
3255,2026/06/11,585,9170,6,3000
3256,2026-05-04,2321,5210,9,800
3257,2026-03-20,756,5230,6,35
3258,2026-03-30,853,140,3,"1200,00"
3259,05-04-2026,580,1940,5,R$ 3000
3260,23/04/2026,2042,6890,6,35
3261,2026-02-01,2650,7650,9,R$ 800
3262,2026-01-07,480,8420,3,35
3263,01/01/2026,2689,9480,-3,"1200,00"
3264,20/04/2026,972,2220,3,3000
3265,2026-06-09,1668,5760,10,800
3266,11/05/2026,2606,2080,-2,1200
3267,22/02/2026,1638,530,4,2500
3268,2026-04-23,1336,8500,2,500
3269,2026/06/06,2622,890,6,80
3270,2026-04-21,1277,8910,5,500
3271,31/03/2026,899,870,6,800
3272,18/04/2026,581,3770,-5,1200
3273,2026-03-17,1054,8090,2,3000
3274,29/05/2026,1783,8000,1,150
3275,2026-03-13,961,2470,9,R$ 500
3276,2026-05-26,695,3330,,150
3277,2026-03-08,1372,2520,9,2500
3278,20/04/2026,2015,420,3,"2500,00"
3279,11/02/2026,2053,7520,7,2500
3280,2026-05-09,941,9950,4,35
3281,15-05-2026,704,2070,1,
3282,2026/06/05,2479,5560,8,"3000,00"
3283,25/06/2026,507,5370,7,R$ 150
3284,25/05/2026,2662,8980,7,500
3285,16-05-2026,2909,1790,2,2500
3286,2026-05-27,157,3880,7,80
3287,10/02/2026,293,3200,3,1200
3288,2026-06-22,1422,5160,7,80
3289,2026-06-02,2686,2930,10,3000
3290,2026-04-24,606,430,9,500
3291,02/01/2026,1517,9070,5,3000
3292,12-01-2026,1213,9190,4,500
3293,23/03/2026,2935,4690,3,"2500,00"
3294,2026-01-26,2845,5170,7,2500
3295,2026-04-17,1412,9450,10,3000
3296,2026-03-19,200,5440,9,35
3297,2026-02-24,809,9450,6,500
3298,2026-02-02,2255,5410,5,80
3299,23/03/2026,2708,1010,8,500
3300,2026/03/14,590,8610,6,2500
3301,11/03/2026,2567,2830,5,500
3302,29/01/2026,2331,1630,1,1200
3303,07/06/2026,1881,1390,-3,35
3304,23/04/2026,3029,9380,1,80
3305,2026-04-25,1682,1430,10,3000
3306,2026/03/23,1505,6470,6,800
3307,27/03/2026,1829,4120,10,150
3308,15-01-2026,764,1390,7,3000
3309,2026-01-12,197,1020,5,80
3310,2026-02-11,1056,5710,9,500
3311,2026-06-07,932,8550,10,2500
3312,02/04/2026,1136,4340,7,150
3313,21-04-2026,348,2330,6,3000
3314,2026-05-22,1379,2060,2,800
3315,2026-05-29,697,4930,6,35
3316,2026-01-09,417,1530,7,800
3317,2026/06/12,2499,8190,5,35
3318,2026-01-22,2547,1090,6,1200
3319,21-03-2026,1119,400,-4,800
3320,03/02/2026,2111,7450,3,35
3321,2026-03-22,3025,1340,9,3000
3322,2026-02-20,913,1620,7,1200
3323,13/04/2026,535,470,1,2500
3324,17-01-2026,2127,960,5,35
3325,2026-04-02,192,4170,3,3000
3326,2026-03-07,2457,6620,7,1200
3327,21/04/2026,1559,630,4,800
3328,06/05/2026,1179,820,7,35
3329,2026/04/06,1544,1970,9,3000
3330,03/06/2026,2398,5060,10,"150,00"
3331,18/01/2026,1424,1680,9,150
3332,2026/01/13,506,4090,5,
3333,2026-06-18,649,6180,8,800
3334,2026-03-15,3040,9990,5,1200
3335,2026-05-15,2144,7100,5,35
3336,01-05-2026,631,2690,7,800
3337,2026-05-04,2189,2170,5,80
3338,2026-01-03,2672,9200,2,"35,00"
3339,2026-05-27,1295,2990,10,150
3340,2026-03-05,2706,2660,3,150
3341,2026-05-10,2576,4820,1,150
3342,2026-06-01,1503,6590,10,80
3343,2026/05/16,1037,2710,6,2500
3344,30/01/2026,1014,2940,5,"800,00"
3345,30/04/2026,2206,7910,,"500,00"
3346,03/03/2026,2600,6650,6,3000
3347,17-06-2026,1436,6350,,3000
3348,2026/06/26,606,1600,2,80
3349,2026-02-16,2711,1560,9,80
3350,2026/03/09,2368,5180,8,"3000,00"
3351,2026-01-15,216,4550,,1200
3352,06/01/2026,634,3950,3,3000
3353,2026/03/07,929,1340,8,
3354,07/05/2026,316,2620,1,3000
3355,2026-06-14,2576,9470,8,1200
3356,2026-06-16,2513,6370,4,2500
3357,2026/01/28,1332,3710,2,500
3358,03/04/2026,3042,9120,9,150
3359,2026/02/07,174,1040,6,80
3360,2026-05-28,2073,9510,9,3000
3361,03/04/2026,1018,1980,2,3000
3362,2026-02-28,2825,2190,8,1200
3363,17/01/2026,1833,7680,8,2500
3364,2026-01-13,184,8220,,35
3365,2026-05-16,2816,6260,6,"3000,00"
3366,2026-01-02,2708,1290,4,35
3367,2026-04-18,2616,7170,,500
3368,09-04-2026,953,1750,8,150
3369,2026-05-08,1677,7940,7,3000
3370,2026-01-23,1526,1680,4,3000
3371,2026-06-18,1432,4570,2,800
3372,2026-03-18,2594,2750,2,2500
3373,22-03-2026,2454,9950,7,150
3374,2026-06-21,1239,70,3,3000
3375,2026-06-20,1554,4620,4,2500
3376,02/01/2026,341,3290,9,150
3377,15-06-2026,226,9610,9,2500
3378,05/01/2026,2472,1080,6,2500
3379,20/01/2026,1749,7460,7,35
3380,2026-03-27,1208,2410,1,
3381,2026-02-17,1624,3510,5,3000
3382,2026/06/14,1718,3720,4,150
3383,03/05/2026,1333,860,6,35
3384,25/03/2026,3076,1560,1,800
3385,2026/04/20,862,1210,8,35
3386,2026/01/26,1470,2260,8,500
3387,2026-01-04,1314,1690,1,3000
3388,18/01/2026,1812,1530,1,R$ 2500
3389,15/01/2026,307,4430,7,35
3390,2026-04-28,2461,610,2,3000
3391,27/05/2026,2890,4810,7,R$ 500
3392,28-05-2026,1790,4540,-5,2500
3393,21/05/2026,2623,4310,3,150
3394,2026-05-11,2202,6860,9,800
3395,2026/04/26,2309,5210,3,800
3396,2026-04-27,1752,5440,9,2500
3397,25-04-2026,2158,1920,4,35
3398,10/01/2026,1904,670,5,3000
3399,01-06-2026,166,1190,4,500
3400,2026/02/08,460,680,7,3000
3401,14-05-2026,1235,190,9,150
3402,2026-04-14,2595,6580,2,500
3403,2026/04/18,330,5820,3,500
3404,06-04-2026,1773,6550,9,80
3405,31-01-2026,2604,650,9,80
3406,2026/04/08,196,270,8,35
3407,2026-03-20,1173,620,9,80
3408,2026/06/04,2625,2620,8,80
3409,30/06/2026,398,6380,3,2500
3410,17/05/2026,187,6390,7,35
3411,2026-05-14,1294,3160,7,2500
3412,2026-04-10,2054,7780,3,800
3413,2026-01-01,2021,520,1,1200
3414,30/03/2026,1248,6950,,3000
3415,25/06/2026,2977,3310,3,800
3416,2026-01-09,909,860,9,R$ 2500
3417,30/03/2026,2594,4460,3,800
3418,12-06-2026,1818,2710,2,800
3419,30-03-2026,968,1860,2,R$ 35
3420,04-02-2026,1753,2380,10,150
3421,24-04-2026,2092,7150,1,1200
3422,2026-06-23,2174,1770,6,1200
3423,2026-06-27,2305,8070,4,R$ 35
3424,22/03/2026,1489,4890,5,80
3425,05-04-2026,521,2160,6,1200
3426,2026-03-05,939,4820,9,500
3427,2026-03-04,1410,9190,6,150
3428,2026-02-26,1062,2580,2,500
3429,2026/05/04,1872,3340,3,35
3430,2026-02-27,151,4310,6,1200
3431,12-01-2026,1349,8010,10,"800,00"
3432,23/06/2026,2228,3890,6,3000
3433,2026-05-28,1951,240,3,1200
3434,2026/04/29,1659,200,6,1200
3435,2026-06-23,689,7740,2,2500
3436,2026/04/06,361,870,3,3000
3437,2026/02/25,491,8500,5,3000
3438,2026/03/28,2959,5580,7,500
3439,2026-01-23,1901,6050,8,35
3440,26-06-2026,1464,2550,9,80
3441,2026-06-30,1014,6750,7,1200
3442,2026/04/04,2743,4990,7,800
3443,2026-03-27,2666,3360,3,150
3444,19-05-2026,2791,2110,7,800
3445,03/02/2026,2915,7520,4,35
3446,24/05/2026,1641,460,7,500
3447,2026-03-09,252,9740,9,500
3448,08/02/2026,390,3910,10,
3449,2026-06-27,2177,3830,2,35
3450,2026-06-16,152,3690,6,2500
3451,22/03/2026,2913,5960,5,80
3452,2026-03-23,2266,5600,1,2500
3453,2026-05-15,115,4720,10,150
3454,2026/02/22,206,2510,7,35
3455,27-03-2026,2813,5180,5,500
3456,2026-05-05,563,8610,7,3000
3457,2026-04-17,2390,8010,2,80
3458,2026-05-10,1347,2390,5,"500,00"
3459,01-06-2026,2435,9920,7,800
3460,2026-05-23,235,680,8,800
3461,2026-06-03,2937,9130,2,150
3462,02/04/2026,1906,3170,4,35
3463,2026-02-24,396,5020,8,35
3464,2026-06-30,676,5060,9,80
3465,2026-05-17,784,250,1,R$ 800
3466,2026-03-30,1958,1720,2,
3467,2026-03-30,275,200,2,3000
3468,2026/02/16,364,2310,3,150
3469,2026-06-16,982,6790,1,
3470,25/05/2026,2394,9090,10,
3471,2026-03-12,1688,850,4,"2500,00"
3472,30/04/2026,2111,1610,-3,"1200,00"
3473,27-05-2026,130,4450,4,1200
3474,2026-02-22,559,9780,3,2500
3475,2026-01-18,2461,2790,2,3000
3476,03/04/2026,3087,9710,4,500
3477,08/01/2026,1916,2080,-5,150
3478,01/01/2026,483,6540,6,2500
3479,2026-03-03,305,2280,4,1200
3480,2026-02-21,515,6030,9,35
3481,2026/01/08,1323,1050,7,3000
3482,2026/01/24,1864,5320,2,800
3483,02-01-2026,173,2310,6,1200
3484,2026/06/22,1290,3980,5,"150,00"
3485,2026-05-09,2745,9370,3,500
3486,2026-01-25,1526,1080,9,35
3487,2026/01/05,560,8730,6,35
3488,2026-03-29,2470,9480,8,3000
3489,2026-01-06,486,9070,3,150
3490,12/05/2026,1263,2010,7,1200
3491,12/06/2026,2718,5120,3,35
3492,2026-01-01,2377,4980,1,500
3493,2026-06-22,1265,5000,5,80
3494,2026/02/06,3012,8820,2,3000
3495,2026-03-28,1315,3730,6,35
3496,2026-01-14,2673,6330,7,1200
3497,20-02-2026,1840,9340,3,3000
3498,2026-06-01,1791,6450,10,35
3499,2026-02-10,333,6610,5,2500
3500,2026-04-24,912,4290,,R$ 800
3501,2026/01/16,153,1720,3,1200
3502,21/02/2026,429,1930,2,3000
3503,17/02/2026,2460,3550,2,3000
3504,2026-06-23,1691,2540,8,35
3505,2026-05-21,775,5670,4,500
3506,2026/06/06,2634,6460,1,150
3507,19/04/2026,1550,4450,3,35
3508,2026-04-08,1238,7390,8,2500
3509,2026/05/23,1667,1740,1,800
3510,2026/01/15,419,6650,5,500
3511,27/05/2026,736,3650,1,150
3512,2026-01-31,2234,3530,2,800
3513,23-06-2026,1421,7000,1,500
3514,22-06-2026,2319,7800,10,80
3515,01-02-2026,2406,8110,1,1200
3516,2026/02/22,275,8710,4,35
3517,2026-05-06,162,7520,4,35
3518,2026-05-15,529,7560,8,3000
3519,2026-06-01,2921,8920,2,35
3520,06-05-2026,2471,4700,-3,3000
3521,2026-03-20,2995,2850,,2500
3522,30-01-2026,1113,5230,7,3000
3523,2026-06-14,577,7910,6,1200
3524,19/04/2026,2556,9370,3,2500
3525,2026-04-15,3033,4880,5,500
3526,2026-01-11,2700,6310,1,1200
3527,24/03/2026,548,9470,2,500
3528,06-01-2026,1727,5310,4,150
3529,2026-05-10,2948,5610,7,35
3530,2026-06-10,524,4830,3,800
3531,2026-03-02,1085,4530,4,3000
3532,2026-01-12,409,5390,4,"800,00"
3533,30-03-2026,2073,7330,7,150
3534,2026-01-17,1276,4730,3,35
3535,07/03/2026,2073,9080,4,1200
3536,2026/03/13,1426,9550,7,800
3537,2026-02-19,501,7980,9,1200
3538,2026-04-14,2040,6530,1,800
3539,2026-02-19,1322,5610,8,80
3540,2026-04-21,2269,9920,-3,80
3541,2026-06-08,2849,1330,7,150
3542,2026-02-13,2015,2110,7,35
3543,20/05/2026,1878,8550,5,500
3544,2026-05-13,1950,9330,3,500
3545,2026-01-02,128,6660,9,500
3546,29/01/2026,1746,2940,5,150
3547,20/02/2026,1768,5690,4,500
3548,02/05/2026,2962,1660,9,80
3549,2026-04-04,951,6750,6,"500,00"
3550,2026-02-14,1729,4990,1,500
3551,2026-03-21,3074,4850,8,
3552,11/05/2026,2549,150,7,800
3553,2026-01-19,2947,320,2,2500
3554,2026-01-20,2192,6860,10,500
3555,2026-05-19,2698,5810,1,150
3556,2026/02/17,2748,9780,5,2500
3557,05/03/2026,1104,8480,10,150
3558,2026-02-14,786,6480,9,R$ 2500
3559,2026-06-23,1869,8190,3,500
3560,2026-06-27,2364,310,10,800
3561,10-01-2026,1235,7210,3,35
3562,2026-04-23,750,390,4,2500
3563,2026-05-21,2164,3380,4,3000
3564,2026-05-23,388,4920,3,3000
3565,2026-04-15,1804,9980,10,1200
3566,2026-06-30,2383,5830,1,2500
3567,2026-05-02,2960,4230,5,500
3568,2026-04-17,3002,2500,8,1200
3569,22-01-2026,2178,2790,6,3000
3570,07-05-2026,1584,5770,10,800
3571,2026-05-10,402,5490,9,500
3572,21/03/2026,2417,9260,10,"2500,00"
3573,2026-02-03,1429,50,7,3000
3574,2026-02-09,2064,8320,10,1200
3575,31/05/2026,394,9360,2,35
3576,2026/04/23,954,7830,5,35
3577,11-05-2026,3075,9800,-2,3000
3578,2026-06-10,2603,9140,1,2500
3579,2026-01-31,1793,7960,10,3000
3580,01-01-2026,3072,7650,10,500
3581,2026-03-02,1346,340,8,1200
3582,2026-02-16,276,680,7,1200
3583,2026-04-04,1335,5340,3,80
3584,25-06-2026,2130,6860,1,1200
3585,28-03-2026,2062,2160,5,"80,00"
3586,2026-04-14,218,7650,7,80
3587,22-06-2026,2804,3520,2,3000
3588,2026/01/06,774,3010,6,2500
3589,29/06/2026,2191,870,4,2500
3590,2026-04-26,1462,8680,5,2500
3591,09/04/2026,1200,7940,7,35
3592,02-03-2026,2339,1620,5,2500
3593,2026/04/07,2340,7220,2,3000
3594,13/05/2026,1282,1110,1,500
3595,27-02-2026,2257,4560,2,150
3596,2026-04-10,2410,9010,8,35
3597,10/02/2026,2588,2140,10,800
3598,18/01/2026,448,8110,6,1200
3599,05/06/2026,226,9420,-2,1200
3600,23/05/2026,1123,590,4,2500
3601,15-05-2026,1911,7150,6,80
3602,2026-01-14,1068,4090,8,2500
3603,2026-06-05,2476,6730,4,150
3604,2026-02-03,2564,3930,8,80
3605,2026-05-01,1950,5970,3,35
3606,2026-03-20,2845,250,9,800
3607,22/02/2026,2265,1420,10,3000
3608,13-03-2026,1065,6920,8,800
3609,2026-05-14,2174,6190,7,35
3610,03/05/2026,1051,5790,5,80
3611,2026-03-03,257,7640,10,800
3612,2026-06-25,1293,2670,3,"3000,00"
3613,2026-02-05,1217,3520,8,"2500,00"
3614,2026-06-04,1985,8480,9,3000
3615,15/01/2026,471,8940,10,80
3616,2026/04/08,1080,4600,9,35
3617,16/04/2026,2551,6240,1,1200
3618,03/05/2026,3048,4810,2,500
3619,22/06/2026,2561,6430,6,2500
3620,2026/04/26,2059,7090,7,R$ 500
3621,2026/05/03,375,5320,7,2500
3622,2026-05-16,1754,9240,4,2500
3623,2026-05-17,143,9610,7,150
3624,07/06/2026,1342,280,7,2500
3625,12/03/2026,1954,320,4,2500
3626,2026/03/05,2407,6660,2,R$ 150
3627,2026-04-30,299,9270,1,80
3628,16/05/2026,1144,9400,9,35
3629,22/06/2026,177,3640,7,
3630,2026-06-12,2249,4370,10,"35,00"
3631,21/01/2026,995,1930,6,150
3632,04-01-2026,604,9510,8,1200
3633,10/03/2026,696,4740,7,80
3634,14/02/2026,3083,9780,4,500
3635,2026-03-26,2622,3190,1,80
3636,2026/03/07,1934,4040,2,2500
3637,21-06-2026,2457,8620,6,35
3638,2026-03-14,976,800,2,3000
3639,2026-06-21,1771,3780,4,800
3640,2026-04-20,1583,2890,2,150
3641,2026-01-16,2319,2880,7,3000
3642,2026-04-22,2865,540,10,150
3643,11-05-2026,570,9150,4,1200
3644,28-03-2026,2724,2690,6,2500
3645,17/05/2026,1832,8260,1,3000
3646,2026-05-11,1117,8010,9,800
3647,2026/04/27,399,2510,5,35
3648,11/03/2026,2161,8910,1,1200
3649,18-05-2026,668,6860,6,1200
3650,2026/04/17,420,1350,-5,35
3651,2026-06-15,493,6400,6,3000
3652,2026-04-23,1077,8100,,80
3653,2026-03-11,1034,9900,5,800
3654,02/02/2026,2918,3290,1,35
3655,2026/02/12,3096,7730,10,1200
3656,13-01-2026,2395,5090,6,500
3657,2026-01-10,1213,6500,4,150
3658,10-02-2026,683,260,6,1200
3659,2026/04/08,2169,3090,6,2500
3660,24/04/2026,1000,8550,4,500
3661,2026-03-16,221,5930,2,1200
3662,2026-05-21,866,8050,1,1200
3663,2026-05-11,1926,5310,2,2500
3664,11/06/2026,2887,5360,1,3000
3665,29-03-2026,745,6860,7,
3666,23-02-2026,1933,1020,9,3000
3667,2026/04/26,319,8140,1,"150,00"
3668,29-03-2026,2816,9290,5,2500
3669,30-05-2026,1996,2950,1,2500
3670,2026-05-17,2128,1950,1,150
3671,2026/03/07,1202,140,4,80
3672,21-01-2026,2774,6400,1,"80,00"
3673,2026/01/15,1729,5010,10,80
3674,2026/06/08,1135,9510,7,80
3675,2026-04-11,1822,2820,1,3000
3676,2026-02-26,1915,3500,3,35
3677,28-01-2026,890,120,2,R$ 2500
3678,2026-05-15,472,3390,10,"35,00"
3679,2026-05-07,1670,8980,5,500
3680,2026-05-21,1316,1520,4,80
3681,2026-02-05,1332,3920,5,800
3682,2026-01-10,1712,630,4,3000
3683,16/05/2026,2634,1690,2,"80,00"
3684,2026-04-28,2591,270,5,3000
3685,2026/05/17,3076,1080,8,35
3686,2026-04-11,2713,8910,6,1200
3687,2026-04-04,188,9080,4,2500
3688,23/03/2026,3082,9440,8,80
3689,2026/01/06,2632,7340,4,3000
3690,2026/05/19,1748,3230,1,35
3691,2026-02-24,969,260,9,
3692,2026/04/29,109,250,8,1200
3693,2026-04-25,3004,7950,5,80
3694,23/02/2026,1499,830,3,"500,00"
3695,31/03/2026,468,4870,3,2500
3696,2026-06-25,220,5580,1,800
3697,13-06-2026,154,5490,9,2500
3698,2026-01-21,1605,5150,,800
3699,2026-03-01,1405,6980,8,3000
3700,2026-01-26,539,7200,2,35
3701,25-01-2026,2802,8940,7,2500
3702,2026-04-05,1468,1560,8,500
3703,2026-04-26,152,4630,7,2500
3704,2026-04-21,1359,1040,4,1200
3705,2026-03-21,2432,3440,8,800
3706,2026-03-29,1982,4550,9,3000
3707,26/02/2026,2446,3830,7,35
3708,11-02-2026,2766,2560,1,80
3709,05-01-2026,1546,7300,1,3000
3710,2026-01-20,500,6360,7,500
3711,15/01/2026,2098,9330,6,"2500,00"
3712,2026-01-24,2732,6240,6,500
3713,2026/05/10,476,4030,10,35
3714,2026/05/21,2185,900,7,"2500,00"
3715,2026-02-19,2459,5480,-1,500
3716,2026-02-21,2425,2100,6,2500
3717,27-06-2026,2240,5110,4,800
3718,17-03-2026,1168,970,8,2500
3719,18/05/2026,1289,2480,,2500
3720,2026-03-19,2723,2060,9,500
3721,14/05/2026,2575,7370,3,R$ 1200
3722,2026-06-22,3007,6040,-3,1200
3723,2026-02-09,1895,4890,4,80
3724,2026-02-17,494,1340,9,3000
3725,2026-04-14,129,2630,10,3000
3726,2026-03-06,2016,4360,3,150
3727,2026-06-06,1457,9630,7,"150,00"
3728,2026-04-05,528,2540,3,800
3729,14/06/2026,3016,6420,1,35
3730,2026-04-23,1463,7270,1,3000
3731,21/03/2026,2221,3060,9,R$ 500
3732,2026-04-27,2130,5490,4,1200
3733,2026-05-19,623,9430,3,800
3734,19/05/2026,1685,8940,,500
3735,2026-03-05,2096,4350,6,800
3736,2026-03-09,2741,7850,2,35
3737,16/03/2026,1995,8860,2,150
3738,2026/05/10,1064,9640,9,800
3739,03/01/2026,652,4700,3,3000
3740,2026-06-28,1418,3950,6,500
3741,2026-06-04,2520,990,5,800
3742,2026-03-06,2256,30,1,150
3743,2026-06-12,1749,2680,10,2500
3744,2026-03-17,2945,5790,7,800
3745,17/04/2026,2374,4640,9,35
3746,02/03/2026,1677,3280,7,35
3747,2026-05-22,2475,5570,,80
3748,22/05/2026,129,7160,1,1200
3749,27/04/2026,2338,9960,9,3000
3750,2026/06/17,734,530,4,35
3751,16-01-2026,2322,650,7,150
3752,22-02-2026,2518,4790,7,R$ 150
3753,2026-03-10,2955,700,9,35
3754,23-06-2026,1961,7520,3,800
3755,09/02/2026,1775,2220,4,800
3756,30-06-2026,921,5730,9,3000
3757,10/03/2026,1539,6240,10,150
3758,28-02-2026,1573,3720,9,1200
3759,08-02-2026,2761,2270,4,80
3760,21/01/2026,210,3590,9,3000
3761,05/01/2026,713,6020,5,35
3762,23-06-2026,2598,3050,8,1200
3763,10/02/2026,867,4760,9,80
3764,09-03-2026,432,8300,10,80
3765,11/02/2026,1482,8020,9,3000
3766,2026-03-07,281,5910,7,150
3767,13-05-2026,1520,7530,1,3000
3768,2026/01/06,2384,6540,6,3000
3769,21/01/2026,2139,2930,6,3000
3770,07/02/2026,2627,1320,6,2500
3771,29/06/2026,1200,4350,1,R$ 35
3772,27/06/2026,556,1310,7,150
3773,2026-02-17,2745,7000,8,
3774,2026-03-30,2937,410,8,150
3775,2026/03/10,308,6370,8,3000
3776,15/03/2026,2085,2960,4,35
3777,2026-05-17,1901,1360,10,35
3778,25-01-2026,2863,590,-4,500
3779,2026-04-28,2865,830,5,"150,00"
3780,2026-02-09,164,3240,10,3000
3781,2026-04-27,1873,5690,3,3000
3782,2026-04-26,1564,3560,9,2500
3783,09-04-2026,1575,260,7,2500
3784,09/05/2026,788,6740,9,R$ 3000
3785,2026-01-12,820,3520,7,800
3786,2026-03-05,1922,6370,3,800
3787,2026-05-11,1965,70,2,800
3788,26/03/2026,1680,2180,8,35
3789,27/03/2026,369,5360,7,80
3790,2026-06-15,1591,6710,6,800
3791,28/05/2026,523,6820,3,"800,00"
3792,20/06/2026,1993,7370,9,35
3793,2026-06-27,2956,8030,4,"2500,00"
3794,09/03/2026,111,8870,6,150
3795,2026-03-08,1803,5880,8,800
3796,22-02-2026,1353,7950,9,500
3797,2026-04-17,2689,7560,9,3000
3798,2026-04-09,3079,3240,1,800
3799,2026-06-08,1403,1670,8,35
3800,08-01-2026,894,6800,7,35
3801,2026/06/28,1326,640,9,800
3802,2026-06-09,1910,4340,6,80
3803,17/04/2026,1031,360,4,3000
3804,2026/01/28,2947,7070,10,R$ 800
3805,2026/03/02,1172,3360,3,500
3806,05/04/2026,329,9880,5,1200
3807,2026-05-08,517,7850,3,3000
3808,2026-02-23,1260,6120,7,500
3809,2026-06-29,942,1030,1,150
3810,2026-01-20,1658,30,8,2500
3811,2026-03-17,951,2870,1,150
3812,07-04-2026,953,2520,7,"800,00"
3813,14/04/2026,2527,8250,8,35
3814,2026-03-26,1575,7390,2,800
3815,28-02-2026,491,4870,4,2500
3816,2026-04-04,3091,7630,5,1200
3817,14/01/2026,681,8420,4,1200
3818,2026-05-01,791,2630,-3,1200
3819,2026-03-02,1762,9170,2,500
3820,2026-01-02,2788,5440,3,3000
3821,2026-06-12,1198,530,1,1200
3822,2026-06-20,1470,3750,7,500
3823,01/06/2026,2254,7890,5,500
3824,2026-04-23,1696,5940,1,1200
3825,2026/05/06,955,8460,4,35
3826,2026-02-02,1691,10,5,35
3827,27-04-2026,1617,270,6,35
3828,2026/06/23,1522,8010,10,35
3829,24/03/2026,1726,8890,3,150
3830,2026-03-16,1133,2460,,2500
3831,17/01/2026,253,8470,10,3000
3832,2026/01/26,1109,3910,6,80
3833,2026/01/24,3044,1510,3,R$ 2500
3834,2026-02-06,2369,4220,2,
3835,03/02/2026,1452,3060,5,150
3836,2026-03-03,1048,7080,1,
3837,2026-02-18,2257,9610,9,150
3838,2026-03-02,2725,6010,10,80
3839,2026-03-01,763,6190,7,80
3840,05-05-2026,853,6030,9,800
3841,2026/05/05,1271,580,9,3000
3842,2026-04-03,384,9270,9,
3843,2026-04-30,321,4020,4,"2500,00"
3844,05-05-2026,600,7390,7,3000
3845,2026-02-11,2107,7640,4,2500
3846,2026-02-07,2551,6850,8,3000
3847,20/02/2026,847,7080,9,"150,00"
3848,2026-04-21,756,1700,3,500
3849,2026-01-22,1433,1810,4,1200
3850,2026-01-08,2088,6980,,800
3851,11-01-2026,2916,990,5,80
3852,28-03-2026,860,6050,5,1200
3853,2026-06-22,2826,8440,4,500
3854,28/06/2026,242,2870,3,500
3855,2026-04-28,1544,9460,6,500
3856,2026-05-14,2738,9660,10,80
3857,2026-06-06,1093,7810,-3,1200
3858,03/04/2026,343,5210,3,1200
3859,2026-05-03,846,7590,4,
3860,02/01/2026,387,5710,5,800
3861,2026-04-27,3046,6460,3,80
3862,2026/03/05,2748,3900,1,2500
3863,2026/06/20,1977,8650,1,150
3864,03/02/2026,1612,8230,5,80
3865,2026-06-20,1608,3640,3,800
3866,2026-02-06,1772,4570,9,35
3867,2026/05/26,303,7570,7,800
3868,2026-03-05,1193,1750,6,500
3869,2026-02-09,1412,2780,4,150
3870,2026-06-12,1004,3060,4,"3000,00"
3871,08-02-2026,3014,2730,2,35
3872,27/03/2026,1785,5470,1,1200
3873,2026/01/20,864,1680,3,2500
3874,2026-04-24,2349,4750,8,2500
3875,11/02/2026,2670,9590,1,3000
3876,08/01/2026,425,7530,-1,R$ 35
3877,17-03-2026,1288,5370,6,2500
3878,18-03-2026,530,1160,8,800
3879,2026-06-17,1245,2630,1,35
3880,2026-06-28,393,7500,5,150
3881,14/03/2026,952,170,7,"800,00"
3882,2026-03-09,401,610,5,"500,00"
3883,2026-03-31,139,2230,9,3000
3884,2026-01-10,164,7900,6,80
3885,09/03/2026,1516,9600,7,35
3886,2026-01-31,639,9540,1,"150,00"
3887,28/02/2026,571,1080,2,"80,00"
3888,2026-04-22,3070,4830,5,500
3889,2026-06-07,559,370,7,
3890,07-03-2026,2144,1920,6,500
3891,2026-06-28,920,5120,3,
3892,2026-02-07,231,5590,5,1200
3893,2026-02-15,182,5620,1,2500
3894,2026-02-02,1044,8330,1,80
3895,2026/05/30,2612,5890,2,80
3896,2026/06/30,342,270,10,80
3897,09/06/2026,2998,1140,10,150
3898,2026-06-14,2234,4590,5,80
3899,01-06-2026,1153,6380,6,800
3900,2026/03/18,281,1530,5,150
3901,17-05-2026,1876,6410,7,2500
3902,2026-05-21,441,390,3,150
3903,2026-04-30,1211,1940,,2500
3904,08/05/2026,1057,6800,8,
3905,01/01/2026,652,2580,9,500
3906,2026/01/22,997,1960,2,1200
3907,2026-02-15,839,6880,7,R$ 2500
3908,10/04/2026,167,850,3,1200
3909,2026-06-23,2740,8630,1,2500
3910,2026/04/19,459,8720,9,
3911,03/03/2026,2427,1850,8,2500
3912,2026/02/25,185,7940,4,500
3913,30/05/2026,1520,460,7,3000
3914,2026-03-29,2256,6620,,35
3915,13/01/2026,319,5620,7,150
3916,2026/06/27,2169,8500,-3,2500
3917,2026/03/21,2497,5880,2,150
3918,2026-04-17,298,3810,,150
3919,30/05/2026,274,4510,10,80
3920,2026-05-10,1372,6260,4,2500
3921,09/03/2026,1071,1380,2,3000
3922,2026/05/25,2949,960,8,2500
3923,2026-04-06,2939,6840,5,500
3924,28/03/2026,916,7560,6,3000
3925,20-06-2026,827,6360,9,500
3926,2026-04-11,911,9700,4,2500
3927,2026-05-23,1575,9040,6,500
3928,25-03-2026,1393,2550,8,800
3929,04/02/2026,2223,1080,8,35
3930,2026-01-07,2311,920,2,35
3931,2026/02/06,123,5150,4,800
3932,2026-04-14,2908,6300,,3000
3933,30/06/2026,1549,1170,7,80
3934,08-05-2026,1168,3200,10,35
3935,2026-06-01,2851,7240,7,80
3936,2026-06-15,2925,1730,8,150
3937,2026-01-05,2755,8110,1,150
3938,2026/01/05,838,5360,7,1200
3939,2026-05-30,473,7250,6,2500
3940,13-04-2026,2660,5900,4,3000
3941,2026-04-01,2585,9870,1,150
3942,17/03/2026,1782,870,5,800
3943,27/02/2026,1908,9260,1,35
3944,2026-04-23,2017,6180,7,R$ 500
3945,25/02/2026,837,7280,1,150
3946,2026-06-01,2096,5510,6,150
3947,2026-03-17,2798,810,3,80
3948,20/04/2026,119,8410,10,"2500,00"
3949,2026-01-06,1850,8950,10,3000
3950,2026/02/10,631,7530,7,1200
3951,2026-05-28,1451,2570,1,800
3952,2026-06-10,2924,2390,9,2500
3953,2026/02/20,1645,9720,10,35
3954,2026-03-07,2276,4010,3,2500
3955,2026-02-27,2377,7270,2,1200
3956,2026-02-21,169,4780,2,35
3957,30/06/2026,2133,5290,1,80
3958,2026/05/12,2711,8210,4,800
3959,2026-01-19,2262,1530,5,1200
3960,23/01/2026,917,7980,9,80
3961,2026/05/06,3002,3150,6,35
3962,2026-03-20,645,470,10,1200
3963,16/01/2026,328,4540,8,3000
3964,2026-03-27,1415,1950,6,3000
3965,13/06/2026,1672,7310,-2,2500
3966,2026-02-23,1694,700,5,3000
3967,2026/04/02,482,8510,4,150
3968,2026-04-22,364,6570,3,800
3969,2026-04-17,1501,770,3,3000
3970,07/05/2026,347,7810,5,
3971,07/05/2026,453,6100,1,"35,00"
3972,2026-05-31,1789,6930,4,1200
3973,17-06-2026,618,4570,9,3000
3974,2026-04-08,101,1380,8,80
3975,30-01-2026,1951,2800,1,150
3976,2026-02-11,1559,8170,7,1200
3977,27-02-2026,1642,4910,3,3000
3978,2026-03-06,1159,150,5,500
3979,03/04/2026,1449,2430,5,150
3980,13-01-2026,1174,4490,-3,800
3981,2026-04-12,3003,7160,1,80
3982,17/06/2026,2932,8950,8,35
3983,03/03/2026,1457,9270,9,"3000,00"
3984,2026/04/01,2221,2390,5,
3985,30/05/2026,2813,4780,4,1200
3986,2026/02/15,349,1600,5,35
3987,19/04/2026,1678,7200,10,35
3988,2026-04-26,1145,9610,8,150
3989,2026-04-30,1538,4570,4,3000
3990,2026-05-18,1766,1260,7,"150,00"
3991,2026-05-06,2041,8660,9,3000
3992,2026-03-16,2721,2210,10,80
3993,17-04-2026,3043,1240,5,2500
3994,20/05/2026,2465,6590,8,2500
3995,20/01/2026,838,3200,3,150
3996,14/04/2026,2362,4340,8,80
3997,2026-04-24,1197,5320,6,3000
3998,27/03/2026,1618,7090,6,150
3999,15-01-2026,207,8040,5,80
4000,2026-04-24,1498,2760,5,3000
4001,25-01-2026,1517,8970,3,150
4002,2026-05-23,2418,3420,2,35
4003,2026-01-07,2034,6690,10,500
4004,2026-01-30,1703,9240,6,500
4005,2026-02-19,1313,1660,1,500
4006,2026-03-04,3068,9900,2,R$ 35
4007,28-03-2026,2960,4140,10,80
4008,31/05/2026,1568,8700,8,"3000,00"
4009,2026/01/25,2067,20,9,150
4010,2026-02-20,375,9210,4,1200
4011,2026/04/10,891,8050,8,500
4012,2026-04-21,2692,8730,5,800
4013,10-05-2026,225,6780,4,150
4014,2026/04/25,2413,1430,7,35
4015,2026-05-29,2624,6250,2,80
4016,2026-02-14,1176,9800,6,35
4017,19/06/2026,795,620,4,3000
4018,2026-01-31,176,2210,10,500
4019,02-06-2026,268,1080,1,1200
4020,18/03/2026,1845,810,1,2500
4021,2026-03-02,3080,9910,1,1200
4022,2026-06-28,1821,5340,,R$ 500
4023,2026-03-12,1085,4270,,1200
4024,2026-02-20,542,1230,6,800
4025,08/06/2026,2786,6630,10,80
4026,02/05/2026,542,6110,10,35
4027,2026-01-18,1300,680,7,1200
4028,2026-05-26,1610,5880,4,
4029,26-05-2026,406,4310,1,80
4030,29-03-2026,2811,2220,7,35
4031,2026-03-16,1327,3730,4,800
4032,2026-05-07,341,40,7,35
4033,2026-04-06,926,8240,1,1200
4034,30-03-2026,808,9500,9,35
4035,18-03-2026,2130,450,5,1200
4036,25/01/2026,2436,7500,5,35
4037,13-06-2026,2854,9770,2,80
4038,2026-05-25,916,5810,1,500
4039,2026-05-29,1724,8340,8,3000
4040,09-06-2026,1576,1590,9,1200
4041,07/04/2026,3034,440,4,800
4042,2026-01-04,2209,6940,10,150
4043,2026/05/19,1429,4960,4,35
4044,2026-01-07,2032,2120,3,35
4045,2026/05/22,1778,5810,5,1200
4046,16/01/2026,2232,4700,2,500
4047,2026/01/06,1530,7080,5,35
4048,19/01/2026,1095,7280,7,80
4049,2026-01-09,1232,5280,5,80
4050,04/02/2026,2826,2570,2,35
4051,2026-05-30,1433,1700,4,2500
4052,2026-04-03,1213,2760,3,"3000,00"
4053,15/01/2026,2809,1330,3,R$ 800
4054,2026-04-21,495,9070,9,500
4055,2026-06-30,1764,7680,3,2500
4056,2026-02-03,1792,7320,9,80
4057,2026-06-13,416,660,4,500
4058,2026-01-06,1963,5940,6,1200
4059,10/04/2026,1107,1920,4,2500
4060,2026-01-26,1359,2890,3,150
4061,2026/01/06,1181,6790,1,1200
4062,12/05/2026,3092,5860,1,1200
4063,2026-04-05,3088,9940,9,80
4064,2026-03-01,1458,9760,3,
4065,09/05/2026,2013,2940,2,35
4066,06/04/2026,1533,7590,10,80
4067,2026-03-28,1378,6080,6,150
4068,2026-03-07,1401,1440,8,500
4069,2026-03-20,2249,4920,3,35
4070,06-01-2026,2629,780,8,150
4071,28/01/2026,1100,7370,1,800
4072,06/05/2026,556,2510,6,2500
4073,2026-04-06,996,620,5,80
4074,2026-01-04,964,680,5,800
4075,2026-03-14,2731,4900,1,1200
4076,2026-06-07,646,9130,8,35
4077,2026-02-02,1353,5770,10,3000
4078,13-05-2026,2951,1890,10,2500
4079,2026-03-20,968,3570,,3000
4080,16/03/2026,1658,4630,8,2500
4081,2026-05-25,208,9690,-1,80
4082,14/03/2026,296,6740,6,150
4083,2026-01-25,2081,8350,1,800
4084,2026-06-29,2435,7430,3,500
4085,2026/01/22,1052,2180,2,2500
4086,09-06-2026,2032,3150,7,"3000,00"
4087,2026-01-30,2259,8270,6,80
4088,2026-01-31,2333,9250,4,35
4089,2026-05-07,2751,3780,9,
4090,2026-04-13,962,4130,5,1200
4091,2026/05/18,1270,7290,10,500
4092,13/03/2026,2359,5090,1,35
4093,27/06/2026,369,700,8,800
4094,2026-03-13,740,7510,5,800
4095,20-03-2026,1909,6230,7,2500
4096,2026-01-14,2307,7740,8,R$ 80
4097,2026-05-15,378,5390,8,3000
4098,2026/03/17,2000,2960,8,800
4099,02/02/2026,1063,7090,2,80
4100,2026-05-07,1267,1240,6,800
4101,2026-06-12,2812,4490,1,3000
4102,16/01/2026,1911,6580,-3,1200
4103,2026-02-23,181,730,2,R$ 800
4104,2026-05-01,1540,6020,3,1200
4105,2026-06-26,315,3760,3,1200
4106,27/01/2026,1283,6500,7,1200
4107,2026-06-16,738,7780,5,500
4108,09/02/2026,654,8010,3,"150,00"
4109,2026-01-19,1299,9270,1,3000
4110,2026-03-29,353,9770,2,800
4111,2026-04-18,1785,4630,8,150
4112,15/01/2026,759,9980,10,1200
4113,2026-06-09,835,610,1,2500
4114,2026-01-11,2428,3980,2,1200
4115,2026-05-14,2843,3600,7,800
4116,2026-03-09,212,8200,-2,35
4117,07/04/2026,240,3050,-4,150
4118,2026-02-17,1586,1230,8,1200
4119,07/04/2026,833,9120,1,1200
4120,2026-04-01,1209,6960,5,150
4121,2026/05/07,1275,2230,1,3000
4122,2026-02-12,2012,2600,10,1200
4123,2026-05-26,1740,4990,3,"2500,00"
4124,2026/05/05,2931,6570,9,3000
4125,2026/05/09,2214,590,2,"500,00"
4126,2026-03-31,2478,1550,9,500
4127,2026-02-12,2007,5060,5,800
4128,2026-01-08,1092,6450,5,2500
4129,2026-04-15,550,9490,3,R$ 2500
4130,2026-04-04,1374,1330,4,500
4131,27/05/2026,642,1240,5,"2500,00"
4132,09/04/2026,243,3200,7,"80,00"
4133,06-06-2026,2812,7770,6,800
4134,2026/05/31,1187,2040,1,150
4135,17/04/2026,235,3390,,1200
4136,2026-02-13,1948,8380,5,2500
4137,25-03-2026,1728,100,6,R$ 80
4138,2026-06-01,1758,3280,4,150
4139,2026-06-22,2579,730,2,3000
4140,2026-01-30,2569,7290,8,150
4141,2026-05-29,2545,2990,3,150
4142,2026-06-05,1527,2530,2,3000
4143,03-05-2026,1699,890,6,3000
4144,2026-06-21,1592,8610,9,500
4145,04/01/2026,2393,2220,5,35
4146,19/02/2026,994,4020,2,1200
4147,2026-05-28,1694,4250,7,35
4148,06/01/2026,1613,4280,1,"35,00"
4149,06/02/2026,1594,140,7,35
4150,02/01/2026,2396,370,4,3000
4151,2026-03-09,557,2220,5,3000
4152,2026/05/08,1033,5930,3,2500
4153,30/06/2026,1241,8960,5,150
4154,2026/04/17,616,6260,4,2500
4155,2026-05-11,1368,310,3,80
4156,2026/06/07,2606,5150,7,80
4157,07/01/2026,2174,8390,10,35
4158,2026-06-09,1714,7410,3,800
4159,2026/03/26,861,4960,5,150
4160,2026/03/01,2925,7210,8,150
4161,2026-02-07,1392,3570,6,35
4162,11/04/2026,2470,1930,3,3000
4163,2026-01-25,2825,4050,2,
4164,2026-04-13,1314,8540,6,80
4165,2026-05-29,3056,50,6,3000
4166,08/02/2026,1764,4050,8,80
4167,24/01/2026,970,9350,1,3000
4168,2026-05-27,3008,900,7,1200
4169,2026/01/14,991,4440,9,1200
4170,17-01-2026,1977,9040,7,1200
4171,08-06-2026,2478,780,10,2500
4172,16/04/2026,1763,630,3,500
4173,20/03/2026,2449,8130,2,800
4174,2026-06-20,1202,2020,5,150
4175,27-01-2026,737,4410,8,3000
4176,2026/03/11,1220,1520,2,150
4177,03-02-2026,542,8300,10,3000
4178,2026-05-12,2896,5910,,500
4179,2026-02-22,1439,1040,-2,1200
4180,2026-05-24,2174,7540,3,R$ 3000
4181,2026-03-18,1422,900,6,2500
4182,2026/06/22,1023,680,2,80
4183,2026-04-08,902,7780,8,80
4184,08-03-2026,965,2490,9,150
4185,28/01/2026,1781,5580,3,"150,00"
4186,2026-05-19,2742,6070,5,1200
4187,2026-06-26,2199,9540,8,80
4188,17/04/2026,2913,1030,9,80
4189,2026-02-15,1302,6120,2,800
4190,2026-04-18,921,2230,7,80
4191,17/04/2026,1292,8700,7,80
4192,2026-01-03,1088,2320,1,3000
4193,2026/06/27,1667,4810,8,800
4194,17/04/2026,1636,9870,2,R$ 150
4195,2026/05/16,2537,3100,7,3000
4196,2026-06-02,677,8750,-1,2500
4197,2026-02-20,534,6610,8,3000
4198,26-06-2026,1678,7070,5,35
4199,30/01/2026,690,6540,4,80
4200,2026-03-27,105,2670,2,R$ 2500
4201,2026-06-30,1214,510,8,150
4202,2026-05-03,1516,4510,10,35
4203,2026-01-23,1558,9570,1,1200
4204,15/04/2026,331,2240,6,150
4205,2026-05-14,575,9640,10,2500
4206,25-02-2026,1365,2080,9,1200
4207,28-01-2026,1998,9040,7,500
4208,12-05-2026,2982,8210,3,150
4209,15/06/2026,1205,2330,7,500
4210,15/02/2026,498,790,2,2500
4211,24-02-2026,1503,6120,6,500
4212,2026/04/05,1841,6820,10,1200
4213,2026-06-18,1180,5520,1,3000
4214,2026-05-14,2945,6430,8,500
4215,2026-06-07,999,880,10,80
4216,2026-01-19,1370,7400,1,2500
4217,2026-04-10,685,5640,6,3000
4218,2026-03-21,1616,1630,8,3000
4219,2026-01-06,1131,9440,7,"500,00"
4220,2026/04/26,2799,9030,10,3000
4221,20/06/2026,2488,290,6,80
4222,2026-03-14,795,8470,4,800
4223,2026-04-15,3076,430,2,"3000,00"
4224,09/02/2026,670,540,6,80
4225,23/02/2026,118,1840,6,"35,00"
4226,2026-01-24,1152,9250,8,150
4227,2026/01/15,1617,3300,8,500
4228,2026-01-08,2126,3540,5,1200
4229,2026-05-20,659,8450,4,500
4230,2026/03/04,2700,5720,5,2500
4231,27-05-2026,949,7310,4,35
4232,2026-03-17,269,1210,1,2500
4233,07/03/2026,1178,8240,4,1200
4234,2026-05-25,1291,9500,8,3000
4235,10-06-2026,936,2920,4,35
4236,2026/06/30,1960,1140,3,80
4237,2026-05-17,1669,6870,,2500
4238,2026-05-26,1001,690,7,3000
4239,20/06/2026,2866,870,1,35
4240,02-03-2026,2382,2470,10,3000
4241,2026-06-22,2845,8130,10,1200
4242,2026-04-02,1208,6760,2,500
4243,26/04/2026,2244,4010,10,2500
4244,05/01/2026,1049,5150,10,"150,00"
4245,19/01/2026,1514,6380,6,35
4246,03/06/2026,2783,1960,6,3000
4247,07/04/2026,2619,3490,2,35
4248,2026-05-04,973,9420,8,2500
4249,2026/03/23,1311,5540,3,800
4250,11/04/2026,2455,7220,9,1200
4251,2026/03/26,212,760,,80
4252,29-06-2026,2937,9470,6,800
4253,20/03/2026,1370,5040,1,3000
4254,2026-04-04,3082,8440,8,35
4255,2026-06-23,521,7400,8,1200
4256,2026-01-14,1129,7670,10,500
4257,07-01-2026,956,1810,,R$ 800
4258,2026-01-14,2094,1350,2,35
4259,02/06/2026,2539,3500,8,1200
4260,2026-01-30,980,4750,-1,3000
4261,2026/04/20,2784,7630,1,150
4262,27/01/2026,1859,4480,10,R$ 150
4263,12/02/2026,1812,1650,4,500
4264,28-05-2026,1524,5760,10,1200
4265,2026-03-31,362,5940,10,1200
4266,09/01/2026,2422,3120,2,800
4267,2026/02/23,1852,8670,8,150
4268,17-04-2026,2181,3630,5,3000
4269,2026-05-30,2820,3320,8,35
4270,2026-05-24,1597,9640,7,3000
4271,2026-05-29,1248,8860,2,1200
4272,2026-01-02,663,8950,6,2500
4273,2026-01-01,779,4350,10,3000
4274,2026/01/12,2335,490,5,2500
4275,02/01/2026,2673,4000,3,"1200,00"
4276,2026-03-17,683,7820,1,
4277,2026-06-07,1471,1790,4,35
4278,2026/06/22,1188,7170,3,3000
4279,24-03-2026,493,9090,9,3000
4280,01/05/2026,1391,6870,10,1200
4281,24/05/2026,3091,5600,4,1200
4282,2026-06-19,2595,6430,10,80
4283,2026-03-30,1527,9450,10,1200
4284,2026/05/21,2772,6960,3,35
4285,2026-01-12,468,5090,10,3000
4286,2026-01-17,1277,9160,4,500
4287,07/01/2026,2600,7360,1,1200
4288,14/03/2026,1420,6200,2,3000
4289,2026-03-10,2988,3710,6,500
4290,22-06-2026,1565,6150,3,
4291,2026-03-18,2869,5220,2,150
4292,2026-04-15,2436,370,9,3000
4293,2026-03-26,1629,3190,2,35
4294,2026-04-28,1934,7780,1,3000
4295,29-05-2026,2793,9250,,R$ 2500
4296,2026-06-21,1229,1160,6,80
4297,2026-05-19,2380,2100,10,1200
4298,03/04/2026,1593,5520,8,3000
4299,2026-06-27,2637,8670,3,2500
4300,2026-06-18,1635,3980,5,35
4301,06-01-2026,2742,1830,2,
4302,2026-02-27,416,6740,10,800
4303,2026/05/31,1672,5980,8,500
4304,2026-06-03,898,5760,7,500
4305,02/04/2026,2197,7120,10,80
4306,2026/05/19,2995,5420,1,80
4307,23/01/2026,2813,7060,2,80
4308,2026/03/01,2599,3340,3,500
4309,2026-03-10,1229,840,8,35
4310,2026-01-26,2162,4970,7,500
4311,11/05/2026,2625,6620,-5,80
4312,2026-02-14,307,8510,3,150
4313,2026-03-20,1304,6750,4,R$ 1200
4314,06/05/2026,2402,1010,5,1200
4315,2026/01/09,679,6850,10,
4316,2026-06-11,1307,1690,2,"3000,00"
4317,01/02/2026,2777,8500,4,80
4318,07/05/2026,959,2640,-1,1200
4319,02/05/2026,1461,7250,2,3000
4320,04-03-2026,2233,1180,9,150
4321,2026-01-13,1471,8780,8,2500
4322,2026-03-15,434,950,8,35
4323,2026-04-17,2206,1410,3,
4324,2026-06-18,1266,7370,6,500
4325,2026-05-28,2952,2520,6,35
4326,2026-01-26,1210,2630,7,
4327,2026/02/03,439,8630,5,800
4328,21-06-2026,2492,2850,8,150
4329,2026/04/30,2799,9210,5,3000
4330,20-03-2026,2881,1110,6,2500
4331,07/03/2026,1177,8330,2,800
4332,2026-03-20,1588,4970,2,800
4333,2026-02-10,2981,9090,9,2500
4334,23-03-2026,2395,6260,1,800
4335,22/01/2026,2386,3010,4,80
4336,2026/04/22,2630,9720,5,500
4337,05/05/2026,643,7670,8,80
4338,2026/03/06,769,2640,6,35
4339,15/05/2026,1227,7760,5,3000
4340,28-02-2026,1965,9360,8,800
4341,03/06/2026,987,8430,1,2500
4342,02/03/2026,2575,5710,9,3000
4343,2026-02-23,1628,1640,1,1200
4344,18-02-2026,1985,3750,9,150
4345,2026-02-27,459,5410,6,80
4346,23/05/2026,2179,5780,10,80
4347,2026/01/26,2565,6360,9,80
4348,2026-05-24,653,7990,7,800
4349,18-06-2026,2787,9150,6,500
4350,2026-02-20,2410,6940,2,3000
4351,2026-01-04,2415,6920,3,800
4352,2026/02/20,231,8870,,80
4353,2026-04-28,1641,1980,5,
4354,13/05/2026,2824,5100,3,800
4355,2026-05-09,2447,7550,,R$ 3000
4356,2026-02-04,785,3750,9,2500
4357,2026-01-20,1343,8720,9,150
4358,11-02-2026,1292,6680,3,35
4359,27/05/2026,416,3650,9,R$ 500
4360,25/05/2026,2176,5910,7,2500
4361,15-01-2026,2291,500,-3,800
4362,06/02/2026,1697,610,3,R$ 500
4363,2026-02-05,2031,3770,1,35
4364,2026/04/16,1529,4830,4,3000
4365,02/03/2026,1948,9950,2,800
4366,04/04/2026,1691,2330,3,80
4367,20/01/2026,887,4170,8,150
4368,2026-01-29,2541,6800,1,500
4369,2026-01-23,1660,1570,1,"1200,00"
4370,27/04/2026,2382,7410,6,150
4371,09/02/2026,1436,2890,7,1200
4372,30/06/2026,2125,3860,2,2500
4373,2026-03-18,2538,9760,4,2500
4374,01-04-2026,1256,1630,4,3000
4375,2026-03-07,1951,8880,3,150
4376,28/06/2026,403,5050,8,35
4377,02-04-2026,1474,9630,3,800
4378,13/02/2026,1575,6120,5,150
4379,2026-06-04,316,3850,8,80
4380,17-06-2026,264,7120,5,3000
4381,2026-02-26,1854,480,7,1200
4382,25/05/2026,859,9500,6,800
4383,2026-03-07,1523,240,5,500
4384,30/04/2026,350,7210,9,35
4385,2026-05-12,2260,7360,6,500
4386,2026-03-24,2402,4600,10,3000
4387,2026-05-04,1532,7520,3,35
4388,2026-03-19,2272,1720,6,2500
4389,30-05-2026,2853,5410,8,2500
4390,04-05-2026,1401,2390,-5,80
4391,02/01/2026,1756,9870,10,800
4392,2026/01/28,2568,9250,3,800
4393,19/01/2026,2732,5770,3,3000
4394,2026-02-25,533,210,3,1200
4395,2026-06-14,1404,760,9,3000
4396,2026-01-15,842,430,4,"2500,00"
4397,25/06/2026,367,2960,7,800
4398,28/01/2026,2076,1620,5,80
4399,2026-02-24,1444,5440,7,500
4400,15-05-2026,1191,410,2,"3000,00"
4401,18-02-2026,1118,9730,1,R$ 3000
4402,2026-03-09,1980,6060,-4,3000
4403,01/03/2026,2710,1090,10,150
4404,2026-06-06,1368,4240,2,
4405,13/04/2026,2770,8350,5,
4406,26/06/2026,359,5260,6,2500
4407,19/01/2026,1648,970,,1200
4408,2026-04-27,2147,640,2,35
4409,2026-02-05,579,1740,9,500
4410,2026-06-07,493,8660,2,80
4411,20-05-2026,1652,5800,5,
4412,08-04-2026,1888,6310,8,"80,00"
4413,2026-01-29,1349,820,7,500
4414,2026-05-24,722,3720,7,800
4415,01-06-2026,2177,6470,7,3000
4416,17-01-2026,2086,210,3,1200
4417,2026/03/19,2538,4000,1,150
4418,10-02-2026,443,8650,3,1200
4419,09/03/2026,307,3400,6,
4420,2026-02-13,1132,6670,7,500
4421,2026-04-06,573,6760,6,800
4422,08-05-2026,2912,9850,1,
4423,24/01/2026,2622,8220,1,R$ 500
4424,2026-05-15,1843,8520,8,800
4425,2026-02-12,2104,5680,,500
4426,12-01-2026,1326,6270,1,2500
4427,2026/04/25,1890,1790,1,150
4428,2026/06/05,2766,3200,10,80
4429,2026-06-13,3028,5050,7,800
4430,2026-06-02,1153,8510,9,800
4431,2026-04-15,1992,7350,4,R$ 3000
4432,2026-02-20,2008,5150,4,150
4433,2026/04/29,699,9600,3,3000
4434,20-04-2026,1153,7750,5,150
4435,2026/03/20,1287,4390,6,800
4436,18-02-2026,224,7380,,80
4437,2026-03-01,1437,7750,10,800
4438,21/02/2026,2366,1770,4,150
4439,2026/03/20,1464,7410,6,2500
4440,11-02-2026,2246,6140,7,1200
4441,2026-06-21,2578,9240,1,500
4442,07/06/2026,564,2070,8,"2500,00"
4443,2026-06-06,1597,6890,1,80
4444,2026-01-23,424,3650,9,80
4445,2026-02-09,1549,2500,3,R$ 80
4446,20/05/2026,3060,9420,1,80
4447,2026-06-03,2712,3740,,3000
4448,2026/06/05,662,1240,6,"80,00"
4449,04/06/2026,479,640,-5,800
4450,2026-01-04,1982,5000,1,2500
4451,2026-05-25,1929,6590,4,35
4452,2026-05-15,910,9570,7,3000
4453,27/02/2026,512,900,2,35
4454,28-02-2026,2161,8860,8,80
4455,10-03-2026,862,4430,5,150
4456,2026/01/08,2846,8210,7,80
4457,20/02/2026,927,8540,9,80
4458,2026/03/18,651,7080,10,1200
4459,2026-01-14,1265,6730,4,800
4460,2026-03-28,2182,9720,3,800
4461,05/06/2026,2410,5700,9,150
4462,2026-03-15,2935,3030,,800
4463,2026-01-06,1330,6520,7,R$ 80
4464,2026-05-02,1418,8200,4,35
4465,2026/04/23,2339,3900,3,2500
4466,2026-02-25,1487,8210,1,35
4467,10-06-2026,2781,3550,4,1200
4468,16-02-2026,1613,4100,8,3000
4469,2026-02-25,1570,1620,9,3000
4470,2026-02-01,490,7560,2,3000
4471,2026-05-06,945,3740,7,150
4472,25/05/2026,610,3450,7,800
4473,22/05/2026,2344,4880,2,500
4474,25-06-2026,984,3570,9,80
4475,2026/03/31,1242,5520,3,1200
4476,2026-05-04,1839,8050,4,80
4477,2026-02-09,2556,6320,9,2500
4478,2026/06/19,2049,5720,8,3000
4479,2026-03-22,2793,4510,1,3000
4480,2026-04-01,1673,3850,2,150
4481,2026-05-20,1722,5310,5,"800,00"
4482,2026/03/15,1070,2110,2,80
4483,2026/06/13,1402,3200,3,2500
4484,2026-02-02,270,4030,1,500
4485,2026-04-15,1046,7020,2,1200
4486,07/02/2026,465,4380,7,80
4487,2026/01/16,1085,8190,8,80
4488,16/03/2026,2892,3300,5,
4489,29/04/2026,1481,8350,8,3000
4490,2026-03-16,1303,9210,6,80
4491,2026-01-25,922,7760,6,500
4492,2026/03/04,907,410,6,3000
4493,2026-04-08,329,4650,3,
4494,2026-04-08,283,9590,6,35
4495,2026/04/03,1848,840,7,2500
4496,2026-02-23,1144,5090,2,"800,00"
4497,2026-06-22,2863,7710,4,2500
4498,2026/05/12,1404,5980,7,
4499,18/01/2026,2912,1600,,R$ 3000
4500,2026-06-11,2359,1250,10,150
4501,2026-05-25,2527,5900,9,80
4502,17/05/2026,2574,1320,6,R$ 35
4503,15-05-2026,2007,7550,7,R$ 35
4504,09-01-2026,1866,7300,6,150
4505,2026-02-03,455,3420,9,500
4506,28-01-2026,1754,8940,2,3000
4507,2026-02-21,442,8670,8,800
4508,2026-01-30,664,7310,8,2500
4509,2026-03-30,1112,9760,6,R$ 80
4510,13-05-2026,1413,4480,7,R$ 1200
4511,24/02/2026,1967,1740,6,800
4512,2026-02-19,2292,960,4,800
4513,2026-03-27,927,2910,8,800
4514,2026/04/17,2169,4520,5,800
4515,2026-03-22,1137,5520,9,3000
4516,23/05/2026,534,7770,6,1200
4517,06-05-2026,1245,8420,-3,35
4518,2026-01-17,952,3180,7,"1200,00"
4519,30/06/2026,1424,7100,10,2500
4520,26/02/2026,1192,3010,8,80
4521,2026-01-23,1077,6570,4,800
4522,2026-01-23,1610,7960,3,3000
4523,2026-04-08,744,9730,1,2500
4524,2026-06-11,1068,9140,4,2500
4525,24/06/2026,1149,3190,1,800
4526,01-05-2026,559,5330,1,35
4527,2026-03-12,1106,3440,9,150
4528,2026-06-25,2090,2030,3,35
4529,2026-06-20,1728,4050,7,R$ 1200
4530,09-05-2026,2046,5210,8,3000
4531,12-05-2026,1533,8750,8,1200
4532,29/05/2026,506,3000,2,3000
4533,2026/06/04,1807,690,10,35
4534,2026/05/31,825,8200,10,R$ 1200
4535,18-05-2026,3061,8000,4,150
4536,21/06/2026,1730,4020,7,800
4537,2026-01-06,1679,9620,1,500
4538,23-03-2026,1172,970,3,35
4539,2026-04-15,490,8260,6,150
4540,14/03/2026,2052,4480,-5,2500
4541,19-01-2026,2312,2770,10,150
4542,01/06/2026,1333,7920,9,2500
4543,2026-04-12,2946,7700,7,3000
4544,30-01-2026,904,3440,6,2500
4545,2026/03/13,594,3530,9,500
4546,19/03/2026,2725,5910,6,500
4547,2026-01-17,307,330,6,35
4548,08-01-2026,1246,1070,8,35
4549,2026-03-06,1098,8180,4,"500,00"
4550,2026/03/18,711,3190,8,80
4551,27-05-2026,1712,1670,8,3000
4552,2026/06/18,3079,9710,3,R$ 150
4553,27/01/2026,2131,9140,3,80
4554,23-01-2026,1481,210,8,2500
4555,2026-02-27,2916,620,5,2500
4556,09-06-2026,2964,6600,6,80
4557,2026-04-11,477,2830,1,2500
4558,26/06/2026,2924,4440,7,150
4559,2026-02-24,1624,7140,8,80
4560,2026-04-29,370,5900,4,80
4561,2026-05-03,2105,6530,,150
4562,23/04/2026,1837,7940,5,800
4563,24/04/2026,1289,9720,1,500
4564,08/05/2026,264,4310,5,2500
4565,2026/03/29,1360,7560,9,2500
4566,19/03/2026,2194,4990,10,500
4567,2026-01-02,2482,1450,9,2500
4568,07/01/2026,948,4820,8,1200
4569,2026-03-15,2989,7110,6,
4570,2026-02-06,1815,2950,9,80
4571,2026-02-08,1987,3800,,80
4572,2026-04-18,1078,7090,1,800
4573,2026-03-22,2750,6600,2,800
4574,08/02/2026,1837,4330,5,3000
4575,2026-01-01,2376,1560,9,35
4576,2026-01-18,692,2620,9,2500
4577,11/06/2026,2507,2460,7,3000
4578,18-06-2026,2721,2300,10,500
4579,2026/02/20,2259,4570,9,500
4580,13/04/2026,2269,1540,2,3000
4581,22-04-2026,520,9330,6,150
4582,2026-03-05,2112,8280,10,500
4583,2026-05-06,2688,3690,10,35
4584,2026-05-13,2545,4140,-2,500
4585,15/02/2026,2627,7430,9,2500
4586,2026-02-09,2686,4450,2,35
4587,23/04/2026,1920,8260,7,3000
4588,2026/02/28,2075,780,2,35
4589,2026-05-28,1863,5140,10,500
4590,2026-04-03,2091,2880,-4,150
4591,2026-02-05,327,7270,3,800
4592,27/06/2026,870,3990,9,800
4593,29/01/2026,1775,7730,4,150
4594,2026-01-06,1593,9960,5,3000
4595,22/02/2026,1527,4880,7,"1200,00"
4596,2026-04-30,2873,7240,4,1200
4597,2026-01-03,2648,8320,9,2500
4598,25-06-2026,2429,1650,5,1200
4599,2026-03-25,1195,6320,,3000
4600,2026/03/30,2098,3840,5,1200
4601,2026/04/08,2634,5790,1,3000
4602,27/05/2026,1922,4680,3,150
4603,20-03-2026,1652,7480,6,500
4604,2026-01-09,2135,120,6,35
4605,2026/05/02,2605,4820,7,500
4606,2026-06-27,1408,1110,4,2500
4607,2026-06-23,1882,5290,2,150
4608,10/01/2026,127,560,,80
4609,04/04/2026,1519,9510,10,150
4610,2026-03-08,1558,9670,3,500
4611,2026-01-25,2296,6300,2,500
4612,27/05/2026,2787,880,7,500
4613,2026-01-14,425,3250,6,35
4614,2026/03/31,2860,7830,6,
4615,2026/04/21,955,4220,2,150
4616,2026-05-05,2988,8270,2,80
4617,18-02-2026,2914,3850,10,500
4618,2026-02-07,1387,1360,9,2500
4619,28-05-2026,1061,80,3,"800,00"
4620,2026-02-06,1572,490,1,500
4621,2026-05-27,2774,4190,-5,1200
4622,16/05/2026,1436,2700,9,80
4623,2026-03-11,164,6090,9,2500
4624,20/03/2026,2649,7900,8,35
4625,2026-04-06,1974,3140,1,1200
4626,2026-02-09,3077,490,7,35
4627,2026-03-21,1703,8930,1,80
4628,2026/06/22,1006,9390,7,2500
4629,2026-04-07,327,8670,6,35
4630,2026-06-08,2195,8740,6,3000
4631,05/05/2026,2454,2180,8,500
4632,2026-06-04,1192,2320,10,35
4633,25-03-2026,439,7110,10,2500
4634,05/01/2026,211,1420,5,"3000,00"
4635,2026-03-20,2868,6680,2,"80,00"
4636,11/06/2026,636,4480,3,500
4637,19-02-2026,2362,1120,4,35
4638,2026-05-18,1178,3790,4,3000
4639,2026-01-04,1681,2230,3,3000
4640,2026/02/09,1808,3280,9,2500
4641,2026-05-17,2797,9820,9,"35,00"
4642,03-04-2026,2459,6740,4,80
4643,06-04-2026,318,9350,6,800
4644,20-05-2026,1465,4650,9,35
4645,27/04/2026,3019,8200,2,800
4646,14-05-2026,569,3560,2,800
4647,2026-04-15,2544,6740,5,80
4648,2026-01-10,1766,9410,3,2500
4649,18/05/2026,1290,8780,6,500
4650,12/06/2026,1001,5100,8,2500
4651,04/06/2026,1543,6340,3,500
4652,2026-02-03,2399,1050,3,150
4653,10/03/2026,1369,6290,9,R$ 2500
4654,09-04-2026,2348,5300,4,1200
4655,16/01/2026,947,2060,6,80
4656,20/01/2026,907,3540,2,3000
4657,11/02/2026,1286,4870,5,3000
4658,2026/05/28,1926,1750,4,80
4659,2026-04-08,2963,9960,9,150
4660,30/03/2026,1498,6830,5,500
4661,2026/06/12,1387,7130,8,
4662,2026-04-25,1222,290,4,3000
4663,2026-06-10,2096,3560,8,3000
4664,2026-01-15,2176,9200,5,800
4665,2026-02-01,254,6120,6,"1200,00"
4666,2026-06-19,528,3780,9,2500
4667,2026-05-21,374,9860,2,"3000,00"
4668,16/06/2026,1132,6220,5,800
4669,04/03/2026,1532,8640,2,1200
4670,2026-01-25,2858,1120,5,80
4671,2026-05-02,2047,4360,9,
4672,2026-06-08,1195,740,9,
4673,02/01/2026,2451,3840,2,800
4674,2026-01-27,1569,1020,6,1200
4675,18/02/2026,972,3930,8,150
4676,2026/04/20,2220,510,4,80
4677,2026-05-19,674,8790,3,500
4678,2026/01/06,2575,330,1,800
4679,2026-04-09,1495,40,1,2500
4680,2026-03-08,3065,1280,10,35
4681,12/05/2026,965,550,,3000
4682,2026-04-07,669,8280,3,150
4683,2026-05-08,1848,6280,1,800
4684,07-02-2026,1681,9120,-5,35
4685,2026-03-01,1441,8640,7,1200
4686,2026-02-22,1509,8820,10,3000
4687,2026/03/20,496,2000,6,2500
4688,2026-04-18,1656,8440,1,3000
4689,07-03-2026,2970,3220,4,80
4690,2026-04-10,383,6230,2,500
4691,2026-04-18,303,9970,3,1200
4692,2026-02-14,273,4230,10,150
4693,2026-05-14,1575,8720,10,500
4694,2026-06-02,2448,3080,9,150
4695,17/01/2026,1242,8890,3,800
4696,2026-04-28,1601,3230,9,1200
4697,21/02/2026,1854,5030,6,"3000,00"
4698,2026/01/21,421,1720,2,500
4699,29-06-2026,2120,3650,5,"150,00"
4700,2026/03/15,979,8450,5,1200
4701,2026-04-27,2175,5400,4,2500
4702,21/02/2026,621,3710,5,"500,00"
4703,19-02-2026,2924,2550,6,150
4704,2026-04-01,902,6970,7,2500
4705,06-01-2026,1872,9760,10,150
4706,07/03/2026,1567,4880,7,
4707,12/01/2026,415,400,1,150
4708,2026/01/27,959,5970,6,80
4709,17/04/2026,1020,1400,9,1200
4710,2026-01-26,619,9580,4,150
4711,2026-02-02,1182,3280,8,80
4712,2026-01-10,611,8550,8,3000
4713,2026/05/09,422,6960,6,80
4714,19/04/2026,863,2010,7,500
4715,2026-03-10,2888,420,7,R$ 500
4716,2026-03-29,2425,4660,4,80
4717,2026-03-29,1960,9910,9,3000
4718,11/02/2026,128,9010,4,1200
4719,06-01-2026,2490,2390,,2500
4720,21/01/2026,1629,130,9,2500
4721,26-05-2026,2433,5860,4,80
4722,2026-06-15,2671,5820,8,800
4723,2026-02-14,2802,860,1,35
4724,2026-01-24,564,5070,6,2500
4725,2026-04-26,938,2080,8,35
4726,01/06/2026,1773,9860,7,1200
4727,2026-03-10,465,3950,2,35
4728,2026-06-27,446,3130,5,3000
4729,07-06-2026,1590,7010,4,
4730,2026-04-01,372,6790,-2,35
4731,06/02/2026,2449,4250,-5,1200
4732,06/06/2026,875,3400,5,500
4733,2026-02-11,1173,5810,6,150
4734,2026-02-13,2346,4440,-2,35
4735,2026-05-12,283,6990,10,80
4736,2026/03/19,1296,30,1,
4737,2026/01/21,2863,2730,5,150
4738,2026-06-26,998,8030,2,150
4739,2026-04-16,656,3280,4,150
4740,24/02/2026,3066,4080,,800
4741,07/01/2026,443,4650,5,150
4742,02-03-2026,2965,7190,7,1200
4743,17/02/2026,1872,5160,1,80
4744,2026-05-21,725,3150,7,2500
4745,08-03-2026,2300,410,8,35
4746,2026/06/05,2018,6020,10,2500
4747,02-04-2026,516,8510,6,"80,00"
4748,29/03/2026,1066,1210,3,1200
4749,03/03/2026,2042,20,1,800
4750,02/03/2026,2061,9440,8,150
4751,20/02/2026,2117,1420,-1,1200
4752,2026-02-28,918,9480,6,2500
4753,2026-04-17,1130,9390,4,"500,00"
4754,2026-01-26,2537,4250,10,800
4755,2026-06-27,678,4230,4,80
4756,2026-02-24,2619,310,5,80
4757,2026/04/02,2724,3510,7,2500
4758,2026-02-23,1816,9030,4,R$ 1200
4759,2026-03-19,853,5280,3,500
4760,25/03/2026,1365,5240,3,3000
4761,2026-05-26,1148,6110,6,3000
4762,2026-05-21,2727,2270,2,
4763,2026-06-24,127,9780,2,150
4764,27-06-2026,2725,790,1,150
4765,28/04/2026,135,9050,6,R$ 35
4766,2026-02-20,2699,220,5,80
4767,05/01/2026,614,3900,7,500
4768,16-04-2026,785,4760,2,150
4769,14-04-2026,1172,7010,5,500
4770,18/04/2026,2071,6260,8,800
4771,11-06-2026,862,3960,7,
4772,23/01/2026,945,2260,10,150
4773,2026-04-26,2726,9730,8,80
4774,2026-04-09,2570,2900,9,R$ 1200
4775,2026-04-28,605,9990,1,500
4776,30-05-2026,2931,1540,7,150
4777,09/05/2026,1384,7280,5,80
4778,25-05-2026,1667,720,6,150
4779,2026-02-18,1482,9770,9,35
4780,2026-05-10,278,4340,4,35
4781,2026-02-26,2077,7550,2,80
4782,05/02/2026,201,8520,3,500
4783,2026/06/10,1586,6540,6,80
4784,05/02/2026,732,9760,-2,150
4785,2026-02-22,2367,1540,10,"1200,00"
4786,2026-06-28,1088,6420,10,3000
4787,01-05-2026,1098,5550,8,150
4788,2026-04-30,1893,9650,3,500
4789,12/06/2026,1301,1870,7,2500
4790,2026-03-19,1166,8160,6,3000
4791,07-01-2026,736,8400,,80
4792,23-06-2026,2382,6520,10,80
4793,2026-06-29,307,1780,9,"80,00"
4794,2026/01/03,2221,2790,4,80
4795,22/01/2026,2352,1190,2,3000
4796,05-03-2026,187,6410,1,3000
4797,13/03/2026,1492,550,5,500
4798,2026-02-13,2520,1710,1,150
4799,13-03-2026,2762,2710,2,R$ 2500
4800,07/04/2026,2902,9850,3,800
4801,2026/05/14,1454,8850,7,500
4802,2026-05-10,2108,150,6,3000
4803,2026-03-17,1095,4880,3,150
4804,27/03/2026,601,7360,6,500
4805,2026/01/22,1060,3230,2,80
4806,2026/03/13,1782,8430,8,80
4807,13/02/2026,2639,610,2,35
4808,04/06/2026,1487,5340,6,80
4809,2026-05-22,433,9380,1,80
4810,2026-01-12,1619,2560,10,2500
4811,11/05/2026,499,8040,1,80
4812,2026-06-27,1857,2340,7,3000
4813,2026-04-12,1956,980,10,150
4814,12/06/2026,1225,8920,8,80
4815,2026-06-07,2279,2360,8,35
4816,2026-01-23,3036,2620,1,35
4817,2026-05-13,487,2210,2,800
4818,2026-02-14,479,8510,4,35
4819,2026-03-17,2423,4760,10,800
4820,25/03/2026,1006,3080,1,35
4821,01/06/2026,2255,7380,4,500
4822,2026-01-02,526,6340,2,500
4823,2026-02-24,1694,8800,8,35
4824,2026-01-28,3063,4120,5,2500
4825,26/06/2026,655,8160,1,3000
4826,2026/03/21,391,5250,7,2500
4827,2026/02/27,1143,9190,6,1200
4828,21/03/2026,1990,1760,4,2500
4829,16-06-2026,726,270,10,80
4830,19-06-2026,2493,6940,2,3000
4831,10-02-2026,380,9160,2,"3000,00"
4832,2026-04-10,2259,9440,8,R$ 150
4833,2026/05/20,2373,5900,6,800
4834,2026-06-17,1349,4930,-3,R$ 3000
4835,2026/02/10,1402,3980,7,R$ 800
4836,2026-04-20,1697,4300,6,3000
4837,29-01-2026,587,1440,-4,R$ 35
4838,26/06/2026,2937,3460,10,500
4839,2026-05-26,2686,6040,7,150
4840,2026-03-28,1986,4320,1,500
4841,2026/06/05,2203,6620,1,"2500,00"
4842,21/04/2026,2841,7080,4,35
4843,2026-02-22,695,1650,8,1200
4844,01/02/2026,114,670,4,
4845,2026-01-04,295,2540,7,1200
4846,18/06/2026,166,1090,1,1200
4847,2026-01-01,1542,4610,1,35
4848,2026-06-06,2895,9400,10,35
4849,2026-02-19,379,7970,10,80
4850,2026/02/19,1821,9030,9,500
4851,15/04/2026,1799,820,4,2500
4852,21-06-2026,373,4670,8,1200
4853,2026/04/16,2890,5850,3,2500
4854,02-04-2026,2998,5540,8,80
4855,2026-03-09,667,2650,3,3000
4856,2026-05-01,257,8120,8,1200
4857,2026-01-11,768,2720,9,80
4858,18/05/2026,1679,4530,10,1200
4859,2026-01-26,2452,1160,4,"3000,00"
4860,2026/03/13,431,3060,1,80
4861,2026/06/09,2304,8800,9,150
4862,20-01-2026,1373,180,3,800
4863,22/04/2026,903,8150,8,150
4864,2026-06-19,1031,2390,-5,35
4865,2026/03/23,1370,4070,5,500
4866,2026/02/15,273,8870,6,800
4867,10/04/2026,517,4990,4,35
4868,01/05/2026,113,5870,10,800
4869,2026-04-18,179,6120,2,80
4870,2026/02/25,1539,4140,3,1200
4871,2026-04-12,333,7440,1,150
4872,30/03/2026,2519,9980,6,
4873,2026/01/15,1320,2810,7,2500
4874,11-01-2026,1634,7450,3,3000
4875,2026/02/09,868,230,8,1200
4876,2026/02/15,2400,2180,1,1200
4877,2026-01-08,1030,6580,7,35
4878,20/06/2026,120,6880,3,800
4879,2026-06-05,677,2330,8,1200
4880,02/05/2026,1210,9580,9,1200
4881,2026-02-17,1303,5180,7,35
4882,2026-04-23,2696,9580,6,1200
4883,23/04/2026,1716,8420,2,150
4884,25/04/2026,1187,3960,3,R$ 1200
4885,2026-03-30,2833,5340,4,R$ 1200
4886,21/05/2026,2273,4030,2,800
4887,03/05/2026,1908,3080,7,500
4888,2026/06/18,175,1980,9,3000
4889,15/02/2026,2429,9720,1,2500
4890,2026/05/10,2844,3920,5,150
4891,26/03/2026,225,6810,6,3000
4892,2026-03-17,691,8430,4,800
4893,2026-03-26,3055,4150,2,1200
4894,2026-02-03,394,6930,9,150
4895,09/05/2026,2084,6390,-4,2500
4896,28-01-2026,1139,4480,1,80
4897,31/03/2026,2616,4250,2,1200
4898,2026-02-12,1363,800,5,2500
4899,2026-04-06,2920,6740,10,1200
4900,24/05/2026,902,9420,7,500
4901,2026-02-16,1997,7340,4,80
4902,2026-01-16,1239,6160,1,800
4903,2026-06-25,1464,3690,8,500
4904,2026-06-15,2396,1850,10,80
4905,2026/06/19,372,5630,4,2500
4906,09/03/2026,1120,3670,1,800
4907,2026/05/13,2137,2120,8,1200
4908,2026-03-27,2043,1100,4,"3000,00"
4909,2026-02-06,1325,4020,9,800
4910,19-05-2026,3075,300,7,2500
4911,08/01/2026,2015,5380,1,2500
4912,2026-04-19,3052,3400,9,3000
4913,2026-03-10,1331,3990,4,80
4914,16/05/2026,673,7040,10,150
4915,2026-05-30,2423,8480,-5,80
4916,2026-02-06,845,9810,6,80
4917,15/06/2026,1550,810,9,"800,00"
4918,2026/03/16,3029,3980,3,500
4919,2026/01/01,1952,5110,2,35
4920,2026-02-22,3072,4420,,500
4921,29/04/2026,1276,2460,8,800
4922,2026-03-21,2705,2250,1,500
4923,01/03/2026,2820,8280,5,500
4924,22-04-2026,2071,2420,-3,1200
4925,20/01/2026,1238,7810,10,2500
4926,2026-02-05,482,9340,2,150
4927,04-04-2026,2156,6290,10,150
4928,06/01/2026,590,2740,6,
4929,16/04/2026,340,4690,10,150
4930,2026-03-18,3020,8380,8,1200
4931,2026-04-23,1045,8600,7,3000
4932,2026-06-22,1323,1620,5,1200
4933,20-04-2026,2443,9690,7,800
4934,2026/02/24,152,8200,4,1200
4935,30/03/2026,2051,1390,3,3000
4936,17/02/2026,391,6210,5,R$ 150
4937,2026-01-02,2352,8000,3,35
4938,22-04-2026,3025,6530,8,35
4939,2026/06/09,2471,7280,2,2500
4940,2026-03-10,2812,7290,7,150
4941,2026/03/27,806,750,2,
4942,12-01-2026,265,5510,3,150
4943,2026-04-02,784,440,4,1200
4944,13/01/2026,2265,320,7,80
4945,2026/01/30,164,8860,8,150
4946,2026/04/30,2416,6290,2,3000
4947,2026/01/12,1816,3320,-4,1200
4948,2026/04/20,849,4770,4,80
4949,2026/03/03,1527,550,5,
4950,2026-02-21,1997,8040,1,1200
4951,12-03-2026,2808,9940,10,800
4952,2026/06/12,1867,9190,9,2500
4953,2026/04/12,2804,7500,7,80
4954,2026-05-10,172,60,1,80
4955,2026-04-24,1933,5230,2,35
4956,03/03/2026,831,1960,3,1200
4957,19/06/2026,2926,2290,7,150
4958,06-02-2026,957,7380,6,R$ 35
4959,2026-03-12,2123,4150,9,2500
4960,2026-04-22,2961,6680,-1,1200
4961,01/02/2026,1662,1670,5,3000
4962,03/03/2026,2663,9780,5,80
4963,2026-02-02,2512,6580,4,80
4964,2026-06-29,1538,6930,1,3000
4965,28/03/2026,504,9700,2,500
4966,2026-05-22,889,5030,-5,800
4967,10/04/2026,2715,3280,,500
4968,2026-01-23,1603,7330,5,80
4969,2026-03-21,1025,1650,5,1200
4970,17/01/2026,1939,2560,8,"35,00"
4971,2026-04-19,1746,460,10,R$ 3000
4972,02/05/2026,424,6430,-2,2500
4973,15/06/2026,1385,4290,10,35
4974,2026-01-06,2171,4450,7,35
4975,2026-04-03,511,870,9,150
4976,03-02-2026,2993,180,6,2500
4977,03/04/2026,1073,230,6,500
4978,2026-06-26,563,9810,3,2500
4979,25/01/2026,1756,1230,6,2500
4980,2026-02-25,1400,6760,10,2500
4981,20/06/2026,807,300,10,150
4982,29/03/2026,1086,560,,1200
4983,2026/06/19,2361,7960,7,500
4984,16/03/2026,3046,8780,9,1200
4985,16-03-2026,2338,2460,10,150
4986,11-02-2026,1913,5190,5,35
4987,25/06/2026,870,1410,9,80
4988,2026-01-23,2041,890,8,3000
4989,2026-01-31,1266,450,8,500
4990,2026-05-08,1964,7760,2,3000
4991,17/01/2026,2717,5420,,
4992,04-01-2026,470,2340,3,80
4993,21/05/2026,1146,9380,,80
4994,2026/03/05,2732,5850,6,80
4995,2026/04/30,704,2730,8,2500
4996,2026-03-24,2221,7490,5,2500
4997,2026-01-26,2920,6510,4,500
4998,26/03/2026,1916,3170,1,80
4999,2026/04/29,2917,1220,10,35
5000,2026-02-27,2239,9100,7,1200
5001,21-01-2026,2597,2240,5,1200
5002,12/04/2026,2572,6040,10,500
5003,2026/04/21,1663,9520,10,500
5004,2026/05/18,1602,9700,-2,800
5005,23-01-2026,589,5440,9,35
5006,19/05/2026,297,9070,3,500
5007,2026/05/05,1216,2900,8,800
5008,2026-01-08,1558,1100,2,500
5009,2026-01-17,1606,3340,1,
5010,18-02-2026,2572,6230,5,1200
5011,2026/05/05,1216,2900,8,800
5012,2026-01-23,925,3950,7,35
5013,2026-03-26,1766,2510,4,3000
5014,2026/03/30,1392,2560,1,150
5015,2026-06-16,3000,9190,5,2500
5016,19/05/2026,297,9070,3,500
5017,11-06-2026,1109,3530,6,1200
5018,2026-01-13,1824,9920,7,800
5019,02/05/2026,2931,5080,5,R$ 2500
5020,2026-02-18,1441,4070,2,80
5021,21-01-2026,2597,2240,5,1200
5022,2026-02-17,2140,8070,9,150
5023,02/05/2026,2931,5080,5,R$ 2500
5024,11-02-2026,2812,8170,1,"1200,00"
5025,31-03-2026,1796,6740,5,1200
5026,21-01-2026,2616,2970,10,1200
5027,04-04-2026,144,4490,3,3000
5028,2026-02-23,2795,2870,3,2500
5029,04-04-2026,144,4490,3,3000
5030,2026-02-10,133,9160,8,"150,00"
